geneid,node1,node2,node1_string_id,node2_string_id,experimentally_determined_interaction,database_annotated,automated_textmining,combined_score
381,ARF5,VAMP3,9606.ENSP00000000233,9606.ENSP00000054666,0.092,0.0,0.354,0.428
4074,M6PR,CD4,9606.ENSP00000000412,9606.ENSP00000011653,0.0,0.4,0.057,0.413
4074,M6PR,VAMP3,9606.ENSP00000000412,9606.ENSP00000054666,0.0,0.5,0.214,0.624
2288,FKBP4,PPP5C,9606.ENSP00000001008,9606.ENSP00000012443,0.0,0.4,0.317,0.608
9957,HS3ST1,B4GALT7,9606.ENSP00000002596,9606.ENSP00000029410,0.0,0.0,0.404,0.404
5166,PDK4,CRY1,9606.ENSP00000005178,9606.ENSP00000008527,0.091,0.0,0.382,0.457
55971,BAIAP2L1,VAMP3,9606.ENSP00000005260,9606.ENSP00000054666,0.0,0.4,0.0,0.411
1856,DVL2,GABARAPL2,9606.ENSP00000005340,9606.ENSP00000037243,0.072,0.0,0.438,0.456
1856,DVL2,PSMA4,9606.ENSP00000005340,9606.ENSP00000044462,0.052,0.4,0.0,0.406
1856,DVL2,VAMP3,9606.ENSP00000005340,9606.ENSP00000054666,0.0,0.5,0.051,0.505
79657,RPAP3,PPP5C,9606.ENSP00000005386,9606.ENSP00000012443,0.091,0.54,0.146,0.625
8935,SKAP2,LCP2,9606.ENSP00000005587,9606.ENSP00000046794,0.074,0.0,0.844,0.851
972,CD74,CD4,9606.ENSP00000009530,9606.ENSP00000011653,0.0,0.0,0.586,0.653
972,CD74,LCP2,9606.ENSP00000009530,9606.ENSP00000046794,0.092,0.0,0.422,0.615
972,CD74,MRPS10,9606.ENSP00000009530,9606.ENSP00000053468,0.577,0.0,0.24,0.888
972,CD74,MRPS35,9606.ENSP00000009530,9606.ENSP00000081029,0.762,0.0,0.251,0.827
6856,SYPL1,VAMP3,9606.ENSP00000011473,9606.ENSP00000054666,0.444,0.0,0.241,0.596
920,CD4,LCP2,9606.ENSP00000011653,9606.ENSP00000046794,0.093,0.5,0.704,0.891
920,CD4,TNFRSF17,9606.ENSP00000011653,9606.ENSP00000053243,0.134,0.0,0.447,0.5
920,CD4,VAMP3,9606.ENSP00000011653,9606.ENSP00000054666,0.201,0.5,0.131,0.622
55148,UBR7,RFC2,9606.ENSP00000013070,9606.ENSP00000055077,0.0,0.0,0.398,0.424
2067,ERCC1,MRI1,9606.ENSP00000013807,9606.ENSP00000040663,0.0,0.0,0.06,0.462
2067,ERCC1,RFC2,9606.ENSP00000013807,9606.ENSP00000055077,0.0,0.5,0.255,0.626
64132,XYLT2,B4GALT7,9606.ENSP00000017003,9606.ENSP00000029410,0.0,0.9,0.797,0.979
64132,XYLT2,CHPF2,9606.ENSP00000017003,9606.ENSP00000035307,0.0,0.0,0.417,0.446
9821,RB1CC1,GABARAPL2,9606.ENSP00000025008,9606.ENSP00000037243,0.375,0.0,0.928,0.953
11285,B4GALT7,CHPF2,9606.ENSP00000029410,9606.ENSP00000035307,0.0,0.0,0.582,0.656
55173,MRPS10,MRPS35,9606.ENSP00000053468,9606.ENSP00000081029,0.994,0.8,0.282,0.999
933,CD22,ST6GALNAC1,9606.ENSP00000085219,9606.ENSP00000156626,0.0,0.0,0.444,0.444
933,CD22,ST6GAL1,9606.ENSP00000085219,9606.ENSP00000169298,0.0,0.0,0.535,0.545
3784,KCNQ1,TSPAN32,9606.ENSP00000155840,9606.ENSP00000182290,0.0,0.0,0.574,0.61
27238,GPKOW,GPATCH1,9606.ENSP00000156109,9606.ENSP00000170564,0.0,0.4,0.294,0.625
9716,AQR,RBM22,9606.ENSP00000156471,9606.ENSP00000199814,0.989,0.9,0.288,0.999
51009,DERL2,ERLEC1,9606.ENSP00000158771,9606.ENSP00000185150,0.898,0.5,0.811,0.99
57719,ANO8,CELSR3,9606.ENSP00000159087,9606.ENSP00000164024,0.0,0.0,0.403,0.428
3385,ICAM3,CEACAM1,9606.ENSP00000160262,9606.ENSP00000161559,0.093,0.0,0.446,0.511
3835,KIF22,ZW10,9606.ENSP00000160827,9606.ENSP00000200135,0.073,0.5,0.201,0.608
54929,TMEM161A,TMEM38A,9606.ENSP00000162044,9606.ENSP00000187762,0.0,0.0,0.505,0.509
7132,TNFRSF1A,BCL3,9606.ENSP00000162749,9606.ENSP00000164227,0.0,0.0,0.351,0.51
54700,RRN3,DIMT1,9606.ENSP00000198767,9606.ENSP00000199320,0.0,0.0,0.173,0.66
27102,EIF2AK1,PPP1R15A,9606.ENSP00000199389,9606.ENSP00000200453,0.0,0.5,0.399,0.686
54869,EPS8L1,ANKRD54,9606.ENSP00000201647,9606.ENSP00000215941,0.045,0.0,0.468,0.47
51575,ESF1,TRMT6,9606.ENSP00000202816,9606.ENSP00000203001,0.0,0.0,0.149,0.582
23409,SIRT4,SIRT1,9606.ENSP00000202967,9606.ENSP00000212015,0.0,0.0,0.534,0.624
7384,UQCRC1,DLD,9606.ENSP00000203407,9606.ENSP00000205402,0.243,0.0,0.318,0.831
7384,UQCRC1,ATP5F1D,9606.ENSP00000203407,9606.ENSP00000215375,0.147,0.0,0.665,0.968
7384,UQCRC1,NDUFB7,9606.ENSP00000203407,9606.ENSP00000215565,0.948,0.154,0.469,0.991
7384,UQCRC1,SLC25A1,9606.ENSP00000203407,9606.ENSP00000215882,0.129,0.0,0.229,0.426
10081,PDCD7,SNRPD3,9606.ENSP00000204549,9606.ENSP00000215829,0.467,0.72,0.044,0.845
132949,AASDH,SMIM24,9606.ENSP00000205214,9606.ENSP00000215531,0.0,0.312,0.353,0.545
1738,DLD,ATP5F1D,9606.ENSP00000205402,9606.ENSP00000215375,0.097,0.0,0.157,0.447
9552,SPAG7,KLHL20,9606.ENSP00000206020,9606.ENSP00000209884,0.44,0.0,0.0,0.44
55632,G2E3,CBX5,9606.ENSP00000206595,9606.ENSP00000209875,0.128,0.0,0.376,0.437
990,CDC6,PSMD5,9606.ENSP00000209728,9606.ENSP00000210313,0.0,0.4,0.0,0.442
990,CDC6,PSMD8,9606.ENSP00000209728,9606.ENSP00000215071,0.0,0.4,0.06,0.416
990,CDC6,CENPM,9606.ENSP00000209728,9606.ENSP00000215980,0.0,0.0,0.197,0.479
8086,AAAS,SNRPD3,9606.ENSP00000209873,9606.ENSP00000215829,0.0,0.4,0.0,0.453
23468,CBX5,SIRT1,9606.ENSP00000209875,9606.ENSP00000212015,0.102,0.0,0.633,0.656
1725,DHPS,MAPK1,9606.ENSP00000210060,9606.ENSP00000215832,0.601,0.0,0.083,0.62
5711,PSMD5,PSMD8,9606.ENSP00000210313,9606.ENSP00000215071,0.994,0.72,0.67,0.999
5603,MAPK13,MAPK1,9606.ENSP00000211287,9606.ENSP00000215832,0.0,0.9,0.083,0.907
28978,TMEM14A,USP18,9606.ENSP00000211314,9606.ENSP00000215794,0.456,0.0,0.0,0.456
7414,VCL,MAPK1,9606.ENSP00000211998,9606.ENSP00000215832,0.074,0.5,0.557,0.786
5714,PSMD8,SNRPD3,9606.ENSP00000215071,9606.ENSP00000215829,0.0,0.0,0.127,0.48
513,ATP5F1D,NDUFB7,9606.ENSP00000215375,9606.ENSP00000215565,0.127,0.0,0.501,0.97
4713,NDUFB7,TIMM13,9606.ENSP00000215565,9606.ENSP00000215570,0.0,0.0,0.466,0.628
9342,SNAP29,THAP7,9606.ENSP00000215730,9606.ENSP00000215742,0.0,0.0,0.588,0.606
10291,SF3A1,SNRPD3,9606.ENSP00000215793,9606.ENSP00000215829,0.921,0.9,0.377,0.995
3957,LGALS2,LGALS1,9606.ENSP00000215886,9606.ENSP00000215909,0.0,0.54,0.301,0.674
57168,ASPHD2,SRRD,9606.ENSP00000215906,9606.ENSP00000215917,0.0,0.0,0.636,0.636
150274,HSCB,NIPSNAP1,9606.ENSP00000216027,9606.ENSP00000216121,0.407,0.0,0.0,0.416
150274,HSCB,ACO2,9606.ENSP00000216027,9606.ENSP00000216254,0.292,0.5,0.445,0.787
56993,TOMM22,TXN2,9606.ENSP00000216034,9606.ENSP00000216185,0.237,0.0,0.063,0.51
56993,TOMM22,ACO2,9606.ENSP00000216034,9606.ENSP00000216254,0.0,0.4,0.259,0.58
7494,XBP1,RTCB,9606.ENSP00000216037,9606.ENSP00000216038,0.0,0.0,0.715,0.717
7494,XBP1,HMOX1,9606.ENSP00000216037,9606.ENSP00000216117,0.0,0.0,0.447,0.447
7494,XBP1,NFKBIA,9606.ENSP00000216037,9606.ENSP00000216797,0.0,0.0,0.379,0.434
51493,RTCB,PSMA3,9606.ENSP00000216038,9606.ENSP00000216455,0.0,0.0,0.0,0.407
25807,RHBDD3,FAM118A,9606.ENSP00000216085,9606.ENSP00000216214,0.088,0.0,0.479,0.508
10042,HMGXB4,HMOX1,9606.ENSP00000216106,9606.ENSP00000216117,0.0,0.0,0.425,0.521
10042,HMGXB4,MCM5,9606.ENSP00000216106,9606.ENSP00000216122,0.0,0.0,0.862,0.866
3162,HMOX1,MCM5,9606.ENSP00000216117,9606.ENSP00000216122,0.0,0.0,0.352,0.415
3162,HMOX1,TXN2,9606.ENSP00000216117,9606.ENSP00000216185,0.0,0.0,0.61,0.61
3162,HMOX1,RBX1,9606.ENSP00000216117,9606.ENSP00000216225,0.0,0.0,0.452,0.454
3162,HMOX1,PAPOLA,9606.ENSP00000216117,9606.ENSP00000216277,0.0,0.0,0.606,0.608
3162,HMOX1,NFKBIA,9606.ENSP00000216117,9606.ENSP00000216797,0.0,0.0,0.669,0.675
4174,MCM5,RBX1,9606.ENSP00000216122,9606.ENSP00000216225,0.8,0.0,0.203,0.836
4174,MCM5,SUPT16H,9606.ENSP00000216122,9606.ENSP00000216297,0.273,0.0,0.184,0.506
4174,MCM5,POLE2,9606.ENSP00000216122,9606.ENSP00000216367,0.987,0.5,0.579,0.998
4174,MCM5,CINP,9606.ENSP00000216122,9606.ENSP00000216756,0.133,0.0,0.512,0.559
4174,MCM5,AURKA,9606.ENSP00000216122,9606.ENSP00000216911,0.0,0.0,0.393,0.603
4174,MCM5,MYBL2,9606.ENSP00000216122,9606.ENSP00000217026,0.0,0.0,0.281,0.579
23492,CBX7,L3MBTL2,9606.ENSP00000216133,9606.ENSP00000216237,0.116,0.0,0.368,0.427
164633,CABP7,PVALB,9606.ENSP00000216144,9606.ENSP00000216200,0.0,0.0,0.391,0.405
10454,TAB1,NFKBIA,9606.ENSP00000216160,9606.ENSP00000216797,0.091,0.5,0.591,0.801
4627,MYH9,IL2RB,9606.ENSP00000216181,9606.ENSP00000216223,0.0,0.0,0.431,0.443
4627,MYH9,PMM1,9606.ENSP00000216181,9606.ENSP00000216259,0.0,0.0,0.423,0.425
25828,TXN2,RBX1,9606.ENSP00000216185,9606.ENSP00000216225,0.0,0.0,0.379,0.407
25828,TXN2,ACO2,9606.ENSP00000216185,9606.ENSP00000216254,0.0,0.116,0.352,0.594
25828,TXN2,APEX1,9606.ENSP00000216185,9606.ENSP00000216714,0.0,0.0,0.37,0.427
8664,EIF3D,EIF5,9606.ENSP00000216190,9606.ENSP00000216554,0.652,0.9,0.929,0.997
6767,ST13,AHSA1,9606.ENSP00000216218,9606.ENSP00000216479,0.0,0.0,0.387,0.427
3560,IL2RB,GZMH,9606.ENSP00000216223,9606.ENSP00000216338,0.0,0.0,0.25,0.571
3560,IL2RB,GZMB,9606.ENSP00000216223,9606.ENSP00000216341,0.0,0.0,0.597,0.907
3560,IL2RB,SOS2,9606.ENSP00000216223,9606.ENSP00000216373,0.0,0.5,0.045,0.503
9978,RBX1,PHF5A,9606.ENSP00000216225,9606.ENSP00000216252,0.0,0.0,0.143,0.433
9978,RBX1,POLE2,9606.ENSP00000216225,9606.ENSP00000216367,0.8,0.5,0.138,0.907
9978,RBX1,PSMA3,9606.ENSP00000216225,9606.ENSP00000216455,0.0,0.5,0.077,0.667
9978,RBX1,NFKBIA,9606.ENSP00000216225,9606.ENSP00000216797,0.81,0.9,0.371,0.987
9978,RBX1,PSME2,9606.ENSP00000216225,9606.ENSP00000216802,0.0,0.5,0.064,0.54
9978,RBX1,AURKA,9606.ENSP00000216225,9606.ENSP00000216911,0.0,0.5,0.222,0.596
83746,L3MBTL2,CHADL,9606.ENSP00000216237,9606.ENSP00000216241,0.0,0.0,0.397,0.401
83746,L3MBTL2,ZFP64,9606.ENSP00000216237,9606.ENSP00000216923,0.278,0.0,0.065,0.456
50,ACO2,PYGL,9606.ENSP00000216254,9606.ENSP00000216392,0.0,0.0,0.413,0.443
50,ACO2,PCK2,9606.ENSP00000216254,9606.ENSP00000216780,0.0,0.0,0.525,0.556
50,ACO2,PSME2,9606.ENSP00000216254,9606.ENSP00000216802,0.0,0.0,0.391,0.409
50,ACO2,PYGB,9606.ENSP00000216254,9606.ENSP00000216962,0.0,0.0,0.414,0.487
64781,CERK,PLEK2,9606.ENSP00000216264,9606.ENSP00000216446,0.0,0.0,0.54,0.54
64781,CERK,SPTLC2,9606.ENSP00000216264,9606.ENSP00000216484,0.057,0.0,0.785,0.792
11035,RIPK3,PYGL,9606.ENSP00000216274,9606.ENSP00000216392,0.215,0.9,0.603,0.966
11035,RIPK3,NFKBIA,9606.ENSP00000216274,9606.ENSP00000216797,0.095,0.5,0.41,0.717
11035,RIPK3,PYGB,9606.ENSP00000216274,9606.ENSP00000216962,0.074,0.9,0.576,0.957
10914,PAPOLA,PABPN1,9606.ENSP00000216277,9606.ENSP00000216727,0.305,0.8,0.94,0.991
10914,PAPOLA,CSTF1,9606.ENSP00000216277,9606.ENSP00000217109,0.0,0.5,0.785,0.889
11198,SUPT16H,CINP,9606.ENSP00000216297,9606.ENSP00000216756,0.822,0.0,0.299,0.877
2287,FKBP3,PSMA3,9606.ENSP00000216330,9606.ENSP00000216455,0.046,0.0,0.135,0.527
2999,GZMH,GZMB,9606.ENSP00000216338,9606.ENSP00000216341,0.0,0.0,0.065,0.847
3002,GZMB,SOS2,9606.ENSP00000216341,9606.ENSP00000216373,0.0,0.0,0.527,0.536
5427,POLE2,APEX1,9606.ENSP00000216367,9606.ENSP00000216714,0.0,0.5,0.194,0.612
5427,POLE2,AURKA,9606.ENSP00000216367,9606.ENSP00000216911,0.0,0.0,0.233,0.407
6655,SOS2,PLEK2,9606.ENSP00000216373,9606.ENSP00000216446,0.0,0.0,0.447,0.447
5836,PYGL,PCK2,9606.ENSP00000216392,9606.ENSP00000216780,0.0,0.0,0.53,0.564
5836,PYGL,PYGB,9606.ENSP00000216392,9606.ENSP00000216962,0.837,0.9,0.077,0.984
10175,CNIH1,CGRRF1,9606.ENSP00000216416,9606.ENSP00000216420,0.0,0.0,0.507,0.544
5684,PSMA3,PABPN1,9606.ENSP00000216455,9606.ENSP00000216727,0.067,0.0,0.0,0.419
5684,PSMA3,NFKBIA,9606.ENSP00000216455,9606.ENSP00000216797,0.086,0.4,0.08,0.456
5684,PSMA3,PSME2,9606.ENSP00000216455,9606.ENSP00000216802,0.976,0.0,0.477,0.992
5684,PSMA3,AURKA,9606.ENSP00000216455,9606.ENSP00000216911,0.0,0.4,0.0,0.413
8106,PABPN1,CSTF1,9606.ENSP00000216727,9606.ENSP00000217109,0.0,0.5,0.647,0.886
5106,PCK2,PYGB,9606.ENSP00000216780,9606.ENSP00000216962,0.0,0.0,0.506,0.54
4792,NFKBIA,PSME2,9606.ENSP00000216797,9606.ENSP00000216802,0.0,0.4,0.15,0.53
4792,NFKBIA,AURKA,9606.ENSP00000216797,9606.ENSP00000216911,0.292,0.0,0.187,0.413
5721,PSME2,AURKA,9606.ENSP00000216802,9606.ENSP00000216911,0.0,0.4,0.0,0.413
6790,AURKA,MYBL2,9606.ENSP00000216911,9606.ENSP00000217026,0.051,0.0,0.742,0.84
6790,AURKA,CSTF1,9606.ENSP00000216911,9606.ENSP00000217109,0.0,0.0,0.521,0.6
7165,TPD52L2,GABPB1,9606.ENSP00000217121,9606.ENSP00000220429,0.822,0.0,0.0,0.822
1522,CTSZ,TUBB1,9606.ENSP00000217131,9606.ENSP00000217133,0.057,0.0,0.741,0.749
1522,CTSZ,CTSH,9606.ENSP00000217131,9606.ENSP00000220166,0.085,0.0,0.402,0.509
81027,TUBB1,CHMP4B,9606.ENSP00000217133,9606.ENSP00000217402,0.0,0.5,0.0,0.499
1457,CSNK2A1,MAZ,9606.ENSP00000217244,9606.ENSP00000219782,0.33,0.0,0.098,0.406
51654,CDK5RAP1,SNTA1,9606.ENSP00000217372,9606.ENSP00000217381,0.0,0.0,0.091,0.534
51654,CDK5RAP1,APMAP,9606.ENSP00000217372,9606.ENSP00000217456,0.0,0.0,0.279,0.405
191,AHCY,APMAP,9606.ENSP00000217426,9606.ENSP00000217456,0.0,0.0,0.122,0.438
10005,ACOT8,DECR2,9606.ENSP00000217455,9606.ENSP00000219481,0.0,0.0,0.439,0.478
57136,APMAP,NTHL1,9606.ENSP00000217456,9606.ENSP00000219066,0.0,0.0,0.349,0.406
57136,APMAP,POLR2C,9606.ENSP00000217456,9606.ENSP00000219252,0.0,0.0,0.281,0.741
9352,TXNL1,PSMD7,9606.ENSP00000217515,9606.ENSP00000219313,0.349,0.0,0.11,0.611
3421,IDH3G,CMC2,9606.ENSP00000217901,9606.ENSP00000219400,0.0,0.5,0.048,0.51
5716,PSMD10,PSMD7,9606.ENSP00000217958,9606.ENSP00000219313,0.99,0.0,0.571,0.996
412,STS,POLR2C,9606.ENSP00000217961,9606.ENSP00000219252,0.372,0.0,0.085,0.409
55916,NXT2,NUTF2,9606.ENSP00000218004,9606.ENSP00000219169,0.0,0.54,0.878,0.945
55916,NXT2,CMC2,9606.ENSP00000218004,9606.ENSP00000219400,0.0,0.0,0.591,0.594
6102,RP2,NME3,9606.ENSP00000218340,9606.ENSP00000219302,0.0,0.0,0.626,0.626
6102,RP2,NME4,9606.ENSP00000218340,9606.ENSP00000219479,0.0,0.0,0.582,0.582
54,ACP5,PLA2G15,9606.ENSP00000218758,9606.ENSP00000219345,0.0,0.0,0.386,0.403
4913,NTHL1,MPG,9606.ENSP00000219066,9606.ENSP00000219431,0.0,0.0,0.767,0.806
4913,NTHL1,TSC2,9606.ENSP00000219066,9606.ENSP00000219476,0.0,0.0,0.683,0.688
10127,ZNF263,MEFV,9606.ENSP00000219069,9606.ENSP00000219596,0.065,0.0,0.479,0.498
23594,ORC6,CMC2,9606.ENSP00000219097,9606.ENSP00000219400,0.0,0.0,0.384,0.474
11151,CORO1A,CDIPT,9606.ENSP00000219150,9606.ENSP00000219789,0.0,0.0,0.399,0.46
51090,PLLP,FA2H,9606.ENSP00000219207,9606.ENSP00000219368,0.0,0.0,0.42,0.502
1723,DHODH,MTFMT,9606.ENSP00000219240,9606.ENSP00000220058,0.0,0.0,0.302,0.474
5432,POLR2C,AGO2,9606.ENSP00000219252,9606.ENSP00000220592,0.072,0.5,0.138,0.568
4832,NME3,NME4,9606.ENSP00000219302,9606.ENSP00000219479,0.471,0.9,0.083,0.949
55512,SMPD3,AGO2,9606.ENSP00000219334,9606.ENSP00000220592,0.0,0.0,0.448,0.448
4350,MPG,VPS18,9606.ENSP00000219431,9606.ENSP00000220509,0.0,0.0,0.83,0.831
10273,STUB1,AGO2,9606.ENSP00000219548,9606.ENSP00000220592,0.36,0.0,0.201,0.468
4150,MAZ,CDIPT,9606.ENSP00000219782,9606.ENSP00000219789,0.0,0.0,0.36,0.402
1445,CSK,PAG1,9606.ENSP00000220003,9606.ENSP00000220597,0.912,0.9,0.994,0.999
55290,BRF2,SNAPC2,9606.ENSP00000220659,9606.ENSP00000221573,0.0,0.5,0.404,0.702
79752,ZFAND1,EIF3E,9606.ENSP00000220669,9606.ENSP00000220849,0.0,0.0,0.145,0.4
8767,RIPK2,RELB,9606.ENSP00000220751,9606.ENSP00000221452,0.098,0.0,0.428,0.529
1666,DECR1,ECH1,9606.ENSP00000220764,9606.ENSP00000221418,0.099,0.145,0.493,0.656
3646,EIF3E,RPL18A,9606.ENSP00000220849,9606.ENSP00000222247,0.0,0.0,0.197,0.594
2936,GSR,GAPDHS,9606.ENSP00000221130,9606.ENSP00000222286,0.0,0.0,0.38,0.429
56915,EXOSC5,RNASEH2A,9606.ENSP00000221233,9606.ENSP00000221486,0.0,0.0,0.313,0.471
56915,EXOSC5,FBL,9606.ENSP00000221233,9606.ENSP00000221801,0.429,0.4,0.278,0.789
54623,PAF1,POLR2I,9606.ENSP00000221265,9606.ENSP00000221859,0.896,0.0,0.072,0.906
1891,ECH1,HNRNPL,9606.ENSP00000221418,9606.ENSP00000221419,0.292,0.0,0.071,0.414
5971,RELB,CLASRP,9606.ENSP00000221452,9606.ENSP00000221455,0.0,0.0,0.087,0.474
5971,RELB,TGFB1,9606.ENSP00000221452,9606.ENSP00000221930,0.045,0.0,0.595,0.653
11129,CLASRP,CCDC9,9606.ENSP00000221455,9606.ENSP00000221922,0.0,0.0,0.245,0.483
64130,LIN7B,RAB3A,9606.ENSP00000221459,9606.ENSP00000222256,0.0,0.5,0.129,0.576
10535,RNASEH2A,DNASE2,9606.ENSP00000221486,9606.ENSP00000222219,0.0,0.0,0.481,0.489
56729,RETN,HGF,9606.ENSP00000221515,9606.ENSP00000222390,0.0,0.0,0.378,0.401
56729,RETN,NAMPT,9606.ENSP00000221515,9606.ENSP00000222553,0.0,0.0,0.915,0.916
6449,SGTA,CDC37,9606.ENSP00000221566,9606.ENSP00000222005,0.126,0.0,0.564,0.672
2091,FBL,RPL18A,9606.ENSP00000221801,9606.ENSP00000222247,0.321,0.0,0.211,0.776
2091,FBL,ABCF2,9606.ENSP00000221801,9606.ENSP00000222388,0.0,0.0,0.093,0.418
1155,TBCB,POLR2I,9606.ENSP00000221855,9606.ENSP00000221859,0.0,0.0,0.204,0.414
7040,TGFB1,CD79A,9606.ENSP00000221930,9606.ENSP00000221972,0.0,0.0,0.51,0.532
7040,TGFB1,HGF,9606.ENSP00000221930,9606.ENSP00000222390,0.0,0.4,0.871,0.921
973,CD79A,NKG7,9606.ENSP00000221972,9606.ENSP00000221978,0.074,0.0,0.583,0.673
10567,RABAC1,RAB3A,9606.ENSP00000222008,9606.ENSP00000222256,0.236,0.0,0.624,0.7
10567,RABAC1,TMEM147,9606.ENSP00000222008,9606.ENSP00000222284,0.0,0.0,0.291,0.411
84518,CNFN,ZNF574,9606.ENSP00000222032,9606.ENSP00000222339,0.102,0.0,0.548,0.596
6142,RPL18A,TMEM147,9606.ENSP00000222247,9606.ENSP00000222284,0.816,0.0,0.0,0.823
6142,RPL18A,ABCF2,9606.ENSP00000222247,9606.ENSP00000222388,0.392,0.0,0.082,0.511
27106,ARRDC2,RAB3A,9606.ENSP00000222250,9606.ENSP00000222256,0.0,0.0,0.425,0.425
5296,PIK3R2,HGF,9606.ENSP00000222254,9606.ENSP00000222390,0.0,0.4,0.136,0.459
7392,USF2,GSK3A,9606.ENSP00000222305,9606.ENSP00000222330,0.054,0.0,0.051,0.475
221830,TWISTNB,ABHD11,9606.ENSP00000222567,9606.ENSP00000222800,0.0,0.0,0.381,0.407
221830,TWISTNB,RBM28,9606.ENSP00000222567,9606.ENSP00000223073,0.0,0.0,0.095,0.834
221830,TWISTNB,RPA3,9606.ENSP00000222567,9606.ENSP00000223129,0.0,0.0,0.911,0.916
221830,TWISTNB,UTP18,9606.ENSP00000222567,9606.ENSP00000225298,0.0,0.0,0.24,0.692
55033,FKBP14,AEBP1,9606.ENSP00000222803,9606.ENSP00000223357,0.0,0.0,0.447,0.454
6804,STX1A,YKT6,9606.ENSP00000222812,9606.ENSP00000223369,0.296,0.54,0.524,0.834
6804,STX1A,CLIP2,9606.ENSP00000222812,9606.ENSP00000223398,0.0,0.0,0.703,0.715
6804,STX1A,SEC61B,9606.ENSP00000222812,9606.ENSP00000223641,0.0,0.5,0.097,0.529
6804,STX1A,GOSR1,9606.ENSP00000222812,9606.ENSP00000225724,0.091,0.54,0.286,0.675
8976,WASL,PFN1,9606.ENSP00000223023,9606.ENSP00000225655,0.619,0.0,0.91,0.965
5118,PCOLCE,PLOD3,9606.ENSP00000223061,9606.ENSP00000223127,0.0,0.0,0.347,0.408
5118,PCOLCE,AEBP1,9606.ENSP00000223061,9606.ENSP00000223357,0.0,0.0,0.302,0.5
55131,RBM28,UTP18,9606.ENSP00000223073,9606.ENSP00000225298,0.0,0.4,0.077,0.898
55131,RBM28,DDX5,9606.ENSP00000223073,9606.ENSP00000225792,0.129,0.0,0.102,0.422
5054,SERPINE1,MPO,9606.ENSP00000223095,9606.ENSP00000225275,0.0,0.0,0.68,0.685
6119,RPA3,STN1,9606.ENSP00000223129,9606.ENSP00000224950,0.296,0.0,0.996,0.997
51024,FIS1,PPIF,9606.ENSP00000223136,9606.ENSP00000225174,0.045,0.0,0.544,0.552
95681,CEP41,MEST,9606.ENSP00000223208,9606.ENSP00000223215,0.0,0.0,0.874,0.877
5683,PSMA2,RPL19,9606.ENSP00000223321,9606.ENSP00000225430,0.0,0.0,0.169,0.414
5683,PSMA2,SHPK,9606.ENSP00000223321,9606.ENSP00000225519,0.312,0.0,0.115,0.412
10652,YKT6,PFN1,9606.ENSP00000223369,9606.ENSP00000225655,0.0,0.0,0.764,0.774
10652,YKT6,GOSR1,9606.ENSP00000223369,9606.ENSP00000225724,0.974,0.54,0.993,0.999
10952,SEC61B,RPL19,9606.ENSP00000223641,9606.ENSP00000225430,0.972,0.0,0.07,0.981
10952,SEC61B,CCDC47,9606.ENSP00000223641,9606.ENSP00000225726,0.849,0.0,0.0,0.85
727,C5,PPIF,9606.ENSP00000223642,9606.ENSP00000225174,0.0,0.9,0.0,0.901
8721,EDF1,RPL19,9606.ENSP00000224073,9606.ENSP00000225430,0.862,0.0,0.0,0.908
23064,SETX,SUPT4H1,9606.ENSP00000224140,9606.ENSP00000225504,0.088,0.0,0.73,0.749
23064,SETX,PFN1,9606.ENSP00000224140,9606.ENSP00000225655,0.0,0.0,0.53,0.531
23064,SETX,DDX5,9606.ENSP00000224140,9606.ENSP00000225792,0.091,0.0,0.63,0.681
59,ACTA2,PFN1,9606.ENSP00000224784,9606.ENSP00000225655,0.331,0.0,0.191,0.449
81855,SFXN3,P2RX1,9606.ENSP00000224807,9606.ENSP00000225538,0.0,0.0,0.385,0.411
10105,PPIF,C1QBP,9606.ENSP00000225174,9606.ENSP00000225698,0.338,0.0,0.169,0.489
4353,MPO,GALK1,9606.ENSP00000225275,9606.ENSP00000225614,0.0,0.0,0.423,0.423
56919,DHX33,UTP18,9606.ENSP00000225296,9606.ENSP00000225298,0.514,0.0,0.1,0.679
56919,DHX33,DDX5,9606.ENSP00000225296,9606.ENSP00000225792,0.122,0.0,0.312,0.427
5026,P2RX5,TAX1BP3,9606.ENSP00000225328,9606.ENSP00000225525,0.0,0.0,0.517,0.517
5026,P2RX5,P2RX1,9606.ENSP00000225328,9606.ENSP00000225538,0.0,0.9,0.815,0.982
57532,NUFIP2,RPL19,9606.ENSP00000225388,9606.ENSP00000225430,0.196,0.72,0.047,0.773
6143,RPL19,CCDC47,9606.ENSP00000225430,9606.ENSP00000225726,0.816,0.0,0.0,0.817
6143,RPL19,DRG2,9606.ENSP00000225430,9606.ENSP00000225729,0.429,0.0,0.042,0.662
6143,RPL19,DDX5,9606.ENSP00000225430,9606.ENSP00000225792,0.359,0.0,0.161,0.501
6347,CCL2,CD38,9606.ENSP00000225831,9606.ENSP00000226279,0.0,0.0,0.468,0.486
6347,CCL2,PF4V1,9606.ENSP00000225831,9606.ENSP00000226524,0.0,0.0,0.401,0.401
6347,CCL2,NFKB1,9606.ENSP00000225831,9606.ENSP00000226574,0.0,0.9,0.811,0.982
6347,CCL2,SPI1,9606.ENSP00000225831,9606.ENSP00000227163,0.0,0.0,0.402,0.43
6347,CCL2,CCND1,9606.ENSP00000225831,9606.ENSP00000227507,0.0,0.0,0.64,0.648
6347,CCL2,IL10RA,9606.ENSP00000225831,9606.ENSP00000227752,0.0,0.0,0.419,0.468
6347,CCL2,CD69,9606.ENSP00000225831,9606.ENSP00000228434,0.0,0.0,0.523,0.565
6347,CCL2,SELPLG,9606.ENSP00000225831,9606.ENSP00000228463,0.0,0.0,0.447,0.447
6347,CCL2,IFNG,9606.ENSP00000225831,9606.ENSP00000229135,0.0,0.0,0.926,0.938
2648,KAT2A,HDAC5,9606.ENSP00000225916,9606.ENSP00000225983,0.157,0.5,0.389,0.729
2648,KAT2A,CCND1,9606.ENSP00000225916,9606.ENSP00000227507,0.0,0.5,0.353,0.665
4669,NAGLU,HSD17B1,9606.ENSP00000225927,9606.ENSP00000225929,0.0,0.0,0.763,0.764
51225,ABI3,SPI1,9606.ENSP00000225941,9606.ENSP00000227163,0.0,0.0,0.342,0.481
51264,MRPL27,POLR3B,9606.ENSP00000225969,9606.ENSP00000228347,0.401,0.0,0.315,0.746
51264,MRPL27,MRPL51,9606.ENSP00000225969,9606.ENSP00000229238,0.897,0.0,0.0,0.942
10014,HDAC5,NFKB1,9606.ENSP00000225983,9606.ENSP00000226574,0.331,0.0,0.245,0.477
10014,HDAC5,LTBR,9606.ENSP00000225983,9606.ENSP00000228918,0.405,0.0,0.085,0.456
7126,TNFAIP1,KCTD10,9606.ENSP00000226225,9606.ENSP00000228495,0.873,0.72,0.059,0.975
952,CD38,NFKB1,9606.ENSP00000226279,9606.ENSP00000226574,0.0,0.0,0.403,0.447
952,CD38,SPI1,9606.ENSP00000226279,9606.ENSP00000227163,0.0,0.0,0.375,0.412
952,CD38,CCND1,9606.ENSP00000226279,9606.ENSP00000227507,0.0,0.0,0.446,0.446
952,CD38,CD69,9606.ENSP00000226279,9606.ENSP00000228434,0.0,0.0,0.778,0.815
952,CD38,SELPLG,9606.ENSP00000226279,9606.ENSP00000228463,0.0,0.0,0.683,0.696
952,CD38,GPRC5D,9606.ENSP00000226279,9606.ENSP00000228887,0.0,0.0,0.553,0.56
952,CD38,IFNG,9606.ENSP00000226279,9606.ENSP00000229135,0.0,0.0,0.729,0.779
51056,LAP3,OAS3,9606.ENSP00000226299,9606.ENSP00000228928,0.0,0.0,0.0,0.623
51056,LAP3,TPI1,9606.ENSP00000226299,9606.ENSP00000229270,0.134,0.0,0.315,0.412
5197,PF4V1,SELPLG,9606.ENSP00000226524,9606.ENSP00000228463,0.0,0.0,0.446,0.458
5197,PF4V1,IFNG,9606.ENSP00000226524,9606.ENSP00000229135,0.0,0.0,0.406,0.406
5197,PF4V1,ACRBP,9606.ENSP00000226524,9606.ENSP00000229243,0.0,0.0,0.0,0.404
4790,NFKB1,CD82,9606.ENSP00000226574,9606.ENSP00000227155,0.407,0.0,0.455,0.683
4790,NFKB1,SPI1,9606.ENSP00000226574,9606.ENSP00000227163,0.0,0.0,0.685,0.693
4790,NFKB1,CCND1,9606.ENSP00000226574,9606.ENSP00000227507,0.0,0.0,0.661,0.668
4790,NFKB1,IL10RA,9606.ENSP00000226574,9606.ENSP00000227752,0.218,0.0,0.358,0.539
4790,NFKB1,CD69,9606.ENSP00000226574,9606.ENSP00000228434,0.048,0.0,0.38,0.435
4790,NFKB1,CYP27B1,9606.ENSP00000226574,9606.ENSP00000228606,0.301,0.0,0.294,0.497
4790,NFKB1,CDKN1B,9606.ENSP00000226574,9606.ENSP00000228872,0.049,0.0,0.412,0.443
4790,NFKB1,LTBR,9606.ENSP00000226574,9606.ENSP00000228918,0.0,0.0,0.688,0.696
4790,NFKB1,IFNG,9606.ENSP00000226574,9606.ENSP00000229135,0.0,0.0,0.929,0.932
54433,GAR1,ZPR1,9606.ENSP00000226796,9606.ENSP00000227322,0.0,0.0,0.388,0.455
54433,GAR1,POLR3B,9606.ENSP00000226796,9606.ENSP00000228347,0.099,0.0,0.166,0.437
2483,FRG1,PRPF19,9606.ENSP00000226798,9606.ENSP00000227524,0.817,0.0,0.0,0.82
6688,SPI1,IL10RA,9606.ENSP00000227163,9606.ENSP00000227752,0.0,0.0,0.2,0.484
6688,SPI1,IFNG,9606.ENSP00000227163,9606.ENSP00000229135,0.0,0.0,0.575,0.586
56253,CRTAM,CD69,9606.ENSP00000227348,9606.ENSP00000228434,0.0,0.0,0.322,0.412
56253,CRTAM,IFNG,9606.ENSP00000227348,9606.ENSP00000229135,0.0,0.0,0.348,0.502
83480,PUS3,POLR3B,9606.ENSP00000227474,9606.ENSP00000228347,0.0,0.0,0.204,0.433
83480,PUS3,KRR1,9606.ENSP00000227474,9606.ENSP00000229214,0.071,0.0,0.0,0.429
595,CCND1,YBX3,9606.ENSP00000227507,9606.ENSP00000228251,0.0,0.9,0.626,0.961
595,CCND1,GLI1,9606.ENSP00000227507,9606.ENSP00000228682,0.0,0.0,0.633,0.633
595,CCND1,CDKN1B,9606.ENSP00000227507,9606.ENSP00000228872,0.991,0.9,0.992,0.999
595,CCND1,IFNG,9606.ENSP00000227507,9606.ENSP00000229135,0.0,0.0,0.488,0.488
595,CCND1,USP5,9606.ENSP00000227507,9606.ENSP00000229268,0.51,0.0,0.2,0.6
3587,IL10RA,CD69,9606.ENSP00000227752,9606.ENSP00000228434,0.0,0.0,0.322,0.484
3587,IL10RA,SELPLG,9606.ENSP00000227752,9606.ENSP00000228463,0.0,0.0,0.212,0.427
3587,IL10RA,IL23A,9606.ENSP00000227752,9606.ENSP00000228534,0.0,0.65,0.274,0.786
3587,IL10RA,IFNG,9606.ENSP00000227752,9606.ENSP00000229135,0.0,0.65,0.748,0.912
8050,PDHX,TPI1,9606.ENSP00000227868,9606.ENSP00000229270,0.0,0.0,0.375,0.426
10944,C11orf58,CNOT2,9606.ENSP00000228136,9606.ENSP00000229195,0.0,0.0,0.047,0.455
55703,POLR3B,PRDM4,9606.ENSP00000228347,9606.ENSP00000228437,0.088,0.0,0.394,0.474
969,CD69,SELPLG,9606.ENSP00000228434,9606.ENSP00000228463,0.101,0.0,0.358,0.465
969,CD69,IFNG,9606.ENSP00000228434,9606.ENSP00000229135,0.0,0.0,0.889,0.912
6404,SELPLG,IFNG,9606.ENSP00000228463,9606.ENSP00000229135,0.0,0.0,0.603,0.61
4598,MVK,TPI1,9606.ENSP00000228510,9606.ENSP00000229270,0.0,0.0,0.423,0.43
51561,IL23A,IFNG,9606.ENSP00000228534,9606.ENSP00000229135,0.0,0.0,0.696,0.73
7421,CYP27B1,IFNG,9606.ENSP00000228606,9606.ENSP00000229135,0.0,0.0,0.447,0.447
10566,AKAP3,ACRBP,9606.ENSP00000228850,9606.ENSP00000229243,0.0,0.0,0.518,0.518
10566,AKAP3,TPI1,9606.ENSP00000228850,9606.ENSP00000229270,0.0,0.0,0.436,0.436
1389,CREBL2,CDKN1B,9606.ENSP00000228865,9606.ENSP00000228872,0.0,0.0,0.588,0.597
4055,LTBR,IFNG,9606.ENSP00000228918,9606.ENSP00000229135,0.0,0.0,0.493,0.493
4940,OAS3,IFNG,9606.ENSP00000228928,9606.ENSP00000229135,0.0,0.0,0.42,0.429
8078,USP5,TPI1,9606.ENSP00000229268,9606.ENSP00000229270,0.0,0.0,0.581,0.672
51026,GOLT1B,BNIP1,9606.ENSP00000229314,9606.ENSP00000231668,0.421,0.0,0.055,0.454
51026,GOLT1B,UMPS,9606.ENSP00000229314,9606.ENSP00000232607,0.0,0.673,0.315,0.957
8683,SRSF9,NUP155,9606.ENSP00000229390,9606.ENSP00000231498,0.05,0.4,0.053,0.45
8683,SRSF9,DAZAP1,9606.ENSP00000229390,9606.ENSP00000233078,0.189,0.0,0.375,0.483
3820,KLRB1,GZMK,9606.ENSP00000229402,9606.ENSP00000231009,0.046,0.0,0.694,0.931
84830,ADTRP,TFPI,9606.ENSP00000229583,9606.ENSP00000233156,0.0,0.0,0.519,0.523
26271,FBXO5,FANCE,9606.ENSP00000229758,9606.ENSP00000229769,0.406,0.0,0.166,0.565
26271,FBXO5,GMNN,9606.ENSP00000229758,9606.ENSP00000230056,0.292,0.0,0.731,0.867
26271,FBXO5,SKP1,9606.ENSP00000229758,9606.ENSP00000231487,0.833,0.9,0.845,0.997
26271,FBXO5,RARS1,9606.ENSP00000229758,9606.ENSP00000231572,0.0,0.0,0.176,0.452
2178,FANCE,RPS12,9606.ENSP00000229769,9606.ENSP00000230050,0.84,0.0,0.175,0.975
2178,FANCE,RARS1,9606.ENSP00000229769,9606.ENSP00000231572,0.0,0.0,0.24,0.401
2178,FANCE,MLH1,9606.ENSP00000229769,9606.ENSP00000231790,0.0,0.0,0.431,0.441
2178,FANCE,HES1,9606.ENSP00000229769,9606.ENSP00000232424,0.994,0.8,0.0,0.998
2178,FANCE,EIF2AK2,9606.ENSP00000229769,9606.ENSP00000233057,0.0,0.0,0.424,0.424
2178,FANCE,MSH2,9606.ENSP00000229769,9606.ENSP00000233146,0.0,0.0,0.378,0.405
1432,MAPK14,NR3C1,9606.ENSP00000229795,9606.ENSP00000231509,0.0,0.0,0.555,0.582
1432,MAPK14,GNB4,9606.ENSP00000229795,9606.ENSP00000232564,0.162,0.65,0.116,0.738
1432,MAPK14,NCK2,9606.ENSP00000229795,9606.ENSP00000233154,0.0,0.5,0.102,0.544
3111,HLA-DOA,GZMK,9606.ENSP00000229829,9606.ENSP00000231009,0.0,0.0,0.321,0.428
55856,ACOT13,EHHADH,9606.ENSP00000230048,9606.ENSP00000231887,0.0,0.227,0.245,0.449
6206,RPS12,BYSL,9606.ENSP00000230050,9606.ENSP00000230340,0.994,0.0,0.131,0.995
6206,RPS12,TBP,9606.ENSP00000230050,9606.ENSP00000230354,0.075,0.0,0.371,0.409
6206,RPS12,RRP9,9606.ENSP00000230050,9606.ENSP00000232888,0.896,0.0,0.196,0.923
6206,RPS12,EIF1B,9606.ENSP00000230050,9606.ENSP00000232905,0.769,0.0,0.195,0.828
6206,RPS12,SPCS1,9606.ENSP00000230050,9606.ENSP00000233025,0.09,0.4,0.0,0.468
51053,GMNN,MSH2,9606.ENSP00000230056,9606.ENSP00000233146,0.0,0.0,0.161,0.429
9896,FIG4,LNPEP,9606.ENSP00000230124,9606.ENSP00000231368,0.0,0.0,0.426,0.439
705,BYSL,MTREX,9606.ENSP00000230340,9606.ENSP00000230640,0.811,0.0,0.59,0.985
705,BYSL,RRP9,9606.ENSP00000230340,9606.ENSP00000232888,0.991,0.0,0.544,0.999
6908,TBP,NR3C1,9606.ENSP00000230354,9606.ENSP00000231509,0.292,0.0,0.384,0.55
55770,EXOC2,BNIP1,9606.ENSP00000230449,9606.ENSP00000231668,0.0,0.0,0.436,0.474
23517,MTREX,RRP9,9606.ENSP00000230640,9606.ENSP00000232888,0.507,0.4,0.388,0.878
54974,THG1L,TTC1,9606.ENSP00000231198,9606.ENSP00000231238,0.0,0.0,0.388,0.4
6500,SKP1,CRBN,9606.ENSP00000231487,9606.ENSP00000231948,0.292,0.0,0.389,0.58
5917,RARS1,UMPS,9606.ENSP00000231572,9606.ENSP00000232607,0.0,0.0,0.206,0.449
51364,ZMYND10,NPRL2,9606.ENSP00000231749,9606.ENSP00000232501,0.0,0.0,0.508,0.754
4292,MLH1,NPRL2,9606.ENSP00000231790,9606.ENSP00000232501,0.0,0.0,0.376,0.407
4292,MLH1,MSH2,9606.ENSP00000231790,9606.ENSP00000233146,0.923,0.54,0.999,0.999
11334,TUSC2,NPRL2,9606.ENSP00000232496,9606.ENSP00000232501,0.0,0.0,0.445,0.464
28972,SPCS1,NEK4,9606.ENSP00000233025,9606.ENSP00000233027,0.0,0.0,0.422,0.43
51639,SF3B6,SYF2,9606.ENSP00000233468,9606.ENSP00000236273,0.0,0.4,0.365,0.62
64427,TTC31,PCGF1,9606.ENSP00000233623,9606.ENSP00000233630,0.0,0.0,0.448,0.459
1796,DOK1,PLEK,9606.ENSP00000233668,9606.ENSP00000234313,0.0,0.0,0.58,0.598
3485,IGFBP2,MIIP,9606.ENSP00000233809,9606.ENSP00000235332,0.0,0.0,0.862,0.862
3485,IGFBP2,CTSD,9606.ENSP00000233809,9606.ENSP00000236671,0.0,0.0,0.528,0.53
2677,GGCX,PROC,9606.ENSP00000233838,9606.ENSP00000234071,0.098,0.75,0.347,0.839
3336,HSPE1,TMEM59,9606.ENSP00000233893,9606.ENSP00000234831,0.091,0.0,0.155,0.509
3398,ID2,PKD2,9606.ENSP00000234091,9606.ENSP00000237596,0.301,0.0,0.589,0.701
10153,CEBPZ,DDX55,9606.ENSP00000234170,9606.ENSP00000238146,0.127,0.0,0.154,0.767
4999,ORC2,MSH6,9606.ENSP00000234296,9606.ENSP00000234420,0.0,0.0,0.0,0.427
5341,PLEK,PLEKHA3,9606.ENSP00000234313,9606.ENSP00000234453,0.0,0.0,0.782,0.782
2956,MSH6,PRDM2,9606.ENSP00000234420,9606.ENSP00000235372,0.0,0.0,0.494,0.498
79084,WDR77,CPSF3,9606.ENSP00000235090,9606.ENSP00000238112,0.78,0.0,0.257,0.849
79084,WDR77,PAPOLG,9606.ENSP00000235090,9606.ENSP00000238714,0.504,0.0,0.206,0.589
23271,CAMSAP2,SOGA1,9606.ENSP00000236925,9606.ENSP00000237536,0.422,0.0,0.045,0.463
5311,PKD2,NEK9,9606.ENSP00000237596,9606.ENSP00000238616,0.0,0.0,0.697,0.699
51692,CPSF3,PAPOLG,9606.ENSP00000238112,9606.ENSP00000238714,0.783,0.0,0.853,0.967
54867,TMEM214,SEC61A1,9606.ENSP00000238788,9606.ENSP00000243253,0.0,0.0,0.609,0.778
54812,AFTPH,NUDCD1,9606.ENSP00000238855,9606.ENSP00000239690,0.0,0.0,0.392,0.403
54812,AFTPH,CLTA,9606.ENSP00000238855,9606.ENSP00000242285,0.233,0.9,0.0,0.921
1843,DUSP1,EGR1,9606.ENSP00000239223,9606.ENSP00000239938,0.067,0.0,0.615,0.8
1843,DUSP1,EGR2,9606.ENSP00000239223,9606.ENSP00000242480,0.067,0.0,0.567,0.656
1958,EGR1,NFYB,9606.ENSP00000239938,9606.ENSP00000240055,0.051,0.0,0.617,0.621
1958,EGR1,DUSP4,9606.ENSP00000239938,9606.ENSP00000240100,0.067,0.0,0.627,0.666
1958,EGR1,EGR2,9606.ENSP00000239938,9606.ENSP00000242480,0.049,0.8,0.538,0.98
23435,TARDBP,NAA50,9606.ENSP00000240185,9606.ENSP00000240922,0.0,0.0,0.0,0.4
22914,KLRK1,TNFSF10,9606.ENSP00000240618,9606.ENSP00000241261,0.0,0.0,0.526,0.548
51426,POLK,UNG,9606.ENSP00000241436,9606.ENSP00000242576,0.0,0.0,0.399,0.413
84248,FYTTD1,DDX39A,9606.ENSP00000241502,9606.ENSP00000242776,0.071,0.5,0.763,0.885
27241,BBS9,IFT81,9606.ENSP00000242067,9606.ENSP00000242591,0.0,0.0,0.53,0.55
79365,BHLHE41,SSPN,9606.ENSP00000242728,9606.ENSP00000242729,0.0,0.0,0.374,0.657
55183,RIF1,H4C6,9606.ENSP00000243326,9606.ENSP00000244537,0.525,0.5,0.144,0.78
79809,TTC21B,B9D2,9606.ENSP00000243344,9606.ENSP00000243578,0.0,0.0,0.474,0.474
79809,TTC21B,BBS2,9606.ENSP00000243344,9606.ENSP00000245157,0.0,0.0,0.529,0.576
9111,NMI,IRF1,9606.ENSP00000243346,9606.ENSP00000245414,0.0,0.0,0.246,0.506
7130,TNFAIP6,EREG,9606.ENSP00000243347,9606.ENSP00000244869,0.0,0.0,0.588,0.594
55509,BATF3,IRF1,9606.ENSP00000243440,9606.ENSP00000245414,0.088,0.0,0.323,0.434
6626,SNRPA,SRSF6,9606.ENSP00000243563,9606.ENSP00000244020,0.249,0.0,0.272,0.57
6626,SNRPA,SNRNP27,9606.ENSP00000243563,9606.ENSP00000244227,0.8,0.54,0.268,0.936
6626,SNRPA,SNRPC,9606.ENSP00000243563,9606.ENSP00000244520,0.97,0.9,0.999,0.999
6626,SNRPA,THOC2,9606.ENSP00000243563,9606.ENSP00000245838,0.268,0.0,0.2,0.445
6626,SNRPA,SYMPK,9606.ENSP00000243563,9606.ENSP00000245934,0.183,0.0,0.293,0.534
79913,ACTR5,H4C6,9606.ENSP00000243903,9606.ENSP00000244537,0.955,0.0,0.0,0.955
514,ATP5F1E,CLPP,9606.ENSP00000243997,9606.ENSP00000245816,0.0,0.0,0.419,0.432
5335,PLCG1,EREG,9606.ENSP00000244007,9606.ENSP00000244869,0.0,0.5,0.165,0.564
6431,SRSF6,SNRPC,9606.ENSP00000244020,9606.ENSP00000244520,0.338,0.0,0.258,0.591
6431,SRSF6,NUP85,9606.ENSP00000244020,9606.ENSP00000245544,0.0,0.4,0.222,0.525
6431,SRSF6,SYMPK,9606.ENSP00000244020,9606.ENSP00000245934,0.306,0.0,0.185,0.493
6615,SNAI1,SOX4,9606.ENSP00000244050,9606.ENSP00000244745,0.053,0.0,0.531,0.537
84693,MCEE,GOT2,9606.ENSP00000244217,9606.ENSP00000245206,0.064,0.178,0.24,0.405
11017,SNRNP27,MPHOSPH10,9606.ENSP00000244227,9606.ENSP00000244230,0.0,0.0,0.295,0.412
11017,SNRNP27,SNRPC,9606.ENSP00000244227,9606.ENSP00000244520,0.8,0.0,0.105,0.842
10199,MPHOSPH10,RRP36,9606.ENSP00000244230,9606.ENSP00000244496,0.0,0.54,0.104,0.715
10199,MPHOSPH10,MRPS7,9606.ENSP00000244230,9606.ENSP00000245539,0.618,0.0,0.0,0.627
3991,LIPE,GOT2,9606.ENSP00000244289,9606.ENSP00000245206,0.0,0.0,0.774,0.778
10384,BTN3A3,GOT2,9606.ENSP00000244519,9606.ENSP00000245206,0.0,0.0,0.542,0.548
3007,H1-3,H4C6,9606.ENSP00000244534,9606.ENSP00000244537,0.172,0.0,0.408,0.633
8370,H4C6,FOSB,9606.ENSP00000244537,9606.ENSP00000245919,0.061,0.5,0.231,0.607
57505,AARS2,CLPP,9606.ENSP00000244571,9606.ENSP00000245816,0.376,0.0,0.249,0.525
2069,EREG,PTGER2,9606.ENSP00000244869,9606.ENSP00000245457,0.0,0.0,0.422,0.427
2806,GOT2,NUP85,9606.ENSP00000245206,9606.ENSP00000245544,0.753,0.0,0.182,0.795
51081,MRPS7,CLPP,9606.ENSP00000245539,9606.ENSP00000245816,0.299,0.0,0.388,0.703
79902,NUP85,THOC2,9606.ENSP00000245544,9606.ENSP00000245838,0.0,0.4,0.202,0.51
79902,NUP85,SYMPK,9606.ENSP00000245544,9606.ENSP00000245934,0.0,0.4,0.0,0.411
84266,ALKBH7,CLPP,9606.ENSP00000245812,9606.ENSP00000245816,0.0,0.0,0.168,0.451
718,C3,CD93,9606.ENSP00000245907,9606.ENSP00000246006,0.0,0.0,0.633,0.634
56255,TMX4,CANX,9606.ENSP00000246024,9606.ENSP00000247461,0.359,0.0,0.325,0.577
8195,MKKS,TRAP1,9606.ENSP00000246062,9606.ENSP00000246957,0.127,0.0,0.135,0.461
6629,SNRPB2,SUGP1,9606.ENSP00000246071,9606.ENSP00000247001,0.789,0.0,0.0,0.808
8698,S1PR4,HCST,9606.ENSP00000246115,9606.ENSP00000246551,0.0,0.0,0.0,0.495
8698,S1PR4,CCR7,9606.ENSP00000246115,9606.ENSP00000246657,0.0,0.0,0.323,0.594
8698,S1PR4,SGPP1,9606.ENSP00000246115,9606.ENSP00000247225,0.098,0.0,0.477,0.508
8698,S1PR4,KLF2,9606.ENSP00000246115,9606.ENSP00000248071,0.0,0.0,0.248,0.41
1236,CCR7,KLF2,9606.ENSP00000246657,9606.ENSP00000248071,0.0,0.0,0.782,0.804
6237,RRAS,TSKS,9606.ENSP00000246792,9606.ENSP00000246801,0.0,0.0,0.701,0.707
6237,RRAS,GNG11,9606.ENSP00000246792,9606.ENSP00000248564,0.0,0.65,0.102,0.691
29997,NOP53,SBDS,9606.ENSP00000246802,9606.ENSP00000246868,0.0,0.0,0.33,0.435
10131,TRAP1,HSPB1,9606.ENSP00000246957,9606.ENSP00000248553,0.0,0.0,0.408,0.501
57794,SUGP1,DDX49,9606.ENSP00000247001,9606.ENSP00000247003,0.0,0.0,0.324,0.473
6388,SDF2,SDF2L1,9606.ENSP00000247020,9606.ENSP00000248958,0.181,0.72,0.076,0.778
821,CANX,SDF2L1,9606.ENSP00000247461,9606.ENSP00000248958,0.088,0.0,0.282,0.409
7186,TRAF2,TICAM1,9606.ENSP00000247668,9606.ENSP00000248244,0.649,0.0,0.095,0.68
9002,F2RL3,GNG11,9606.ENSP00000248076,9606.ENSP00000248564,0.0,0.5,0.0,0.503
54985,HCFC1R1,GFER,9606.ENSP00000248089,9606.ENSP00000248114,0.0,0.0,0.365,0.417
2671,GFER,SYNGR3,9606.ENSP00000248114,9606.ENSP00000248121,0.0,0.0,0.229,0.404
2791,GNG11,STYXL1,9606.ENSP00000248564,9606.ENSP00000248600,0.0,0.0,0.0,0.461
7533,YWHAH,KIAA0930,9606.ENSP00000248975,9606.ENSP00000251993,0.33,0.0,0.159,0.417
11135,CDC42EP1,RAC2,9606.ENSP00000249014,9606.ENSP00000249071,0.125,0.5,0.051,0.549
11135,CDC42EP1,SNAP23,9606.ENSP00000249014,9606.ENSP00000249647,0.0,0.4,0.0,0.4
5880,RAC2,RAP1B,9606.ENSP00000249071,9606.ENSP00000250559,0.235,0.0,0.447,0.622
5880,RAC2,ARHGEF6,9606.ENSP00000249071,9606.ENSP00000250617,0.189,0.9,0.574,0.966
5880,RAC2,LMAN1,9606.ENSP00000249071,9606.ENSP00000251047,0.17,0.5,0.042,0.574
9512,PMPCB,NDUFA2,9606.ENSP00000249269,9606.ENSP00000252102,0.838,0.154,0.132,0.898
8773,SNAP23,SNX4,9606.ENSP00000249647,9606.ENSP00000251775,0.046,0.9,0.102,0.91
29767,TMOD2,RRM2B,9606.ENSP00000249700,9606.ENSP00000251810,0.492,0.0,0.0,0.499
90417,KNSTRN,NCAPG,9606.ENSP00000249776,9606.ENSP00000251496,0.0,0.0,0.17,0.494
1315,COPB1,DAD1,9606.ENSP00000249923,9606.ENSP00000250498,0.0,0.0,0.396,0.416
1315,COPB1,LMAN1,9606.ENSP00000249923,9606.ENSP00000251047,0.162,0.0,0.888,0.92
84817,TXNDC17,NDUFA2,9606.ENSP00000250101,9606.ENSP00000252102,0.0,0.0,0.386,0.655
9513,FXR2,MPDU1,9606.ENSP00000250113,9606.ENSP00000250124,0.0,0.0,0.376,0.406
55837,EAPP,DHX35,9606.ENSP00000250454,9606.ENSP00000252011,0.827,0.0,0.0,0.828
4738,NEDD8,DAD1,9606.ENSP00000250495,9606.ENSP00000250498,0.0,0.0,0.068,0.535
4738,NEDD8,CUL9,9606.ENSP00000250495,9606.ENSP00000252050,0.334,0.5,0.711,0.895
3998,LMAN1,NDUFA2,9606.ENSP00000251047,9606.ENSP00000252102,0.0,0.0,0.397,0.422
27175,TUBG2,TUBG1,9606.ENSP00000251412,9606.ENSP00000251413,0.783,0.9,0.053,0.981
3040,HBA2,DHX29,9606.ENSP00000251595,9606.ENSP00000251636,0.095,0.72,0.0,0.736
4277,MICB,NECTIN2,9606.ENSP00000252229,9606.ENSP00000252483,0.0,0.0,0.664,0.664
3852,KRT5,KRT1,9606.ENSP00000252242,9606.ENSP00000252244,0.79,0.4,0.396,0.923
3852,KRT5,NAPSA,9606.ENSP00000252242,9606.ENSP00000253719,0.0,0.0,0.792,0.792
3741,KCNA5,TRPM4,9606.ENSP00000252321,9606.ENSP00000252826,0.064,0.0,0.389,0.403
90332,EXOC3L2,EXOC4,9606.ENSP00000252482,9606.ENSP00000253861,0.72,0.54,0.646,0.951
9667,SAFB2,RBM39,9606.ENSP00000252542,9606.ENSP00000253363,0.422,0.0,0.072,0.574
83483,PLVAP,BST2,9606.ENSP00000252590,9606.ENSP00000252593,0.0,0.0,0.747,0.752
376497,SLC27A1,ACSS2,9606.ENSP00000252595,9606.ENSP00000253382,0.0,0.187,0.175,0.498
64981,MRPL34,MRPS25,9606.ENSP00000252602,9606.ENSP00000253686,0.959,0.0,0.095,0.973
64981,MRPL34,AOC2,9606.ENSP00000252602,9606.ENSP00000253799,0.401,0.0,0.0,0.4
51690,LSM7,WDR44,9606.ENSP00000252622,9606.ENSP00000254029,0.564,0.0,0.0,0.565
83861,RSPH3,LAMA5,9606.ENSP00000252655,9606.ENSP00000252999,0.129,0.0,0.351,0.419
92595,ZNF764,TRIM28,9606.ENSP00000252797,9606.ENSP00000253024,0.187,0.5,0.254,0.675
79230,ZNF557,TRIM28,9606.ENSP00000252840,9606.ENSP00000253024,0.187,0.5,0.182,0.643
9253,NUMBL,RBSN,9606.ENSP00000252891,9606.ENSP00000253699,0.0,0.0,0.559,0.562
26152,ZNF337,TRIM28,9606.ENSP00000252979,9606.ENSP00000253024,0.065,0.5,0.0,0.521
9040,UBE2M,TRIM28,9606.ENSP00000253023,9606.ENSP00000253024,0.51,0.0,0.115,0.672
9040,UBE2M,EIF3G,9606.ENSP00000253023,9606.ENSP00000253108,0.292,0.0,0.093,0.402
10155,TRIM28,ZNF426,9606.ENSP00000253024,9606.ENSP00000253115,0.065,0.5,0.268,0.632
10155,TRIM28,ZNF331,9606.ENSP00000253024,9606.ENSP00000253144,0.225,0.5,0.125,0.637
10155,TRIM28,RBM39,9606.ENSP00000253024,9606.ENSP00000253363,0.292,0.0,0.217,0.495
1968,EIF2S3,EIF3G,9606.ENSP00000253039,9606.ENSP00000253108,0.963,0.65,0.664,0.997
54958,TMEM160,ZC3H4,9606.ENSP00000253047,9606.ENSP00000253048,0.0,0.0,0.579,0.579
83667,SESN2,ATP6V1E1,9606.ENSP00000253063,9606.ENSP00000253413,0.0,0.5,0.0,0.52
692312,PPAN,EIF3G,9606.ENSP00000253107,9606.ENSP00000253108,0.0,0.0,0.781,0.824
692312,PPAN,GRWD1,9606.ENSP00000253107,9606.ENSP00000253237,0.0,0.0,0.106,0.812
10328,EMC8,GINS2,9606.ENSP00000253457,9606.ENSP00000253462,0.0,0.0,0.569,0.601
64432,MRPS25,AOC2,9606.ENSP00000253686,9606.ENSP00000253799,0.401,0.0,0.062,0.414
5914,RARA,FUS,9606.ENSP00000254066,9606.ENSP00000254108,0.0,0.0,0.456,0.464
5914,RARA,PER2,9606.ENSP00000254066,9606.ENSP00000254657,0.091,0.0,0.452,0.497
5914,RARA,H3-3B,9606.ENSP00000254066,9606.ENSP00000254810,0.042,0.5,0.411,0.695
5914,RARA,PLAAT4,9606.ENSP00000254066,9606.ENSP00000255688,0.129,0.0,0.474,0.533
2330,FMO5,PRKAB2,9606.ENSP00000254090,9606.ENSP00000254101,0.0,0.0,0.593,0.605
2521,FUS,SMARCC1,9606.ENSP00000254108,9606.ENSP00000254480,0.292,0.0,0.155,0.455
2521,FUS,H3-3B,9606.ENSP00000254108,9606.ENSP00000254810,0.134,0.0,0.311,0.404
2521,FUS,NXT1,9606.ENSP00000254108,9606.ENSP00000254998,0.0,0.0,0.393,0.401
2521,FUS,KMT5C,9606.ENSP00000254108,9606.ENSP00000255613,0.0,0.0,0.422,0.423
6627,SNRPA1,USPL1,9606.ENSP00000254193,9606.ENSP00000255304,0.088,0.0,0.398,0.461
3337,DNAJB1,TRIM21,9606.ENSP00000254322,9606.ENSP00000254436,0.0,0.0,0.794,0.794
3337,DNAJB1,HSPBP1,9606.ENSP00000254322,9606.ENSP00000255631,0.161,0.0,0.941,0.954
3337,DNAJB1,PLAAT4,9606.ENSP00000254322,9606.ENSP00000255688,0.142,0.162,0.128,0.458
3337,DNAJB1,PLAAT2,9606.ENSP00000254322,9606.ENSP00000255695,0.142,0.162,0.07,0.42
3337,DNAJB1,MKRN1,9606.ENSP00000254322,9606.ENSP00000255977,0.0,0.0,0.47,0.47
5989,RFX1,RFXAP,9606.ENSP00000254325,9606.ENSP00000255476,0.0,0.0,0.961,0.961
6737,TRIM21,NUP210,9606.ENSP00000254436,9606.ENSP00000254508,0.0,0.0,0.507,0.507
6737,TRIM21,HSPBP1,9606.ENSP00000254436,9606.ENSP00000255631,0.121,0.0,0.745,0.766
6599,SMARCC1,H3-3B,9606.ENSP00000254480,9606.ENSP00000254810,0.239,0.0,0.495,0.608
6599,SMARCC1,KDM6B,9606.ENSP00000254480,9606.ENSP00000254846,0.095,0.0,0.528,0.568
23225,NUP210,NXT1,9606.ENSP00000254508,9606.ENSP00000254998,0.0,0.5,0.124,0.543
23378,RRP8,UTP3,9606.ENSP00000254605,9606.ENSP00000254803,0.0,0.0,0.064,0.766
23378,RRP8,H3-3B,9606.ENSP00000254605,9606.ENSP00000254810,0.072,0.5,0.466,0.734
23378,RRP8,NIP7,9606.ENSP00000254605,9606.ENSP00000254940,0.0,0.0,0.0,0.561
23167,EFR3A,PI4KA,9606.ENSP00000254624,9606.ENSP00000255882,0.45,0.0,0.761,0.869
55037,PTCD3,GRSF1,9606.ENSP00000254630,9606.ENSP00000254799,0.431,0.0,0.435,0.676
55037,PTCD3,ERAL1,9606.ENSP00000254630,9606.ENSP00000254928,0.881,0.8,0.518,0.987
55037,PTCD3,SCO1,9606.ENSP00000254630,9606.ENSP00000255390,0.178,0.0,0.089,0.433
6117,RPA1,H3-3B,9606.ENSP00000254719,9606.ENSP00000254810,0.382,0.0,0.359,0.612
6117,RPA1,TERF2,9606.ENSP00000254719,9606.ENSP00000254942,0.076,0.5,0.068,0.551
60678,EEFSEC,HSPBP1,9606.ENSP00000254730,9606.ENSP00000255631,0.272,0.0,0.12,0.466
2926,GRSF1,ERAL1,9606.ENSP00000254799,9606.ENSP00000254928,0.253,0.0,0.453,0.579
2926,GRSF1,IGHMBP2,9606.ENSP00000254799,9606.ENSP00000255078,0.619,0.0,0.0,0.623
57050,UTP3,NIP7,9606.ENSP00000254803,9606.ENSP00000254940,0.0,0.4,0.125,0.832
3021,H3-3B,KDM6B,9606.ENSP00000254810,9606.ENSP00000254846,0.579,0.5,0.833,0.963
3021,H3-3B,TERF2,9606.ENSP00000254810,9606.ENSP00000254942,0.0,0.5,0.225,0.613
3021,H3-3B,NASP,9606.ENSP00000254810,9606.ENSP00000255120,0.979,0.0,0.353,0.987
3021,H3-3B,KMT5C,9606.ENSP00000254810,9606.ENSP00000255613,0.0,0.0,0.457,0.457
23135,KDM6B,HSPBP1,9606.ENSP00000254846,9606.ENSP00000255631,0.071,0.0,0.204,0.514
10247,RIDA,DPH2,9606.ENSP00000254878,9606.ENSP00000255108,0.0,0.0,0.458,0.459
55643,BTBD2,CSNK1G2,9606.ENSP00000255608,9606.ENSP00000255641,0.0,0.0,0.244,0.448
84787,KMT5C,HSPBP1,9606.ENSP00000255613,9606.ENSP00000255631,0.0,0.0,0.578,0.581
3845,KRAS,CCNB1,9606.ENSP00000256078,9606.ENSP00000256442,0.125,0.0,0.425,0.476
3845,KRAS,NOTCH2,9606.ENSP00000256078,9606.ENSP00000256646,0.195,0.0,0.478,0.562
3845,KRAS,APC,9606.ENSP00000256078,9606.ENSP00000257430,0.088,0.0,0.583,0.611
10526,IPO8,ARF3,9606.ENSP00000256079,9606.ENSP00000256682,0.053,0.0,0.559,0.568
10526,IPO8,NAT10,9606.ENSP00000256079,9606.ENSP00000257829,0.239,0.0,0.243,0.549
11161,ERG28,IER3IP1,9606.ENSP00000256319,9606.ENSP00000256433,0.0,0.0,0.602,0.626
11161,ERG28,EMC7,9606.ENSP00000256319,9606.ENSP00000256545,0.0,0.0,0.505,0.518
55333,SYNJ2BP,ARF3,9606.ENSP00000256366,9606.ENSP00000256682,0.061,0.0,0.443,0.455
1965,EIF2S1,EDEM1,9606.ENSP00000256383,9606.ENSP00000256497,0.0,0.0,0.434,0.434
1965,EIF2S1,NARS1,9606.ENSP00000256383,9606.ENSP00000256854,0.0,0.0,0.223,0.406
1965,EIF2S1,OASL,9606.ENSP00000256383,9606.ENSP00000257570,0.376,0.0,0.074,0.404
1965,EIF2S1,NAT10,9606.ENSP00000256383,9606.ENSP00000257829,0.181,0.0,0.0,0.443
55140,ELP3,DPH6,9606.ENSP00000256398,9606.ENSP00000256538,0.0,0.0,0.429,0.441
55140,ELP3,NAT10,9606.ENSP00000256398,9606.ENSP00000257829,0.0,0.0,0.29,0.55
51124,IER3IP1,EMC7,9606.ENSP00000256433,9606.ENSP00000256545,0.0,0.0,0.527,0.585
891,CCNB1,CDK7,9606.ENSP00000256442,9606.ENSP00000256443,0.605,0.4,0.685,0.925
891,CCNB1,ORC3,9606.ENSP00000256442,9606.ENSP00000257789,0.099,0.5,0.214,0.636
1022,CDK7,DDB2,9606.ENSP00000256443,9606.ENSP00000256996,0.0,0.5,0.347,0.664
1022,CDK7,LMO2,9606.ENSP00000256443,9606.ENSP00000257818,0.0,0.4,0.107,0.441
4853,NOTCH2,DTX1,9606.ENSP00000256646,9606.ENSP00000257600,0.133,0.65,0.751,0.918
377,ARF3,RAB33A,9606.ENSP00000256682,9606.ENSP00000257017,0.092,0.0,0.665,0.69
129607,CMPK2,OASL,9606.ENSP00000256722,9606.ENSP00000257570,0.0,0.0,0.496,0.722
129607,CMPK2,NT5E,9606.ENSP00000256722,9606.ENSP00000257770,0.0,0.9,0.045,0.916
4677,NARS1,CARS2,9606.ENSP00000256854,9606.ENSP00000257347,0.0,0.0,0.781,0.829
324,APC,USP30,9606.ENSP00000257430,9606.ENSP00000257548,0.421,0.0,0.0,0.421
324,APC,HRK,9606.ENSP00000257430,9606.ENSP00000257572,0.0,0.0,0.786,0.786
324,APC,RDH5,9606.ENSP00000257430,9606.ENSP00000257895,0.0,0.0,0.453,0.454
1019,CDK4,TSPAN31,9606.ENSP00000257904,9606.ENSP00000257910,0.0,0.0,0.5,0.503
1019,CDK4,ESPL1,9606.ENSP00000257904,9606.ENSP00000257934,0.097,0.0,0.308,0.404
1019,CDK4,CCT7,9606.ENSP00000257904,9606.ENSP00000258091,0.095,0.0,0.063,0.441
1019,CDK4,MDM2,9606.ENSP00000257904,9606.ENSP00000258149,0.0,0.0,0.884,0.884
1019,CDK4,MED4,9606.ENSP00000257904,9606.ENSP00000258648,0.0,0.54,0.0,0.54
10024,TROAP,ESPL1,9606.ENSP00000257909,9606.ENSP00000257934,0.0,0.0,0.125,0.846
6302,TSPAN31,MDM2,9606.ENSP00000257910,9606.ENSP00000258149,0.0,0.0,0.417,0.421
9700,ESPL1,DYNC1LI2,9606.ENSP00000257934,9606.ENSP00000258198,0.0,0.5,0.097,0.529
9700,ESPL1,HUS1,9606.ENSP00000257934,9606.ENSP00000258774,0.0,0.0,0.401,0.401
27429,HTRA2,SRSF1,9606.ENSP00000258080,9606.ENSP00000258962,0.0,0.0,0.394,0.403
116540,MRPL53,MRPL44,9606.ENSP00000258105,9606.ENSP00000258383,0.885,0.0,0.331,0.924
116540,MRPL53,MRPS9,9606.ENSP00000258105,9606.ENSP00000258455,0.811,0.0,0.0,0.813
116540,MRPL53,USP44,9606.ENSP00000258105,9606.ENSP00000258499,0.166,0.0,0.431,0.505
116540,MRPL53,TACO1,9606.ENSP00000258105,9606.ENSP00000258975,0.088,0.0,0.367,0.415
4193,MDM2,NUP42,9606.ENSP00000258149,9606.ENSP00000258742,0.052,0.4,0.064,0.421
4193,MDM2,IREB2,9606.ENSP00000258149,9606.ENSP00000258886,0.312,0.0,0.208,0.471
4193,MDM2,SRSF1,9606.ENSP00000258149,9606.ENSP00000258962,0.0,0.0,0.692,0.721
1783,DYNC1LI2,COG3,9606.ENSP00000258198,9606.ENSP00000258654,0.0,0.5,0.0,0.642
27097,TAF5L,USP44,9606.ENSP00000258281,9606.ENSP00000258499,0.319,0.0,0.158,0.402
10228,STX6,COG3,9606.ENSP00000258301,9606.ENSP00000258654,0.0,0.5,0.469,0.725
3431,SP110,KAT7,9606.ENSP00000258381,9606.ENSP00000259021,0.421,0.0,0.102,0.462
3431,SP110,RTP4,9606.ENSP00000258381,9606.ENSP00000259030,0.0,0.0,0.228,0.522
65080,MRPL44,MRPS9,9606.ENSP00000258383,9606.ENSP00000258455,0.987,0.0,0.471,0.996
65080,MRPL44,IREB2,9606.ENSP00000258383,9606.ENSP00000258886,0.423,0.0,0.158,0.509
65080,MRPL44,RSAD1,9606.ENSP00000258383,9606.ENSP00000258955,0.49,0.0,0.0,0.494
80326,WNT10A,EDAR,9606.ENSP00000258411,9606.ENSP00000258443,0.0,0.0,0.709,0.712
1329,COX5B,NDUFB5,9606.ENSP00000258424,9606.ENSP00000259037,0.844,0.0,0.636,0.991
51455,REV1,HUS1,9606.ENSP00000258428,9606.ENSP00000258774,0.081,0.0,0.545,0.575
51455,REV1,BRIP1,9606.ENSP00000258428,9606.ENSP00000259008,0.0,0.0,0.659,0.68
64965,MRPS9,TTC5,9606.ENSP00000258455,9606.ENSP00000258821,0.0,0.0,0.461,0.548
64965,MRPS9,IREB2,9606.ENSP00000258455,9606.ENSP00000258886,0.595,0.0,0.081,0.619
64965,MRPS9,RSAD1,9606.ENSP00000258455,9606.ENSP00000258955,0.78,0.0,0.315,0.958
26122,EPC2,KAT7,9606.ENSP00000258484,9606.ENSP00000259021,0.57,0.0,0.166,0.637
29079,MED4,NUDT15,9606.ENSP00000258648,9606.ENSP00000258662,0.0,0.0,0.374,0.419
55270,NUDT15,TTC5,9606.ENSP00000258662,9606.ENSP00000258821,0.0,0.673,0.051,0.7
11097,NUP42,SRSF1,9606.ENSP00000258742,9606.ENSP00000258962,0.109,0.4,0.051,0.467
9238,TBRG4,DDX56,9606.ENSP00000258770,9606.ENSP00000258772,0.053,0.0,0.332,0.756
54606,DDX56,SRSF1,9606.ENSP00000258772,9606.ENSP00000258962,0.179,0.0,0.281,0.428
3364,HUS1,BRIP1,9606.ENSP00000258774,9606.ENSP00000259008,0.0,0.5,0.419,0.71
3658,IREB2,RSAD1,9606.ENSP00000258886,9606.ENSP00000258955,0.405,0.0,0.151,0.485
55316,RSAD1,CBWD2,9606.ENSP00000258955,9606.ENSP00000259199,0.0,0.0,0.138,0.455
6426,SRSF1,BRIP1,9606.ENSP00000258962,9606.ENSP00000259008,0.0,0.0,0.452,0.473
92856,IMP4,RSL24D1,9606.ENSP00000259239,9606.ENSP00000260443,0.0,0.0,0.267,0.881
92856,IMP4,RTCA,9606.ENSP00000259239,9606.ENSP00000260563,0.638,0.0,0.132,0.925
56886,UGGT1,DERL1,9606.ENSP00000259253,9606.ENSP00000259512,0.0,0.0,0.487,0.492
2995,GYPC,TMOD1,9606.ENSP00000259254,9606.ENSP00000259365,0.0,0.0,0.429,0.479
2995,GYPC,TLR2,9606.ENSP00000259254,9606.ENSP00000260010,0.0,0.0,0.801,0.802
2995,GYPC,THBS1,9606.ENSP00000259254,9606.ENSP00000260356,0.0,0.0,0.516,0.516
23392,ECPAS,PSMB7,9606.ENSP00000259335,9606.ENSP00000259457,0.548,0.0,0.219,0.671
55014,STX17,RMDN3,9606.ENSP00000259400,9606.ENSP00000260385,0.061,0.0,0.374,0.417
11224,RPL35,MRPL15,9606.ENSP00000259469,9606.ENSP00000260102,0.476,0.0,0.163,0.753
11224,RPL35,RSL24D1,9606.ENSP00000259469,9606.ENSP00000260443,0.989,0.0,0.499,0.996
79139,DERL1,FAM8A1,9606.ENSP00000259512,9606.ENSP00000259963,0.0,0.54,0.339,0.701
11258,DCTN3,KLC4,9606.ENSP00000259632,9606.ENSP00000259708,0.0,0.5,0.07,0.521
11258,DCTN3,KIF23,9606.ENSP00000259632,9606.ENSP00000260363,0.0,0.5,0.0,0.5
11258,DCTN3,HAUS2,9606.ENSP00000259632,9606.ENSP00000260372,0.0,0.5,0.0,0.499
11258,DCTN3,KIF11,9606.ENSP00000259632,9606.ENSP00000260731,0.0,0.5,0.0,0.5
89953,KLC4,KIF13A,9606.ENSP00000259708,9606.ENSP00000259711,0.0,0.36,0.182,0.454
89953,KLC4,KIF23,9606.ENSP00000259708,9606.ENSP00000260363,0.0,0.4,0.0,0.4
89953,KLC4,IFT172,9606.ENSP00000259708,9606.ENSP00000260570,0.164,0.0,0.469,0.564
89953,KLC4,KIF11,9606.ENSP00000259708,9606.ENSP00000260731,0.0,0.4,0.197,0.498
63971,KIF13A,KIF23,9606.ENSP00000259711,9606.ENSP00000260363,0.0,0.54,0.143,0.592
63971,KIF13A,KIF11,9606.ENSP00000259711,9606.ENSP00000260731,0.0,0.54,0.116,0.575
8737,RIPK1,TLR2,9606.ENSP00000259808,9606.ENSP00000260010,0.1,0.0,0.588,0.639
347733,TUBB2B,KIF11,9606.ENSP00000259818,9606.ENSP00000260731,0.941,0.0,0.561,0.974
28973,MRPS18B,MRPL15,9606.ENSP00000259873,9606.ENSP00000260102,0.829,0.0,0.0,0.86
28973,MRPS18B,LRPPRC,9606.ENSP00000259873,9606.ENSP00000260665,0.088,0.0,0.391,0.433
84547,PGBD1,SORL1,9606.ENSP00000259883,9606.ENSP00000260197,0.066,0.0,0.41,0.425
2968,GTF2H4,NRM,9606.ENSP00000259895,9606.ENSP00000259953,0.0,0.0,0.428,0.501
7097,TLR2,SORL1,9606.ENSP00000260010,9606.ENSP00000260197,0.042,0.0,0.407,0.437
7097,TLR2,THBS1,9606.ENSP00000260010,9606.ENSP00000260356,0.125,0.0,0.56,0.624
29088,MRPL15,RSL24D1,9606.ENSP00000260102,9606.ENSP00000260443,0.416,0.0,0.0,0.483
29088,MRPL15,ARL3,9606.ENSP00000260102,9606.ENSP00000260746,0.259,0.0,0.184,0.464
96764,TGS1,BUD13,9606.ENSP00000260129,9606.ENSP00000260210,0.138,0.0,0.488,0.604
6653,SORL1,ADAM10,9606.ENSP00000260197,9606.ENSP00000260408,0.0,0.0,0.478,0.493
9493,KIF23,LRPPRC,9606.ENSP00000260363,9606.ENSP00000260665,0.292,0.0,0.289,0.498
9493,KIF23,KIF11,9606.ENSP00000260363,9606.ENSP00000260731,0.313,0.54,0.574,0.994
51187,RSL24D1,RTCA,9606.ENSP00000260443,9606.ENSP00000260563,0.0,0.0,0.077,0.433
26160,IFT172,ARL3,9606.ENSP00000260570,9606.ENSP00000260746,0.0,0.0,0.422,0.431
3832,KIF11,TOPBP1,9606.ENSP00000260731,9606.ENSP00000260810,0.0,0.0,0.141,0.416
580,BARD1,UBE2K,9606.ENSP00000260947,9606.ENSP00000261427,0.341,0.0,0.219,0.465
580,BARD1,PALB2,9606.ENSP00000260947,9606.ENSP00000261584,0.291,0.5,0.966,0.987
580,BARD1,HERC2,9606.ENSP00000260947,9606.ENSP00000261609,0.298,0.5,0.211,0.706
9360,PPIG,PPWD1,9606.ENSP00000260970,9606.ENSP00000261308,0.8,0.0,0.515,0.912
57520,HECW2,LMNB1,9606.ENSP00000260983,9606.ENSP00000261366,0.51,0.0,0.11,0.545
57520,HECW2,UBE2K,9606.ENSP00000260983,9606.ENSP00000261427,0.31,0.0,0.317,0.509
3685,ITGAV,VWF,9606.ENSP00000261023,9606.ENSP00000261405,0.236,0.9,0.834,0.986
3685,ITGAV,PSMA6,9606.ENSP00000261023,9606.ENSP00000261479,0.071,0.0,0.411,0.454
30061,SLC40A1,LPCAT3,9606.ENSP00000261024,9606.ENSP00000261407,0.0,0.0,0.419,0.434
2998,GYS2,TGDS,9606.ENSP00000261195,9606.ENSP00000261296,0.0,0.0,0.203,0.498
3034,HAL,HEXB,9606.ENSP00000261208,9606.ENSP00000261416,0.0,0.0,0.0,0.541
5128,CDK17,CCND2,9606.ENSP00000261211,9606.ENSP00000261254,0.254,0.0,0.204,0.423
11213,IRAK3,TRAF5,9606.ENSP00000261233,9606.ENSP00000261464,0.09,0.0,0.437,0.478
10329,RXYLT1,POMT2,9606.ENSP00000261234,9606.ENSP00000261534,0.0,0.0,0.855,0.862
4331,MNAT1,CCND2,9606.ENSP00000261245,9606.ENSP00000261254,0.0,0.4,0.068,0.416
4331,MNAT1,ICE2,9606.ENSP00000261245,9606.ENSP00000261520,0.0,0.0,0.581,0.59
57570,TRMT5,C12orf4,9606.ENSP00000261249,9606.ENSP00000261250,0.0,0.0,0.0,0.438
5700,PSMC1,PSMA6,9606.ENSP00000261303,9606.ENSP00000261479,0.996,0.0,0.566,0.999
5700,PSMC1,USP14,9606.ENSP00000261303,9606.ENSP00000261601,0.997,0.5,0.543,0.999
23398,PPWD1,THOC1,9606.ENSP00000261308,9606.ENSP00000261600,0.0,0.0,0.056,0.654
5037,PEBP1,VWF,9606.ENSP00000261313,9606.ENSP00000261405,0.0,0.4,0.103,0.438
5037,PEBP1,LPCAT3,9606.ENSP00000261313,9606.ENSP00000261407,0.0,0.0,0.496,0.496
4040,LRP6,PPP2R5A,9606.ENSP00000261349,9606.ENSP00000261461,0.0,0.5,0.117,0.539
4001,LMNB1,NUP133,9606.ENSP00000261366,9606.ENSP00000261396,0.166,0.0,0.386,0.497
55746,NUP133,IPO5,9606.ENSP00000261396,9606.ENSP00000261574,0.095,0.0,0.223,0.414
55746,NUP133,THOC1,9606.ENSP00000261396,9606.ENSP00000261600,0.0,0.4,0.243,0.569
3093,UBE2K,N4BP2,9606.ENSP00000261427,9606.ENSP00000261435,0.0,0.0,0.402,0.406
3093,UBE2K,RNF138,9606.ENSP00000261427,9606.ENSP00000261593,0.803,0.0,0.347,0.873
3093,UBE2K,USP14,9606.ENSP00000261427,9606.ENSP00000261601,0.091,0.0,0.338,0.643
5525,PPP2R5A,PPP2R3C,9606.ENSP00000261461,9606.ENSP00000261475,0.0,0.0,0.763,0.765
5687,PSMA6,USP14,9606.ENSP00000261479,9606.ENSP00000261601,0.985,0.5,0.257,0.995
23326,USP22,USP14,9606.ENSP00000261497,9606.ENSP00000261601,0.093,0.0,0.419,0.455
79728,PALB2,RNF138,9606.ENSP00000261584,9606.ENSP00000261593,0.283,0.178,0.277,0.586
9984,THOC1,USP14,9606.ENSP00000261600,9606.ENSP00000261601,0.0,0.0,0.527,0.633
27340,UTP20,UTP6,9606.ENSP00000261637,9606.ENSP00000261708,0.991,0.54,0.466,0.998
54902,TTC19,BLMH,9606.ENSP00000261647,9606.ENSP00000261714,0.0,0.0,0.583,0.586
64398,MPP5,CDH1,9606.ENSP00000261681,9606.ENSP00000261769,0.071,0.0,0.474,0.497
6532,SLC6A4,ALDH2,9606.ENSP00000261707,9606.ENSP00000261733,0.0,0.0,0.76,0.763
55813,UTP6,BLMH,9606.ENSP00000261708,9606.ENSP00000261714,0.0,0.0,0.363,0.4
5717,PSMD11,ANAPC5,9606.ENSP00000261712,9606.ENSP00000261819,0.0,0.4,0.197,0.52
5717,PSMD11,MAPK6,9606.ENSP00000261712,9606.ENSP00000261845,0.0,0.4,0.0,0.442
5717,PSMD11,MARS1,9606.ENSP00000261712,9606.ENSP00000262027,0.067,0.0,0.0,0.446
642,BLMH,MARS1,9606.ENSP00000261714,9606.ENSP00000262027,0.0,0.0,0.418,0.433
217,ALDH2,ERP29,9606.ENSP00000261733,9606.ENSP00000261735,0.0,0.0,0.409,0.425
217,ALDH2,NAA25,9606.ENSP00000261733,9606.ENSP00000261745,0.09,0.0,0.565,0.587
10961,ERP29,NAA25,9606.ENSP00000261735,9606.ENSP00000261745,0.0,0.0,0.4,0.696
999,CDH1,CSNK1A1,9606.ENSP00000261769,9606.ENSP00000261798,0.162,0.0,0.399,0.474
999,CDH1,PDGFRB,9606.ENSP00000261769,9606.ENSP00000261799,0.045,0.0,0.507,0.509
999,CDH1,RAB11A,9606.ENSP00000261769,9606.ENSP00000261890,0.047,0.0,0.616,0.638
16,AARS1,ANAPC5,9606.ENSP00000261772,9606.ENSP00000261819,0.673,0.0,0.343,0.783
16,AARS1,MARS1,9606.ENSP00000261772,9606.ENSP00000262027,0.0,0.0,0.849,0.913
55697,VAC14,AAGAB,9606.ENSP00000261776,9606.ENSP00000261880,0.0,0.0,0.41,0.415
55697,VAC14,PIK3C3,9606.ENSP00000261776,9606.ENSP00000262039,0.0,0.54,0.524,0.775
3340,NDST1,GLCE,9606.ENSP00000261797,9606.ENSP00000261858,0.111,0.0,0.725,0.757
10681,GNB5,MYO5C,9606.ENSP00000261837,9606.ENSP00000261839,0.0,0.0,0.475,0.541
55930,MYO5C,RAB11A,9606.ENSP00000261839,9606.ENSP00000261890,0.459,0.0,0.502,0.744
55930,MYO5C,RAB27B,9606.ENSP00000261839,9606.ENSP00000262094,0.046,0.0,0.4,0.403
23431,AP4E1,SPPL2A,9606.ENSP00000261842,9606.ENSP00000261854,0.0,0.0,0.534,0.545
23431,AP4E1,SPG11,9606.ENSP00000261842,9606.ENSP00000261866,0.0,0.0,0.576,0.584
84888,SPPL2A,TRIP4,9606.ENSP00000261854,9606.ENSP00000261884,0.0,0.0,0.349,0.427
80208,SPG11,RAB11A,9606.ENSP00000261866,9606.ENSP00000261890,0.0,0.0,0.474,0.484
7782,SLC30A4,RBM25,9606.ENSP00000261867,9606.ENSP00000261973,0.42,0.0,0.0,0.42
54962,TIPIN,MCM4,9606.ENSP00000261881,9606.ENSP00000262105,0.991,0.0,0.582,0.997
6642,SNX1,RAB11A,9606.ENSP00000261889,9606.ENSP00000261890,0.071,0.0,0.537,0.577
6642,SNX1,PIK3C3,9606.ENSP00000261889,9606.ENSP00000262039,0.079,0.0,0.481,0.505
8766,RAB11A,PIK3C3,9606.ENSP00000261890,9606.ENSP00000262039,0.094,0.0,0.481,0.513
8766,RAB11A,CEP76,9606.ENSP00000261890,9606.ENSP00000262127,0.0,0.5,0.084,0.523
4016,LOXL1,LTBP2,9606.ENSP00000261921,9606.ENSP00000261978,0.0,0.0,0.823,0.852
2324,FLT4,MYOM2,9606.ENSP00000261937,9606.ENSP00000262113,0.049,0.0,0.493,0.497
10426,TUBGCP3,MYOM2,9606.ENSP00000261965,9606.ENSP00000262113,0.0,0.0,0.521,0.521
58517,RBM25,ANKRD12,9606.ENSP00000261973,9606.ENSP00000262126,0.052,0.0,0.187,0.439
51201,ZDHHC2,MTUS1,9606.ENSP00000262096,9606.ENSP00000262102,0.0,0.0,0.393,0.402
5934,RBL2,CCNE1,9606.ENSP00000262133,9606.ENSP00000262643,0.585,0.9,0.77,0.99
55062,WIPI1,VMP1,9606.ENSP00000262139,9606.ENSP00000262291,0.0,0.0,0.798,0.802
79726,WDR59,RHEB,9606.ENSP00000262144,9606.ENSP00000262187,0.0,0.4,0.53,0.712
4092,SMAD7,SMAD2,9606.ENSP00000262158,9606.ENSP00000262160,0.639,0.9,0.562,0.983
4092,SMAD7,YY1,9606.ENSP00000262158,9606.ENSP00000262238,0.067,0.0,0.549,0.578
4092,SMAD7,AXIN1,9606.ENSP00000262158,9606.ENSP00000262320,0.516,0.0,0.846,0.924
4092,SMAD7,SMURF2,9606.ENSP00000262158,9606.ENSP00000262435,0.96,0.9,0.998,0.999
4087,SMAD2,YY1,9606.ENSP00000262160,9606.ENSP00000262238,0.39,0.0,0.279,0.546
4087,SMAD2,AXIN1,9606.ENSP00000262160,9606.ENSP00000262320,0.091,0.0,0.611,0.632
4087,SMAD2,CREBBP,9606.ENSP00000262160,9606.ENSP00000262367,0.841,0.0,0.914,0.986
4087,SMAD2,SMURF2,9606.ENSP00000262160,9606.ENSP00000262435,0.914,0.9,0.992,0.999
6009,RHEB,CCNE1,9606.ENSP00000262187,9606.ENSP00000262643,0.091,0.0,0.425,0.456
6604,SMARCD3,CREBBP,9606.ENSP00000262188,9606.ENSP00000262367,0.0,0.4,0.192,0.494
58508,KMT2C,CREBBP,9606.ENSP00000262189,9606.ENSP00000262367,0.11,0.0,0.755,0.822
58508,KMT2C,ITGA2B,9606.ENSP00000262189,9606.ENSP00000262407,0.0,0.5,0.0,0.499
58508,KMT2C,SRCAP,9606.ENSP00000262189,9606.ENSP00000262518,0.081,0.0,0.444,0.582
58508,KMT2C,SETD1A,9606.ENSP00000262189,9606.ENSP00000262519,0.32,0.4,0.971,0.988
5689,PSMB1,ELOB,9606.ENSP00000262193,9606.ENSP00000262306,0.0,0.4,0.134,0.546
5689,PSMB1,AXIN1,9606.ENSP00000262193,9606.ENSP00000262320,0.047,0.4,0.064,0.418
5689,PSMB1,SMURF2,9606.ENSP00000262193,9606.ENSP00000262435,0.0,0.4,0.128,0.454
5689,PSMB1,CCNE1,9606.ENSP00000262193,9606.ENSP00000262643,0.0,0.4,0.0,0.404
23471,TRAM1,TMED2,9606.ENSP00000262213,9606.ENSP00000262225,0.0,0.0,0.156,0.534
10959,TMED2,ERP44,9606.ENSP00000262225,9606.ENSP00000262455,0.218,0.0,0.125,0.401
10959,TMED2,CHST8,9606.ENSP00000262225,9606.ENSP00000262622,0.461,0.0,0.0,0.461
7528,YY1,RCOR1,9606.ENSP00000262238,9606.ENSP00000262241,0.054,0.0,0.388,0.469
7528,YY1,CREBBP,9606.ENSP00000262238,9606.ENSP00000262367,0.33,0.8,0.622,0.951
7528,YY1,SMURF2,9606.ENSP00000262238,9606.ENSP00000262435,0.525,0.0,0.264,0.638
7528,YY1,SRCAP,9606.ENSP00000262238,9606.ENSP00000262518,0.116,0.54,0.175,0.655
7528,YY1,SETD1A,9606.ENSP00000262238,9606.ENSP00000262519,0.11,0.0,0.543,0.598
23186,RCOR1,SETD1A,9606.ENSP00000262241,9606.ENSP00000262519,0.059,0.0,0.702,0.72
945,CD33,ITGA2B,9606.ENSP00000262262,9606.ENSP00000262407,0.071,0.0,0.596,0.616
945,CD33,TYROBP,9606.ENSP00000262262,9606.ENSP00000262629,0.045,0.0,0.873,0.897
55011,PIH1D1,CHTF18,9606.ENSP00000262265,9606.ENSP00000262315,0.0,0.0,0.677,0.687
55011,PIH1D1,TELO2,9606.ENSP00000262265,9606.ENSP00000262319,0.679,0.0,0.672,0.892
9088,PKMYT1,CHTF18,9606.ENSP00000262300,9606.ENSP00000262315,0.0,0.0,0.09,0.437
9088,PKMYT1,CCNE1,9606.ENSP00000262300,9606.ENSP00000262643,0.0,0.0,0.412,0.512
5310,PKD1,RAB11FIP3,9606.ENSP00000262304,9606.ENSP00000262305,0.0,0.5,0.098,0.564
5310,PKD1,INVS,9606.ENSP00000262304,9606.ENSP00000262457,0.048,0.0,0.556,0.563
6923,ELOB,WSB1,9606.ENSP00000262306,9606.ENSP00000262394,0.429,0.4,0.633,0.863
6923,ELOB,GINS1,9606.ENSP00000262306,9606.ENSP00000262460,0.8,0.0,0.0,0.8
63922,CHTF18,TELO2,9606.ENSP00000262315,9606.ENSP00000262319,0.0,0.0,0.287,0.572
63922,CHTF18,GINS1,9606.ENSP00000262315,9606.ENSP00000262460,0.126,0.0,0.173,0.441
8312,AXIN1,CREBBP,9606.ENSP00000262320,9606.ENSP00000262367,0.0,0.0,0.446,0.461
8312,AXIN1,SMURF2,9606.ENSP00000262320,9606.ENSP00000262435,0.292,0.7,0.411,0.87
8312,AXIN1,GNAO1,9606.ENSP00000262320,9606.ENSP00000262494,0.23,0.0,0.693,0.758
8312,AXIN1,CSNK2A2,9606.ENSP00000262320,9606.ENSP00000262506,0.0,0.0,0.584,0.588
8312,AXIN1,SETD1A,9606.ENSP00000262320,9606.ENSP00000262519,0.0,0.0,0.373,0.41
8312,AXIN1,CCNE1,9606.ENSP00000262320,9606.ENSP00000262643,0.0,0.0,0.426,0.437
1387,CREBBP,SRCAP,9606.ENSP00000262367,9606.ENSP00000262518,0.522,0.0,0.85,0.944
1387,CREBBP,SETD1A,9606.ENSP00000262367,9606.ENSP00000262519,0.328,0.0,0.271,0.557
1387,CREBBP,CCNE1,9606.ENSP00000262367,9606.ENSP00000262643,0.292,0.0,0.296,0.487
26118,WSB1,SETD1A,9606.ENSP00000262394,9606.ENSP00000262519,0.43,0.0,0.166,0.513
9618,TRAF4,SMURF2,9606.ENSP00000262395,9606.ENSP00000262435,0.348,0.0,0.475,0.643
8787,RGS9,GNAO1,9606.ENSP00000262406,9606.ENSP00000262494,0.479,0.0,0.314,0.652
3674,ITGA2B,SETD1A,9606.ENSP00000262407,9606.ENSP00000262519,0.0,0.5,0.078,0.519
9837,GINS1,CCNE1,9606.ENSP00000262460,9606.ENSP00000262643,0.0,0.0,0.336,0.441
6558,SLC12A2,SPTLC1,9606.ENSP00000262461,9606.ENSP00000262554,0.0,0.0,0.398,0.419
140862,ISM1,SPTLC1,9606.ENSP00000262487,9606.ENSP00000262554,0.531,0.532,0.279,0.833
10847,SRCAP,SETD1A,9606.ENSP00000262518,9606.ENSP00000262519,0.112,0.0,0.295,0.468
5862,RAB2A,MAPK3,9606.ENSP00000262646,9606.ENSP00000263025,0.098,0.4,0.515,0.734
5862,RAB2A,RAB36,9606.ENSP00000262646,9606.ENSP00000263116,0.118,0.0,0.34,0.418
9139,CBFA2T2,TCF3,9606.ENSP00000262653,9606.ENSP00000262965,0.078,0.0,0.588,0.604
22985,ACIN1,PIAS4,9606.ENSP00000262710,9606.ENSP00000262971,0.0,0.0,0.397,0.405
7011,TEP1,SMG6,9606.ENSP00000262715,9606.ENSP00000263073,0.071,0.54,0.08,0.584
23239,PHLPP1,MAPK3,9606.ENSP00000262719,9606.ENSP00000263025,0.105,0.0,0.38,0.421
8503,PIK3R3,SLA2,9606.ENSP00000262741,9606.ENSP00000262866,0.093,0.54,0.046,0.567
8503,PIK3R3,GNA15,9606.ENSP00000262741,9606.ENSP00000262958,0.0,0.5,0.045,0.51
8503,PIK3R3,GAB1,9606.ENSP00000262741,9606.ENSP00000262995,0.199,0.9,0.113,0.924
8503,PIK3R3,PLD2,9606.ENSP00000262741,9606.ENSP00000263088,0.0,0.4,0.069,0.417
7077,TIMP2,MAPK3,9606.ENSP00000262768,9606.ENSP00000263025,0.0,0.0,0.425,0.468
10552,ARPC1A,ACTR3,9606.ENSP00000262942,9606.ENSP00000263238,0.991,0.72,0.924,0.999
5605,MAP2K2,MAPK3,9606.ENSP00000262948,9606.ENSP00000263025,0.732,0.9,0.6,0.99
5605,MAP2K2,MAP3K8,9606.ENSP00000262948,9606.ENSP00000263056,0.0,0.9,0.219,0.925
2549,GAB1,A1BG,9606.ENSP00000262995,9606.ENSP00000263100,0.0,0.0,0.401,0.401
79066,METTL16,DGCR8,9606.ENSP00000263092,9606.ENSP00000263209,0.0,0.0,0.369,0.402
10347,ABCA7,UBE2R2,9606.ENSP00000263094,9606.ENSP00000263228,0.045,0.0,0.403,0.405
829,CAPZA1,KIF18A,9606.ENSP00000263168,9606.ENSP00000263181,0.0,0.5,0.0,0.533
829,CAPZA1,ACTR3,9606.ENSP00000263168,9606.ENSP00000263238,0.144,0.0,0.21,0.711
829,CAPZA1,ARFGAP3,9606.ENSP00000263168,9606.ENSP00000263245,0.0,0.5,0.0,0.507
81930,KIF18A,ARFGAP3,9606.ENSP00000263181,9606.ENSP00000263245,0.0,0.5,0.0,0.499
9993,DGCR2,UFD1,9606.ENSP00000263196,9606.ENSP00000263202,0.0,0.0,0.75,0.766
9993,DGCR2,MED15,9606.ENSP00000263196,9606.ENSP00000263205,0.0,0.0,0.542,0.583
9993,DGCR2,ARVCF,9606.ENSP00000263196,9606.ENSP00000263207,0.0,0.0,0.405,0.431
9993,DGCR2,HIRA,9606.ENSP00000263196,9606.ENSP00000263208,0.0,0.0,0.857,0.863
9993,DGCR2,DGCR8,9606.ENSP00000263196,9606.ENSP00000263209,0.0,0.0,0.425,0.437
9993,DGCR2,PPM1F,9606.ENSP00000263196,9606.ENSP00000263212,0.0,0.0,0.49,0.5
7353,UFD1,HIRA,9606.ENSP00000263202,9606.ENSP00000263208,0.0,0.0,0.631,0.642
51586,MED15,PPM1F,9606.ENSP00000263205,9606.ENSP00000263212,0.0,0.0,0.425,0.435
54487,DGCR8,DDX18,9606.ENSP00000263209,9606.ENSP00000263239,0.209,0.0,0.414,0.517
2033,EP300,LIG1,9606.ENSP00000263253,9606.ENSP00000263274,0.0,0.4,0.164,0.494
2033,EP300,PAX8,9606.ENSP00000263253,9606.ENSP00000263334,0.294,0.0,0.508,0.638
2033,EP300,IL1B,9606.ENSP00000263253,9606.ENSP00000263341,0.292,0.0,0.608,0.71
2033,EP300,BRD4,9606.ENSP00000263253,9606.ENSP00000263377,0.787,0.0,0.927,0.988
2033,EP300,MED26,9606.ENSP00000263253,9606.ENSP00000263390,0.0,0.5,0.206,0.594
2033,EP300,TAF1B,9606.ENSP00000263253,9606.ENSP00000263663,0.23,0.5,0.113,0.632
2033,EP300,KAT2B,9606.ENSP00000263253,9606.ENSP00000263754,0.841,0.9,0.998,0.999
2033,EP300,POLR1A,9606.ENSP00000263253,9606.ENSP00000263857,0.0,0.5,0.085,0.526
3978,LIG1,ASF1B,9606.ENSP00000263274,9606.ENSP00000263382,0.0,0.0,0.211,0.446
3978,LIG1,POLD3,9606.ENSP00000263274,9606.ENSP00000263681,0.0,0.5,0.713,0.857
4063,LY9,IL7,9606.ENSP00000263285,9606.ENSP00000263851,0.0,0.0,0.436,0.455
3553,IL1B,BIRC3,9606.ENSP00000263341,9606.ENSP00000263464,0.0,0.0,0.445,0.518
3553,IL1B,LY75,9606.ENSP00000263341,9606.ENSP00000263636,0.0,0.0,0.383,0.404
3553,IL1B,CD81,9606.ENSP00000263341,9606.ENSP00000263645,0.0,0.0,0.501,0.531
3553,IL1B,SELP,9606.ENSP00000263341,9606.ENSP00000263686,0.0,0.0,0.721,0.746
3553,IL1B,IL7,9606.ENSP00000263341,9606.ENSP00000263851,0.0,0.0,0.905,0.909
8775,NAPA,VAMP8,9606.ENSP00000263354,9606.ENSP00000263864,0.844,0.54,0.747,0.98
8775,NAPA,USE1,9606.ENSP00000263354,9606.ENSP00000263897,0.81,0.54,0.669,0.968
645,BLVRB,NDUFS3,9606.ENSP00000263368,9606.ENSP00000263774,0.571,0.253,0.243,0.876
23476,BRD4,MED26,9606.ENSP00000263377,9606.ENSP00000263390,0.51,0.0,0.37,0.684
23476,BRD4,POLR1A,9606.ENSP00000263377,9606.ENSP00000263857,0.325,0.0,0.183,0.43
9466,IL27RA,IL7,9606.ENSP00000263379,9606.ENSP00000263851,0.0,0.65,0.269,0.74
55723,ASF1B,SGO1,9606.ENSP00000263382,9606.ENSP00000263753,0.0,0.0,0.207,0.518
55723,ASF1B,KAT2B,9606.ENSP00000263382,9606.ENSP00000263754,0.27,0.0,0.427,0.564
10994,ILVBL,NDUFS3,9606.ENSP00000263383,9606.ENSP00000263774,0.359,0.0,0.048,0.438
26017,FAM32A,SNRNP40,9606.ENSP00000263384,9606.ENSP00000263694,0.8,0.0,0.11,0.82
9441,MED26,POLR1A,9606.ENSP00000263390,9606.ENSP00000263857,0.404,0.0,0.14,0.504
330,BIRC3,TNFRSF8,9606.ENSP00000263464,9606.ENSP00000263932,0.0,0.0,0.441,0.46
9559,VPS26A,GRB14,9606.ENSP00000263559,9606.ENSP00000263915,0.0,0.0,0.413,0.412
55572,FOXRED1,NDUFS3,9606.ENSP00000263578,9606.ENSP00000263774,0.292,0.72,0.729,0.946
4528,MTIF2,EIF2AK4,9606.ENSP00000263629,9606.ENSP00000263791,0.068,0.0,0.349,0.486
4528,MTIF2,POLR1A,9606.ENSP00000263629,9606.ENSP00000263857,0.252,0.0,0.281,0.815
4065,LY75,GRB14,9606.ENSP00000263636,9606.ENSP00000263915,0.0,0.0,0.417,0.417
114879,OSBPL5,OSBP,9606.ENSP00000263650,9606.ENSP00000263847,0.091,0.0,0.492,0.532
9014,TAF1B,KAT2B,9606.ENSP00000263663,9606.ENSP00000263754,0.226,0.5,0.072,0.609
9014,TAF1B,POLR1A,9606.ENSP00000263663,9606.ENSP00000263857,0.162,0.5,0.447,0.75
9410,SNRNP40,DNAJC8,9606.ENSP00000263694,9606.ENSP00000263697,0.0,0.5,0.0,0.617
8850,KAT2B,POLR1A,9606.ENSP00000263754,9606.ENSP00000263857,0.314,0.5,0.056,0.66
25978,CHMP2B,CHMP3,9606.ENSP00000263780,9606.ENSP00000263856,0.632,0.9,0.887,0.996
25978,CHMP2B,STAM2,9606.ENSP00000263780,9606.ENSP00000263904,0.0,0.72,0.402,0.847
79968,WDR76,POLR1A,9606.ENSP00000263795,9606.ENSP00000263857,0.535,0.0,0.053,0.55
51652,CHMP3,STAM2,9606.ENSP00000263856,9606.ENSP00000263904,0.0,0.72,0.786,0.939
8673,VAMP8,USE1,9606.ENSP00000263864,9606.ENSP00000263897,0.055,0.54,0.369,0.703
8673,VAMP8,STAM2,9606.ENSP00000263864,9606.ENSP00000263904,0.0,0.5,0.191,0.578
55850,USE1,KIF1B,9606.ENSP00000263897,9606.ENSP00000263934,0.0,0.5,0.0,0.507
26511,CHIC2,LNX1,9606.ENSP00000263921,9606.ENSP00000263925,0.0,0.0,0.409,0.409
5290,PIK3CA,CBL,9606.ENSP00000263967,9606.ENSP00000264033,0.629,0.65,0.186,0.887
5290,PIK3CA,MCAM,9606.ENSP00000263967,9606.ENSP00000264036,0.0,0.4,0.132,0.456
5290,PIK3CA,TXK,9606.ENSP00000263967,9606.ENSP00000264316,0.069,0.9,0.128,0.914
5290,PIK3CA,PIKFYVE,9606.ENSP00000263967,9606.ENSP00000264380,0.0,0.0,0.535,0.555
5290,PIK3CA,CUL3,9606.ENSP00000263967,9606.ENSP00000264414,0.071,0.0,0.311,0.496
6548,SLC9A1,TXNDC9,9606.ENSP00000263980,9606.ENSP00000264255,0.045,0.0,0.418,0.42
5188,GATB,DARS1,9606.ENSP00000263985,9606.ENSP00000264161,0.487,0.585,0.281,0.987
5188,GATB,PPAT,9606.ENSP00000263985,9606.ENSP00000264220,0.0,0.809,0.351,0.89
5188,GATB,GFM1,9606.ENSP00000263985,9606.ENSP00000264263,0.088,0.0,0.272,0.549
5188,GATB,PRKG2,9606.ENSP00000263985,9606.ENSP00000264399,0.0,0.402,0.055,0.41
23301,EHBP1,IFT57,9606.ENSP00000263991,9606.ENSP00000264538,0.47,0.0,0.0,0.47
3931,LCAT,PIKFYVE,9606.ENSP00000264005,9606.ENSP00000264380,0.501,0.0,0.126,0.546
56912,IFT46,BBS7,9606.ENSP00000264020,9606.ENSP00000264499,0.0,0.0,0.553,0.572
56912,IFT46,IFT57,9606.ENSP00000264020,9606.ENSP00000264538,0.868,0.8,0.982,0.999
867,CBL,YWHAE,9606.ENSP00000264033,9606.ENSP00000264335,0.43,0.0,0.119,0.483
867,CBL,UBE2S,9606.ENSP00000264033,9606.ENSP00000264552,0.0,0.0,0.738,0.738
9855,FARP2,ALS2,9606.ENSP00000264042,9606.ENSP00000264276,0.0,0.0,0.372,0.435
57192,MCOLN1,PIKFYVE,9606.ENSP00000264079,9606.ENSP00000264380,0.0,0.0,0.676,0.676
1386,ATF2,PRKG2,9606.ENSP00000264110,9606.ENSP00000264399,0.083,0.65,0.076,0.682
1386,ATF2,CUL3,9606.ENSP00000264110,9606.ENSP00000264414,0.292,0.0,0.218,0.464
4175,MCM6,ZRANB3,9606.ENSP00000264156,9606.ENSP00000264159,0.073,0.0,0.352,0.425
51742,ARID4B,MXD1,9606.ENSP00000264183,9606.ENSP00000264444,0.591,0.0,0.14,0.636
84273,NOA1,NOP58,9606.ENSP00000264230,9606.ENSP00000264279,0.099,0.0,0.065,0.431
79031,PDCL3,TXNDC9,9606.ENSP00000264254,9606.ENSP00000264255,0.364,0.0,0.393,0.615
10190,TXNDC9,YWHAE,9606.ENSP00000264255,9606.ENSP00000264335,0.061,0.0,0.844,0.852
7531,YWHAE,CUL3,9606.ENSP00000264335,9606.ENSP00000264414,0.068,0.0,0.447,0.489
10144,FAM13A,HERC5,9606.ENSP00000264344,9606.ENSP00000264350,0.0,0.0,0.418,0.418
55008,HERC6,HERC5,9606.ENSP00000264346,9606.ENSP00000264350,0.0,0.0,0.101,0.798
5593,PRKG2,RASGEF1B,9606.ENSP00000264399,9606.ENSP00000264400,0.0,0.0,0.918,0.919
8452,CUL3,UBE2S,9606.ENSP00000264414,9606.ENSP00000264552,0.166,0.0,0.494,0.56
55212,BBS7,IFT57,9606.ENSP00000264499,9606.ENSP00000264538,0.0,0.0,0.64,0.641
175,AGA,ARSB,9606.ENSP00000264595,9606.ENSP00000264914,0.0,0.0,0.471,0.489
9759,HDAC4,STAT3,9606.ENSP00000264606,9606.ENSP00000264657,0.071,0.0,0.404,0.449
9759,HDAC4,DNMT3A,9606.ENSP00000264606,9606.ENSP00000264709,0.052,0.0,0.52,0.541
9759,HDAC4,NUP54,9606.ENSP00000264606,9606.ENSP00000264883,0.097,0.4,0.052,0.441
22794,CASC3,NUP54,9606.ENSP00000264645,9606.ENSP00000264883,0.0,0.5,0.0,0.499
22794,CASC3,THOC3,9606.ENSP00000264645,9606.ENSP00000265097,0.0,0.5,0.064,0.516
535,ATP6V0A1,TMEM175,9606.ENSP00000264649,9606.ENSP00000264771,0.0,0.0,0.47,0.53
6774,STAT3,DNMT3A,9606.ENSP00000264657,9606.ENSP00000264709,0.074,0.0,0.656,0.668
6774,STAT3,FOSL2,9606.ENSP00000264657,9606.ENSP00000264716,0.045,0.0,0.443,0.494
6774,STAT3,ICAM1,9606.ENSP00000264657,9606.ENSP00000264832,0.0,0.5,0.649,0.832
6774,STAT3,KLF1,9606.ENSP00000264657,9606.ENSP00000264834,0.058,0.0,0.557,0.565
6774,STAT3,SCARB2,9606.ENSP00000264657,9606.ENSP00000264896,0.0,0.0,0.477,0.508
6774,STAT3,ZAP70,9606.ENSP00000264657,9606.ENSP00000264972,0.096,0.0,0.459,0.501
6774,STAT3,GOLPH3,9606.ENSP00000264657,9606.ENSP00000265070,0.292,0.0,0.188,0.433
23530,NNT,BST1,9606.ENSP00000264663,9606.ENSP00000265016,0.0,0.9,0.131,0.909
1788,DNMT3A,KIF3C,9606.ENSP00000264709,9606.ENSP00000264712,0.074,0.0,0.377,0.419
10890,RAB10,TBC1D19,9606.ENSP00000264710,9606.ENSP00000264866,0.0,0.0,0.433,0.433
10890,RAB10,RAB7A,9606.ENSP00000264710,9606.ENSP00000265062,0.176,0.0,0.125,0.507
3797,KIF3C,CENPE,9606.ENSP00000264712,9606.ENSP00000265148,0.0,0.4,0.131,0.457
2355,FOSL2,ADD1,9606.ENSP00000264716,9606.ENSP00000264758,0.0,0.0,0.429,0.432
3680,ITGA9,SCARB2,9606.ENSP00000264741,9606.ENSP00000264896,0.0,0.0,0.431,0.431
4066,LYL1,KLF1,9606.ENSP00000264824,9606.ENSP00000264834,0.07,0.0,0.348,0.519
3383,ICAM1,SCARB2,9606.ENSP00000264832,9606.ENSP00000264896,0.0,0.0,0.81,0.811
3383,ICAM1,ZAP70,9606.ENSP00000264832,9606.ENSP00000264972,0.0,0.0,0.468,0.482
53371,NUP54,SCARB2,9606.ENSP00000264883,9606.ENSP00000264896,0.0,0.0,0.0,0.455
53371,NUP54,THOC3,9606.ENSP00000264883,9606.ENSP00000265097,0.0,0.4,0.34,0.591
950,SCARB2,SDHA,9606.ENSP00000264896,9606.ENSP00000264932,0.163,0.0,0.437,0.512
950,SCARB2,MGLL,9606.ENSP00000264896,9606.ENSP00000265052,0.0,0.0,0.435,0.436
8615,USO1,RAB7A,9606.ENSP00000264904,9606.ENSP00000265062,0.0,0.0,0.452,0.457
8615,USO1,GOLPH3,9606.ENSP00000264904,9606.ENSP00000265070,0.094,0.0,0.814,0.827
306,ANXA3,CPEB4,9606.ENSP00000264908,9606.ENSP00000265085,0.0,0.0,0.419,0.419
56852,RAD18,ERCC8,9606.ENSP00000264926,9606.ENSP00000265038,0.0,0.0,0.279,0.43
56852,RAD18,MSH3,9606.ENSP00000264926,9606.ENSP00000265081,0.0,0.0,0.433,0.558
56852,RAD18,SLF1,9606.ENSP00000264926,9606.ENSP00000265140,0.786,0.0,0.783,0.956
6389,SDHA,GRPEL1,9606.ENSP00000264932,9606.ENSP00000264954,0.0,0.0,0.41,0.421
6389,SDHA,MRPL3,9606.ENSP00000264932,9606.ENSP00000264995,0.0,0.0,0.312,0.407
54464,XRN1,MRPL3,9606.ENSP00000264951,9606.ENSP00000264995,0.327,0.0,0.155,0.414
54464,XRN1,SUB1,9606.ENSP00000264951,9606.ENSP00000265073,0.0,0.0,0.479,0.484
7535,ZAP70,RAB7A,9606.ENSP00000264972,9606.ENSP00000265062,0.055,0.4,0.0,0.408
1161,ERCC8,MSH3,9606.ENSP00000265038,9606.ENSP00000265081,0.0,0.72,0.326,0.823
4171,MCM2,CENPE,9606.ENSP00000265056,9606.ENSP00000265148,0.0,0.0,0.071,0.408
55100,WDR70,SLC1A3,9606.ENSP00000265107,9606.ENSP00000265113,0.0,0.0,0.697,0.697
51176,LEF1,EGF,9606.ENSP00000265165,9606.ENSP00000265171,0.0,0.0,0.446,0.446
1950,EGF,NRP1,9606.ENSP00000265171,9606.ENSP00000265371,0.0,0.0,0.786,0.786
1950,EGF,ANK1,9606.ENSP00000265171,9606.ENSP00000265709,0.0,0.0,0.479,0.489
1950,EGF,CDK6,9606.ENSP00000265171,9606.ENSP00000265734,0.0,0.0,0.462,0.462
9061,PAPSS1,B3GAT3,9606.ENSP00000265174,9606.ENSP00000265471,0.0,0.0,0.428,0.428
57678,GPAM,CPT1A,9606.ENSP00000265276,9606.ENSP00000265641,0.0,0.0,0.551,0.551
9477,MED20,CDK6,9606.ENSP00000265350,9606.ENSP00000265734,0.0,0.54,0.0,0.543
9477,MED20,GTF2H1,9606.ENSP00000265350,9606.ENSP00000265963,0.812,0.0,0.137,0.833
57510,XPO5,TNPO3,9606.ENSP00000265351,9606.ENSP00000265388,0.0,0.0,0.491,0.618
57510,XPO5,CDK6,9606.ENSP00000265351,9606.ENSP00000265734,0.065,0.0,0.39,0.422
10512,SEMA3C,NRP1,9606.ENSP00000265361,9606.ENSP00000265371,0.097,0.9,0.979,0.998
8395,PIP5K1B,PIK3C2A,9606.ENSP00000265382,9606.ENSP00000265970,0.0,0.9,0.221,0.92
11112,HIBADH,MCCC1,9606.ENSP00000265395,9606.ENSP00000265594,0.0,0.0,0.543,0.585
4683,NBN,PMS2,9606.ENSP00000265433,9606.ENSP00000265849,0.0,0.0,0.473,0.496
4683,NBN,MAPKAP1,9606.ENSP00000265433,9606.ENSP00000265960,0.292,0.0,0.372,0.548
23649,POLA2,DBF4,9606.ENSP00000265465,9606.ENSP00000265728,0.0,0.5,0.244,0.623
7375,USP4,IDE,9606.ENSP00000265560,9606.ENSP00000265986,0.0,0.0,0.0,0.755
5576,PRKAR2A,PRKAR2B,9606.ENSP00000265563,9606.ENSP00000265717,0.837,0.9,0.425,0.989
22937,SCAP,SQLE,9606.ENSP00000265565,9606.ENSP00000265896,0.0,0.0,0.534,0.548
56922,MCCC1,ACAT1,9606.ENSP00000265594,9606.ENSP00000265838,0.094,0.154,0.163,0.402
1374,CPT1A,ACAT1,9606.ENSP00000265641,9606.ENSP00000265838,0.0,0.0,0.418,0.426
26273,FBXO3,GTF2H1,9606.ENSP00000265651,9606.ENSP00000265963,0.0,0.0,0.419,0.428
1119,CHKA,CDK6,9606.ENSP00000265689,9606.ENSP00000265734,0.0,0.0,0.706,0.709
1119,CHKA,MAPKAP1,9606.ENSP00000265689,9606.ENSP00000265960,0.449,0.0,0.122,0.5
286,ANK1,CDK6,9606.ENSP00000265709,9606.ENSP00000265734,0.094,0.0,0.566,0.592
5577,PRKAR2B,DUS4L,9606.ENSP00000265717,9606.ENSP00000265720,0.0,0.0,0.516,0.521
5244,ABCB4,SRI,9606.ENSP00000265723,9606.ENSP00000265729,0.0,0.0,0.575,0.595
53616,ADAM22,ADAM28,9606.ENSP00000265727,9606.ENSP00000265769,0.126,0.0,0.888,0.897
84060,RBM48,ANKIB1,9606.ENSP00000265732,9606.ENSP00000265742,0.0,0.0,0.477,0.488
38,ACAT1,SQLE,9606.ENSP00000265838,9606.ENSP00000265896,0.0,0.0,0.597,0.662
2965,GTF2H1,HPS5,9606.ENSP00000265963,9606.ENSP00000265967,0.0,0.0,0.3,0.414
26297,SERGEF,HPS5,9606.ENSP00000265965,9606.ENSP00000265967,0.0,0.0,0.425,0.425
1616,DAXX,GID8,9606.ENSP00000266000,9606.ENSP00000266069,0.206,0.0,0.363,0.48
1616,DAXX,RB1,9606.ENSP00000266000,9606.ENSP00000267163,0.045,0.0,0.517,0.519
1616,DAXX,TINF2,9606.ENSP00000266000,9606.ENSP00000267415,0.095,0.5,0.407,0.718
3700,ITIH4,CACNA1C,9606.ENSP00000266041,9606.ENSP00000266376,0.058,0.0,0.453,0.464
3700,ITIH4,C1RL,9606.ENSP00000266041,9606.ENSP00000266542,0.096,0.0,0.333,0.419
11083,DIDO1,PRPF6,9606.ENSP00000266070,9606.ENSP00000266079,0.0,0.0,0.156,0.404
11083,DIDO1,TINF2,9606.ENSP00000266070,9606.ENSP00000267415,0.0,0.5,0.0,0.501
24148,PRPF6,SNRPF,9606.ENSP00000266079,9606.ENSP00000266735,0.995,0.9,0.128,0.999
24148,PRPF6,MFAP1,9606.ENSP00000266079,9606.ENSP00000267812,0.99,0.9,0.432,0.999
7008,TEF,ARNTL2,9606.ENSP00000266304,9606.ENSP00000266503,0.071,0.0,0.439,0.456
775,CACNA1C,REM2,9606.ENSP00000266376,9606.ENSP00000267396,0.0,0.0,0.477,0.477
121506,ERP27,CLSTN3,9606.ENSP00000266397,9606.ENSP00000266546,0.0,0.0,0.491,0.495
85437,ZCRB1,TMEM117,9606.ENSP00000266529,9606.ENSP00000266534,0.0,0.0,0.504,0.512
85437,ZCRB1,SNRPF,9606.ENSP00000266529,9606.ENSP00000266735,0.41,0.72,0.074,0.85
10219,KLRG1,CD27,9606.ENSP00000266551,9606.ENSP00000266557,0.0,0.0,0.811,0.828
10219,KLRG1,ITGB7,9606.ENSP00000266551,9606.ENSP00000267082,0.0,0.0,0.521,0.543
55080,TAPBPL,CD27,9606.ENSP00000266556,9606.ENSP00000266557,0.0,0.0,0.547,0.644
939,CD27,ITGB7,9606.ENSP00000266557,9606.ENSP00000267082,0.0,0.0,0.595,0.662
11052,CPSF6,SNRPF,9606.ENSP00000266679,9606.ENSP00000266735,0.191,0.0,0.0,0.609
11052,CPSF6,MFAP1,9606.ENSP00000266679,9606.ENSP00000267812,0.36,0.0,0.0,0.594
7112,TMPO,ESYT1,9606.ENSP00000266732,9606.ENSP00000267113,0.196,0.4,0.0,0.501
7112,TMPO,RHOF,9606.ENSP00000266732,9606.ENSP00000267205,0.171,0.5,0.048,0.571
6636,SNRPF,MFAP1,9606.ENSP00000266735,9606.ENSP00000267812,0.832,0.9,0.255,0.991
1017,CDK2,RB1,9606.ENSP00000266970,9606.ENSP00000267163,0.991,0.9,0.821,0.999
1017,CDK2,TINF2,9606.ENSP00000266970,9606.ENSP00000267415,0.091,0.4,0.155,0.5
23344,ESYT1,RHOF,9606.ENSP00000267113,9606.ENSP00000267205,0.143,0.5,0.043,0.556
5925,RB1,HDC,9606.ENSP00000267163,9606.ENSP00000267845,0.0,0.0,0.429,0.429
161424,NOP9,ZNF280D,9606.ENSP00000267425,9606.ENSP00000267807,0.0,0.0,0.433,0.433
146057,TTBK2,AFG3L2,9606.ENSP00000267890,9606.ENSP00000269143,0.0,0.0,0.574,0.574
54939,COMMD4,COPS3,9606.ENSP00000267935,9606.ENSP00000268717,0.0,0.4,0.0,0.42
597,BCL2A1,NCOR1,9606.ENSP00000267953,9606.ENSP00000268712,0.0,0.0,0.498,0.497
597,BCL2A1,TP53,9606.ENSP00000267953,9606.ENSP00000269305,0.068,0.0,0.686,0.699
91947,ARRDC4,TRIM65,9606.ENSP00000268042,9606.ENSP00000269383,0.292,0.0,0.585,0.693
585,BBS4,NEK8,9606.ENSP00000268057,9606.ENSP00000268766,0.0,0.0,0.488,0.51
585,BBS4,CEP131,9606.ENSP00000268057,9606.ENSP00000269392,0.106,0.0,0.624,0.662
5371,PML,NCOR1,9606.ENSP00000268058,9606.ENSP00000268712,0.512,0.4,0.433,0.821
5371,PML,TP53,9606.ENSP00000268058,9606.ENSP00000269305,0.874,0.5,0.509,0.967
8826,IQGAP1,ERBB2,9606.ENSP00000268182,9606.ENSP00000269571,0.292,0.0,0.724,0.796
79631,EFL1,PRPSAP2,9606.ENSP00000268206,9606.ENSP00000268835,0.06,0.0,0.141,0.429
146547,PRSS36,DEF8,9606.ENSP00000268281,9606.ENSP00000268676,0.0,0.0,0.533,0.534
7385,UQCRC2,NDUFB10,9606.ENSP00000268379,9606.ENSP00000268668,0.912,0.172,0.475,0.968
7385,UQCRC2,AFG3L2,9606.ENSP00000268379,9606.ENSP00000269143,0.236,0.0,0.401,0.572
54957,TXNL4B,NOB1,9606.ENSP00000268483,9606.ENSP00000268802,0.292,0.0,0.806,0.872
54957,TXNL4B,TXNL4A,9606.ENSP00000268483,9606.ENSP00000269601,0.0,0.54,0.114,0.589
54849,DEF8,GAS8,9606.ENSP00000268676,9606.ENSP00000268699,0.0,0.0,0.464,0.472
863,CBFA2T3,NCOR1,9606.ENSP00000268679,9606.ENSP00000268712,0.51,0.0,0.68,0.838
863,CBFA2T3,AKAP8,9606.ENSP00000268679,9606.ENSP00000269701,0.0,0.0,0.578,0.578
55090,MED9,NCOR1,9606.ENSP00000268711,9606.ENSP00000268712,0.0,0.5,0.0,0.507
55090,MED9,COPS3,9606.ENSP00000268711,9606.ENSP00000268717,0.0,0.0,0.474,0.486
9611,NCOR1,TP53,9606.ENSP00000268712,9606.ENSP00000269305,0.495,0.0,0.717,0.853
9611,NCOR1,ERBB2,9606.ENSP00000268712,9606.ENSP00000269571,0.0,0.0,0.4,0.4
8533,COPS3,PRPSAP2,9606.ENSP00000268717,9606.ENSP00000268835,0.0,0.0,0.306,0.421
79018,GID4,PRPSAP2,9606.ENSP00000268719,9606.ENSP00000268835,0.0,0.0,0.417,0.432
146862,UNC45B,RNF157,9606.ENSP00000268876,9606.ENSP00000269391,0.0,0.0,0.434,0.434
29919,RMC1,NPC1,9606.ENSP00000269221,9606.ENSP00000269228,0.0,0.0,0.349,0.422
84225,ZMYND15,SECTM1,9606.ENSP00000269289,9606.ENSP00000269389,0.0,0.0,0.327,0.4
7157,TP53,TRIM65,9606.ENSP00000269305,9606.ENSP00000269383,0.625,0.0,0.179,0.686
7157,TP53,CBX8,9606.ENSP00000269305,9606.ENSP00000269385,0.0,0.5,0.232,0.602
7157,TP53,CBX4,9606.ENSP00000269305,9606.ENSP00000269397,0.0,0.5,0.271,0.621
7157,TP53,ERBB2,9606.ENSP00000269305,9606.ENSP00000269571,0.172,0.0,0.924,0.935
57332,CBX8,CBX4,9606.ENSP00000269385,9606.ENSP00000269397,0.746,0.9,0.965,0.999
63977,PRDM15,KLHDC4,9606.ENSP00000269844,9606.ENSP00000270583,0.0,0.0,0.205,0.45
63977,PRDM15,SETDB1,9606.ENSP00000269844,9606.ENSP00000271640,0.095,0.0,0.218,0.435
5211,PFKL,BCKDHA,9606.ENSP00000269848,9606.ENSP00000269980,0.0,0.22,0.205,0.426
5211,PFKL,PGD,9606.ENSP00000269848,9606.ENSP00000270776,0.0,0.0,0.544,0.618
6455,SH3GL1,RPS27A,9606.ENSP00000269886,9606.ENSP00000272317,0.054,0.5,0.049,0.512
90324,CCDC97,SF3B4,9606.ENSP00000269967,9606.ENSP00000271628,0.592,0.0,0.444,0.788
56006,SMG9,RPS27A,9606.ENSP00000270066,9606.ENSP00000272317,0.0,0.0,0.426,0.429
3454,IFNAR1,FCGR2A,9606.ENSP00000270139,9606.ENSP00000271450,0.0,0.0,0.371,0.423
6647,SOD1,PSMB6,9606.ENSP00000270142,9606.ENSP00000270586,0.074,0.65,0.07,0.741
6647,SOD1,PSMA5,9606.ENSP00000270142,9606.ENSP00000271308,0.0,0.65,0.116,0.746
10055,SAE1,PSMB6,9606.ENSP00000270225,9606.ENSP00000270586,0.316,0.0,0.211,0.503
90580,TIMM29,TIMM44,9606.ENSP00000270502,9606.ENSP00000270538,0.0,0.0,0.418,0.436
5694,PSMB6,PSMA5,9606.ENSP00000270586,9606.ENSP00000271308,0.994,0.9,0.715,0.999
5694,PSMB6,RPS27A,9606.ENSP00000270586,9606.ENSP00000272317,0.901,0.5,0.119,0.962
6205,RPS11,EIF2D,9606.ENSP00000270625,9606.ENSP00000271764,0.832,0.0,0.0,0.834
6205,RPS11,ACP1,9606.ENSP00000270625,9606.ENSP00000272067,0.429,0.0,0.0,0.45
6205,RPS11,RPS27A,9606.ENSP00000270625,9606.ENSP00000272317,0.992,0.9,0.547,0.999
6205,RPS11,ETAA1,9606.ENSP00000270625,9606.ENSP00000272342,0.467,0.0,0.099,0.506
49856,WRAP73,PRCC,9606.ENSP00000270708,9606.ENSP00000271526,0.505,0.0,0.0,0.544
128272,ARHGEF19,RHOB,9606.ENSP00000270747,9606.ENSP00000272233,0.0,0.4,0.0,0.4
5226,PGD,ACP1,9606.ENSP00000270776,9606.ENSP00000272067,0.0,0.266,0.41,0.56
10733,PLK4,NUF2,9606.ENSP00000270861,9606.ENSP00000271452,0.0,0.0,0.503,0.82
5686,PSMA5,RPS27A,9606.ENSP00000271308,9606.ENSP00000272317,0.896,0.5,0.067,0.962
5546,PRCC,SF3B4,9606.ENSP00000271526,9606.ENSP00000271628,0.0,0.0,0.155,0.522
9869,SETDB1,POGZ,9606.ENSP00000271640,9606.ENSP00000271715,0.101,0.0,0.072,0.415
1939,EIF2D,RPS27A,9606.ENSP00000271764,9606.ENSP00000272317,0.8,0.0,0.063,0.811
64969,MRPS5,AMMECR1L,9606.ENSP00000272418,9606.ENSP00000272647,0.0,0.0,0.447,0.447
64969,MRPS5,ATP6V1A,9606.ENSP00000272418,9606.ENSP00000273398,0.087,0.0,0.161,0.469
64969,MRPS5,RPL37,9606.ENSP00000272418,9606.ENSP00000274242,0.298,0.0,0.072,0.475
64969,MRPS5,NHP2,9606.ENSP00000272418,9606.ENSP00000274606,0.461,0.0,0.159,0.716
5899,RALB,RASA1,9606.ENSP00000272519,9606.ENSP00000274376,0.099,0.0,0.413,0.475
5433,POLR2D,EAF2,9606.ENSP00000272645,9606.ENSP00000273668,0.319,0.5,0.0,0.644
5433,POLR2D,GTF2H2,9606.ENSP00000272645,9606.ENSP00000274400,0.906,0.5,0.337,0.966
5868,RAB5A,RASA1,9606.ENSP00000273047,9606.ENSP00000274376,0.071,0.0,0.875,0.881
58190,CTDSP1,CTDSPL,9606.ENSP00000273062,9606.ENSP00000273179,0.833,0.0,0.07,0.842
6508,SLC4A3,PNKD,9606.ENSP00000273063,9606.ENSP00000273077,0.0,0.0,0.598,0.598
10217,CTDSPL,LIMD1,9606.ENSP00000273179,9606.ENSP00000273317,0.065,0.0,0.431,0.453
55347,ABHD10,ABHD14A,9606.ENSP00000273359,9606.ENSP00000273596,0.0,0.0,0.5,0.509
9616,RNF7,SKP2,9606.ENSP00000273480,9606.ENSP00000274255,0.292,0.0,0.453,0.596
9616,RNF7,COMMD10,9606.ENSP00000273480,9606.ENSP00000274458,0.0,0.5,0.0,0.509
57461,ISY1,ZMAT2,9606.ENSP00000273541,9606.ENSP00000274712,0.0,0.4,0.0,0.46
275,AMT,NICN1,9606.ENSP00000273588,9606.ENSP00000273598,0.0,0.0,0.2,0.761
93587,TRMT10A,CDKAL1,9606.ENSP00000273962,9606.ENSP00000274695,0.0,0.0,0.577,0.585
493856,CISD2,NDUFS6,9606.ENSP00000273986,9606.ENSP00000274137,0.401,0.0,0.0,0.433
166378,SPATA5,MARCHF6,9606.ENSP00000274008,9606.ENSP00000274140,0.572,0.0,0.278,0.677
166378,SPATA5,TIMD4,9606.ENSP00000274008,9606.ENSP00000274532,0.474,0.0,0.048,0.49
92345,NAF1,NHP2,9606.ENSP00000274054,9606.ENSP00000274606,0.922,0.72,0.353,0.986
6167,RPL37,PELO,9606.ENSP00000274242,9606.ENSP00000274311,0.856,0.0,0.0,0.856
6167,RPL37,NHP2,9606.ENSP00000274242,9606.ENSP00000274606,0.229,0.0,0.11,0.462
5921,RASA1,ARHGAP26,9606.ENSP00000274376,9606.ENSP00000274498,0.071,0.0,0.638,0.652
56929,FEM1C,COMMD10,9606.ENSP00000274457,9606.ENSP00000274458,0.0,0.5,0.0,0.511
192286,HIGD2A,NDUFB11,9606.ENSP00000274787,9606.ENSP00000276062,0.0,0.0,0.104,0.438
192286,HIGD2A,NDUFB9,9606.ENSP00000274787,9606.ENSP00000276689,0.0,0.0,0.219,0.432
29777,ABT1,NOM1,9606.ENSP00000274849,9606.ENSP00000275820,0.954,0.0,0.329,0.971
55023,PHIP,SHPRH,9606.ENSP00000275034,9606.ENSP00000275233,0.1,0.0,0.093,0.482
55023,PHIP,FAM120A,9606.ENSP00000275034,9606.ENSP00000277165,0.421,0.0,0.0,0.433
55023,PHIP,SSRP1,9606.ENSP00000275034,9606.ENSP00000278412,0.422,0.0,0.137,0.484
253714,MMS22L,SSRP1,9606.ENSP00000275053,9606.ENSP00000278412,0.784,0.0,0.151,0.815
79017,GGCT,DOCK11,9606.ENSP00000275428,9606.ENSP00000276202,0.0,0.0,0.544,0.544
908,CCT6A,RPS3,9606.ENSP00000275603,9606.ENSP00000278572,0.145,0.0,0.172,0.682
64434,NOM1,RPS3,9606.ENSP00000275820,9606.ENSP00000278572,0.292,0.0,0.198,0.417
54539,NDUFB11,NDUFB9,9606.ENSP00000276062,9606.ENSP00000276689,0.992,0.967,0.635,0.999
4841,NONO,SSRP1,9606.ENSP00000276079,9606.ENSP00000278412,0.0,0.0,0.237,0.449
139818,DOCK11,DOCK5,9606.ENSP00000276202,9606.ENSP00000276440,0.0,0.0,0.414,0.442
84296,GINS4,SSRP1,9606.ENSP00000276533,9606.ENSP00000278412,0.647,0.0,0.296,0.747
4715,NDUFB9,TATDN1,9606.ENSP00000276689,9606.ENSP00000276692,0.0,0.0,0.324,0.474
84933,C8orf76,ZNF16,9606.ENSP00000276704,9606.ENSP00000276816,0.0,0.0,0.37,0.408
10280,SIGMAR1,HSD17B12,9606.ENSP00000277010,9606.ENSP00000278353,0.0,0.0,0.492,0.494
3983,ABLIM1,LIN7C,9606.ENSP00000277895,9606.ENSP00000278193,0.472,0.0,0.174,0.56
4863,NPAT,ATM,9606.ENSP00000278612,9606.ENSP00000278616,0.071,0.0,0.654,0.722
472,ATM,CEP164,9606.ENSP00000278616,9606.ENSP00000278935,0.0,0.0,0.797,0.8
472,ATM,PPP4C,9606.ENSP00000278616,9606.ENSP00000279387,0.088,0.0,0.453,0.488
60496,AASDHPPT,OXSM,9606.ENSP00000278618,9606.ENSP00000280701,0.0,0.0,0.374,0.761
3995,FADS3,OXSM,9606.ENSP00000278829,9606.ENSP00000280701,0.0,0.0,0.424,0.466
9415,FADS2,OXSM,9606.ENSP00000278840,9606.ENSP00000280701,0.0,0.0,0.406,0.449
22981,NINL,CEP164,9606.ENSP00000278886,9606.ENSP00000278935,0.055,0.0,0.466,0.483
22897,CEP164,SCLT1,9606.ENSP00000278935,9606.ENSP00000281142,0.06,0.9,0.97,0.997
10205,MPZL2,MPZL3,9606.ENSP00000278937,9606.ENSP00000278949,0.405,0.0,0.267,0.585
10398,MYL9,ANK3,9606.ENSP00000279022,9606.ENSP00000280772,0.104,0.0,0.432,0.473
149986,LSM14B,CABLES2,9606.ENSP00000279068,9606.ENSP00000279101,0.0,0.0,0.0,0.441
149986,LSM14B,DCP1B,9606.ENSP00000279068,9606.ENSP00000280665,0.479,0.0,0.526,0.746
9049,AIP,PLBD2,9606.ENSP00000279146,9606.ENSP00000280800,0.0,0.0,0.405,0.41
740,MRPL49,SLC2A13,9606.ENSP00000279242,9606.ENSP00000280871,0.395,0.0,0.067,0.421
5531,PPP4C,HIRIP3,9606.ENSP00000279387,9606.ENSP00000279392,0.0,0.0,0.6,0.615
5531,PPP4C,CCT5,9606.ENSP00000279387,9606.ENSP00000280326,0.785,0.0,0.189,0.826
1848,DUSP6,PTS,9606.ENSP00000279488,9606.ENSP00000280362,0.0,0.0,0.504,0.505
22948,CCT5,PIH1D2,9606.ENSP00000280326,9606.ENSP00000280350,0.0,0.54,0.052,0.545
1737,DLAT,OXSM,9606.ENSP00000280346,9606.ENSP00000280701,0.0,0.0,0.394,0.437
1737,DLAT,NARS2,9606.ENSP00000280346,9606.ENSP00000281038,0.0,0.0,0.106,0.401
1737,DLAT,ACAD8,9606.ENSP00000280346,9606.ENSP00000281182,0.0,0.218,0.214,0.421
5805,PTS,PTPRO,9606.ENSP00000280362,9606.ENSP00000281171,0.071,0.0,0.608,0.621
5805,PTS,QDPR,9606.ENSP00000280362,9606.ENSP00000281243,0.0,0.11,0.781,0.803
8562,DENR,NUBPL,9606.ENSP00000280557,9606.ENSP00000281081,0.0,0.0,0.0,0.429
55768,NGLY1,OXSM,9606.ENSP00000280700,9606.ENSP00000280701,0.0,0.0,0.389,0.422
54995,OXSM,QDPR,9606.ENSP00000280701,9606.ENSP00000281243,0.168,0.154,0.127,0.451
132321,C4orf33,KHDRBS2,9606.ENSP00000281146,9606.ENSP00000281156,0.0,0.0,0.459,0.459
27034,ACAD8,VPS26B,9606.ENSP00000281182,9606.ENSP00000281187,0.0,0.0,0.32,0.422
27034,ACAD8,QDPR,9606.ENSP00000281182,9606.ENSP00000281243,0.046,0.174,0.251,0.403
5281,PIGF,FLT1,9606.ENSP00000281382,9606.ENSP00000282397,0.0,0.0,0.506,0.506
79682,CENPU,CENPH,9606.ENSP00000281453,9606.ENSP00000283006,0.958,0.8,0.992,0.999
4931,NVL,RIOK2,9606.ENSP00000281701,9606.ENSP00000283109,0.0,0.0,0.174,0.543
10056,FARSB,MARS2,9606.ENSP00000281828,9606.ENSP00000282276,0.0,0.0,0.522,0.674
23389,MED13L,NIPBL,9606.ENSP00000281928,9606.ENSP00000282516,0.081,0.0,0.359,0.528
23389,MED13L,MED21,9606.ENSP00000281928,9606.ENSP00000282892,0.83,0.8,0.241,0.971
79833,GEMIN6,RANBP2,9606.ENSP00000281950,9606.ENSP00000283195,0.0,0.4,0.0,0.414
120534,ARL14EP,RIOK2,9606.ENSP00000282032,9606.ENSP00000283109,0.0,0.0,0.0,0.483
57724,EPG5,ATG10,9606.ENSP00000282041,9606.ENSP00000282185,0.0,0.0,0.412,0.412
57724,EPG5,ATG3,9606.ENSP00000282041,9606.ENSP00000283290,0.0,0.0,0.606,0.606
5140,PDE3B,CAMK4,9606.ENSP00000282096,9606.ENSP00000282356,0.0,0.65,0.064,0.666
83734,ATG10,ATG3,9606.ENSP00000282185,9606.ENSP00000283290,0.24,0.0,0.947,0.958
143884,CWF19L2,UXS1,9606.ENSP00000282251,9606.ENSP00000283148,0.0,0.0,0.426,0.426
55521,TRIM36,CENPH,9606.ENSP00000282369,9606.ENSP00000283006,0.314,0.0,0.85,0.893
5495,PPM1B,RANBP2,9606.ENSP00000282412,9606.ENSP00000283195,0.128,0.5,0.072,0.647
25836,NIPBL,SMARCA5,9606.ENSP00000282516,9606.ENSP00000283131,0.119,0.0,0.301,0.59
23171,GPD1L,LPCAT1,9606.ENSP00000282541,9606.ENSP00000283415,0.0,0.253,0.229,0.413
3081,HGD,ACAA2,9606.ENSP00000283871,9606.ENSP00000285093,0.0,0.0,0.383,0.414
2960,GTF2E1,ERCC3,9606.ENSP00000283875,9606.ENSP00000285398,0.996,0.9,0.776,0.999
2960,GTF2E1,MED7,9606.ENSP00000283875,9606.ENSP00000286317,0.925,0.0,0.325,0.952
136895,C7orf31,CCDC146,9606.ENSP00000283905,9606.ENSP00000285871,0.0,0.0,0.545,0.548
3206,HOXA10,WNT7A,9606.ENSP00000283921,9606.ENSP00000285018,0.0,0.0,0.463,0.463
8526,DGKE,AGPAT5,9606.ENSP00000284061,9606.ENSP00000285518,0.0,0.65,0.104,0.678
124540,MSI2,ANKRD40,9606.ENSP00000284073,9606.ENSP00000285243,0.43,0.0,0.0,0.437
90268,OTULIN,OTUD6B,9606.ENSP00000284274,9606.ENSP00000285420,0.0,0.0,0.491,0.505
4900,NRGN,APP,9606.ENSP00000284292,9606.ENSP00000284981,0.0,0.0,0.604,0.613
9868,TOMM70,OXA1L,9606.ENSP00000284320,9606.ENSP00000285848,0.0,0.0,0.722,0.746
23460,ABCA6,ABCC3,9606.ENSP00000284425,9606.ENSP00000285238,0.1,0.0,0.444,0.487
252969,NEIL2,ERCC3,9606.ENSP00000284503,9606.ENSP00000285398,0.0,0.0,0.449,0.454
81559,TRIM11,APP,9606.ENSP00000284551,9606.ENSP00000284981,0.0,0.0,0.461,0.468
55760,DHX32,NIFK,9606.ENSP00000284690,9606.ENSP00000285814,0.19,0.0,0.286,0.591
29789,OLA1,OXA1L,9606.ENSP00000284719,9606.ENSP00000285848,0.0,0.0,0.166,0.486
518,ATP5MC3,OXA1L,9606.ENSP00000284727,9606.ENSP00000285848,0.419,0.0,0.415,0.689
351,APP,CSF1R,9606.ENSP00000284981,9606.ENSP00000286301,0.047,0.0,0.401,0.413
9510,ADAMTS1,ADAMTS5,9606.ENSP00000284984,9606.ENSP00000284987,0.0,0.0,0.428,0.503
7508,XPC,ERCC3,9606.ENSP00000285021,9606.ENSP00000285398,0.747,0.54,0.736,0.972
51373,MRPS17,OXA1L,9606.ENSP00000285298,9606.ENSP00000285848,0.8,0.0,0.104,0.815
2071,ERCC3,MED7,9606.ENSP00000285398,9606.ENSP00000286317,0.925,0.0,0.573,0.966
6782,HSPA13,SAMSN1,9606.ENSP00000285667,9606.ENSP00000285670,0.0,0.0,0.419,0.486
6782,HSPA13,NUP205,9606.ENSP00000285667,9606.ENSP00000285968,0.071,0.4,0.0,0.428
389,RHOC,CSF1R,9606.ENSP00000285735,9606.ENSP00000286301,0.071,0.0,0.357,0.416
25929,GEMIN5,NUP205,9606.ENSP00000285873,9606.ENSP00000285968,0.0,0.4,0.0,0.499
25929,GEMIN5,LSM11,9606.ENSP00000285873,9606.ENSP00000286307,0.184,0.0,0.324,0.444
1836,SLC26A2,CSF1R,9606.ENSP00000286298,9606.ENSP00000286301,0.0,0.0,0.567,0.567
5922,RASA2,KAT6B,9606.ENSP00000286364,9606.ENSP00000287239,0.0,0.0,0.39,0.418
5922,RASA2,MRAS,9606.ENSP00000286364,9606.ENSP00000289104,0.084,0.9,0.422,0.942
483,ATP1B3,KCNMA1,9606.ENSP00000286371,9606.ENSP00000286628,0.084,0.0,0.367,0.402
10592,SMC2,ATAD2,9606.ENSP00000286398,9606.ENSP00000287394,0.071,0.0,0.074,0.538
10592,SMC2,NSMCE2,9606.ENSP00000286398,9606.ENSP00000287437,0.484,0.0,0.375,0.671
10592,SMC2,BUB1B,9606.ENSP00000286398,9606.ENSP00000287598,0.087,0.0,0.16,0.668
10592,SMC2,FANCD2,9606.ENSP00000286398,9606.ENSP00000287647,0.0,0.0,0.127,0.496
10592,SMC2,CCNB2,9606.ENSP00000286398,9606.ENSP00000288207,0.073,0.4,0.259,0.711
51643,TMBIM4,ZNF19,9606.ENSP00000286424,9606.ENSP00000288177,0.0,0.0,0.441,0.441
7411,VBP1,CCT8,9606.ENSP00000286428,9606.ENSP00000286788,0.92,0.5,0.296,0.982
2776,GNAQ,PRKAG2,9606.ENSP00000286548,9606.ENSP00000287878,0.0,0.65,0.095,0.677
2776,GNAQ,FZD1,9606.ENSP00000286548,9606.ENSP00000287934,0.0,0.9,0.429,0.94
2776,GNAQ,KIT,9606.ENSP00000286548,9606.ENSP00000288135,0.0,0.0,0.741,0.789
2776,GNAQ,MRAS,9606.ENSP00000286548,9606.ENSP00000289104,0.0,0.65,0.108,0.68
157657,C8orf37,DRAM2,9606.ENSP00000286688,9606.ENSP00000286692,0.0,0.0,0.439,0.439
2040,STOM,ZDHHC5,9606.ENSP00000286713,9606.ENSP00000287169,0.312,0.0,0.199,0.426
7074,TIAM1,MRAS,9606.ENSP00000286827,9606.ENSP00000289104,0.128,0.9,0.22,0.926
51001,MTERF3,MRPL17,9606.ENSP00000287025,9606.ENSP00000288937,0.43,0.0,0.0,0.471
219743,TYSND1,PEX10,9606.ENSP00000287078,9606.ENSP00000288774,0.0,0.5,0.507,0.769
9131,AIFM1,EXOG,9606.ENSP00000287295,9606.ENSP00000287675,0.248,0.0,0.341,0.483
9131,AIFM1,PDPR,9606.ENSP00000287295,9606.ENSP00000288050,0.132,0.281,0.094,0.408
9530,BAG4,FMNL2,9606.ENSP00000287322,9606.ENSP00000288670,0.0,0.0,0.696,0.696
93594,TBC1D31,ATAD2,9606.ENSP00000287380,9606.ENSP00000287394,0.0,0.0,0.469,0.599
55093,WDYHV1,ATAD2,9606.ENSP00000287387,9606.ENSP00000287394,0.0,0.0,0.564,0.614
55093,WDYHV1,NTAN1,9606.ENSP00000287387,9606.ENSP00000287706,0.23,0.0,0.717,0.776
29028,ATAD2,BUB1B,9606.ENSP00000287394,9606.ENSP00000287598,0.0,0.0,0.219,0.519
29028,ATAD2,CCNB2,9606.ENSP00000287394,9606.ENSP00000288207,0.067,0.0,0.224,0.459
701,BUB1B,FANCD2,9606.ENSP00000287598,9606.ENSP00000287647,0.0,0.0,0.258,0.584
701,BUB1B,CCNB2,9606.ENSP00000287598,9606.ENSP00000288207,0.279,0.4,0.914,0.993
2177,FANCD2,FANCC,9606.ENSP00000287647,9606.ENSP00000289081,0.911,0.9,0.98,0.999
5468,PPARG,HMGCR,9606.ENSP00000287820,9606.ENSP00000287936,0.0,0.0,0.66,0.661
5468,PPARG,KIT,9606.ENSP00000287820,9606.ENSP00000288135,0.045,0.0,0.419,0.439
51422,PRKAG2,HMGCR,9606.ENSP00000287878,9606.ENSP00000287936,0.094,0.9,0.311,0.932
64146,PDF,MRPL17,9606.ENSP00000288022,9606.ENSP00000288937,0.951,0.0,0.0,0.953
121665,SPPL3,WIPI2,9606.ENSP00000288680,9606.ENSP00000288828,0.0,0.0,0.044,0.441
55571,CNOT11,BTG2,9606.ENSP00000289382,9606.ENSP00000290551,0.0,0.5,0.178,0.571
653361,NCF1,FCER1G,9606.ENSP00000289473,9606.ENSP00000289902,0.0,0.0,0.24,0.441
653361,NCF1,CBR1,9606.ENSP00000289473,9606.ENSP00000290349,0.421,0.0,0.0,0.42
653361,NCF1,ACE,9606.ENSP00000289473,9606.ENSP00000290866,0.0,0.0,0.426,0.43
56833,SLAMF8,FCER1G,9606.ENSP00000289707,9606.ENSP00000289902,0.0,0.0,0.387,0.526
3837,KPNB1,NCOA5,9606.ENSP00000290158,9606.ENSP00000290231,0.408,0.0,0.204,0.542
539,ATP5PO,ATP6V0D1,9606.ENSP00000290299,9606.ENSP00000290949,0.204,0.54,0.167,0.683
873,CBR1,CBR3,9606.ENSP00000290349,9606.ENSP00000290354,0.727,0.9,0.338,0.983
873,CBR1,MCAT,9606.ENSP00000290349,9606.ENSP00000290429,0.145,0.0,0.127,0.403
874,CBR3,MCAT,9606.ENSP00000290354,9606.ENSP00000290429,0.145,0.0,0.127,0.407
84865,CCDC142,M1AP,9606.ENSP00000290418,9606.ENSP00000290536,0.0,0.0,0.459,0.459
5692,PSMB4,TNFRSF13C,9606.ENSP00000290541,9606.ENSP00000291232,0.0,0.4,0.0,0.4
3099,HK2,MED8,9606.ENSP00000290573,9606.ENSP00000290663,0.0,0.0,0.407,0.416
267,AMFR,UBR1,9606.ENSP00000290649,9606.ENSP00000290650,0.275,0.0,0.476,0.604
197131,UBR1,PKNOX1,9606.ENSP00000290650,9606.ENSP00000291547,0.347,0.0,0.516,0.692
1636,ACE,CALM3,9606.ENSP00000290866,9606.ENSP00000291295,0.0,0.0,0.76,0.76
808,CALM3,CSTB,9606.ENSP00000291295,9606.ENSP00000291568,0.045,0.0,0.389,0.408
5316,PKNOX1,U2AF1,9606.ENSP00000291547,9606.ENSP00000291552,0.0,0.0,0.559,0.559
1476,CSTB,TRAPPC10,9606.ENSP00000291568,9606.ENSP00000291574,0.0,0.0,0.792,0.793
1476,CSTB,PWP2,9606.ENSP00000291568,9606.ENSP00000291576,0.0,0.0,0.565,0.565
7109,TRAPPC10,PWP2,9606.ENSP00000291574,9606.ENSP00000291576,0.0,0.0,0.924,0.94
84221,SPATC1L,C21orf58,9606.ENSP00000291672,9606.ENSP00000291691,0.0,0.0,0.475,0.479
8888,MCM3AP,C21orf58,9606.ENSP00000291688,9606.ENSP00000291691,0.0,0.0,0.434,0.438
9437,NCR1,CCR2,9606.ENSP00000291890,9606.ENSP00000292301,0.0,0.0,0.39,0.431
9437,NCR1,CCR5,9606.ENSP00000291890,9606.ENSP00000292303,0.0,0.0,0.418,0.458
9442,MED27,POLR2J,9606.ENSP00000292035,9606.ENSP00000292614,0.846,0.0,0.175,0.87
9442,MED27,MED11,9606.ENSP00000292035,9606.ENSP00000293777,0.962,0.8,0.953,0.999
653583,PHLDB3,ETHE1,9606.ENSP00000292140,9606.ENSP00000292147,0.0,0.0,0.645,0.655
643,CXCR5,CCR2,9606.ENSP00000292174,9606.ENSP00000292301,0.0,0.5,0.459,0.736
643,CXCR5,CCR5,9606.ENSP00000292174,9606.ENSP00000292303,0.0,0.5,0.525,0.771
643,CXCR5,STAT5B,9606.ENSP00000292174,9606.ENSP00000293328,0.0,0.0,0.44,0.44
643,CXCR5,CXCL16,9606.ENSP00000292174,9606.ENSP00000293778,0.0,0.65,0.637,0.867
729230,CCR2,CCR5,9606.ENSP00000292301,9606.ENSP00000292303,0.0,0.5,0.983,0.993
729230,CCR2,CXCL16,9606.ENSP00000292301,9606.ENSP00000293778,0.0,0.65,0.743,0.908
1234,CCR5,STAT5B,9606.ENSP00000292303,9606.ENSP00000293328,0.292,0.0,0.351,0.524
1234,CCR5,CXCL16,9606.ENSP00000292303,9606.ENSP00000293778,0.0,0.65,0.839,0.944
151903,CCDC12,U2AF1L4,9606.ENSP00000292314,9606.ENSP00000292879,0.0,0.5,0.0,0.534
55658,RNF126,LRWD1,9606.ENSP00000292363,9606.ENSP00000292616,0.412,0.0,0.044,0.427
3101,HK3,BAX,9606.ENSP00000292432,9606.ENSP00000293288,0.0,0.9,0.0,0.901
10898,CPSF4,PTCD1,9606.ENSP00000292476,9606.ENSP00000292478,0.0,0.0,0.226,0.403
9684,LRRC14,PPP1R16A,9606.ENSP00000292524,9606.ENSP00000292539,0.0,0.0,0.587,0.628
9684,LRRC14,YDJC,9606.ENSP00000292524,9606.ENSP00000292778,0.0,0.368,0.308,0.588
5439,POLR2J,MED11,9606.ENSP00000292614,9606.ENSP00000293777,0.818,0.0,0.205,0.868
10197,PSME3,TNFSF12,9606.ENSP00000293362,9606.ENSP00000293825,0.0,0.4,0.0,0.428
58191,CXCL16,TNFSF12,9606.ENSP00000293778,9606.ENSP00000293825,0.0,0.0,0.451,0.465
1973,EIF4A1,RPL29,9606.ENSP00000293831,9606.ENSP00000294189,0.095,0.0,0.238,0.458
51728,POLR3K,LUC7L,9606.ENSP00000293860,9606.ENSP00000293872,0.0,0.0,0.438,0.44
51728,POLR3K,IWS1,9606.ENSP00000293860,9606.ENSP00000295321,0.399,0.0,0.115,0.445
197335,WDR90,WDR24,9606.ENSP00000293879,9606.ENSP00000293883,0.0,0.0,0.484,0.5
197335,WDR90,WDR92,9606.ENSP00000293879,9606.ENSP00000295121,0.409,0.0,0.076,0.43
197335,WDR90,CCDC138,9606.ENSP00000293879,9606.ENSP00000295124,0.0,0.0,0.434,0.437
84464,SLX4,SPRTN,9606.ENSP00000294008,9606.ENSP00000295050,0.292,0.0,0.348,0.548
115,ADCY9,GNG3,9606.ENSP00000294016,9606.ENSP00000294117,0.0,0.65,0.0,0.65
51517,NCKIPSD,ARPC5,9606.ENSP00000294129,9606.ENSP00000294742,0.967,0.5,0.324,0.987
6811,STX5,ZFPL1,9606.ENSP00000294179,9606.ENSP00000294258,0.073,0.0,0.428,0.526
4041,LRP5,DRAXIN,9606.ENSP00000294304,9606.ENSP00000294485,0.0,0.0,0.499,0.499
10158,PDZK1IP1,TAL1,9606.ENSP00000294338,9606.ENSP00000294339,0.0,0.0,0.529,0.536
6886,TAL1,GFI1,9606.ENSP00000294339,9606.ENSP00000294702,0.07,0.5,0.64,0.831
7805,LAPTM5,ARHGAP15,9606.ENSP00000294507,9606.ENSP00000295095,0.0,0.0,0.202,0.463
129285,PPP1R21,WDCP,9606.ENSP00000294952,9606.ENSP00000295148,0.0,0.0,0.418,0.423
1293,COL6A3,FSTL1,9606.ENSP00000295550,9606.ENSP00000295633,0.094,0.0,0.205,0.419
60675,PROK2,CXCR1,9606.ENSP00000295619,9606.ENSP00000295683,0.0,0.0,0.222,0.533
116064,LRRC58,FSTL1,9606.ENSP00000295628,9606.ENSP00000295633,0.0,0.0,0.202,0.597
10109,ARPC2,ABI2,9606.ENSP00000295685,9606.ENSP00000295851,0.0,0.5,0.281,0.646
7203,CCT3,SSR2,9606.ENSP00000295688,9606.ENSP00000295702,0.0,0.0,0.198,0.402
6746,SSR2,STT3B,9606.ENSP00000295702,9606.ENSP00000295770,0.0,0.0,0.428,0.503
6746,SSR2,RPN1,9606.ENSP00000295702,9606.ENSP00000296255,0.836,0.5,0.167,0.944
57650,CIP2A,MAD2L1,9606.ENSP00000295746,9606.ENSP00000296509,0.133,0.0,0.076,0.411
79885,HDAC11,H2AZ1,9606.ENSP00000295757,9606.ENSP00000296417,0.132,0.65,0.232,0.751
79411,GLB1L,EFHB,9606.ENSP00000295759,9606.ENSP00000295824,0.0,0.0,0.349,0.414
201595,STT3B,RPN1,9606.ENSP00000295770,9606.ENSP00000296255,0.995,0.9,0.966,0.999
5584,PRKCI,CDCP1,9606.ENSP00000295797,9606.ENSP00000296129,0.0,0.0,0.4,0.403
54884,RETSAT,ADH5,9606.ENSP00000295802,9606.ENSP00000296412,0.0,0.9,0.134,0.915
56648,EIF5A2,MRPL33,9606.ENSP00000295822,9606.ENSP00000296102,0.786,0.0,0.228,0.9
56648,EIF5A2,METAP1,9606.ENSP00000295822,9606.ENSP00000296411,0.287,0.0,0.166,0.548
152185,SPICE1,POC1A,9606.ENSP00000295872,9606.ENSP00000296484,0.0,0.0,0.447,0.447
5806,PTX3,CAMP,9606.ENSP00000295927,9606.ENSP00000296435,0.0,0.0,0.549,0.55
201895,SMIM14,RBM47,9606.ENSP00000295958,9606.ENSP00000295971,0.0,0.0,0.451,0.466
57406,ABHD6,APEH,9606.ENSP00000295962,9606.ENSP00000296456,0.0,0.0,0.408,0.41
84818,IL17RC,CXCL5,9606.ENSP00000295981,9606.ENSP00000296027,0.0,0.0,0.412,0.412
151613,TTC14,SNIP1,9606.ENSP00000296015,9606.ENSP00000296215,0.488,0.0,0.074,0.562
2921,CXCL3,CXCL5,9606.ENSP00000296026,9606.ENSP00000296027,0.994,0.4,0.744,0.999
2921,CXCL3,PPBP,9606.ENSP00000296026,9606.ENSP00000296028,0.0,0.4,0.599,0.765
2921,CXCL3,PF4,9606.ENSP00000296026,9606.ENSP00000296029,0.0,0.4,0.175,0.529
2921,CXCL3,CCR1,9606.ENSP00000296026,9606.ENSP00000296140,0.0,0.65,0.65,0.878
6374,CXCL5,PPBP,9606.ENSP00000296027,9606.ENSP00000296028,0.0,0.4,0.601,0.833
6374,CXCL5,PF4,9606.ENSP00000296027,9606.ENSP00000296029,0.0,0.4,0.163,0.527
6374,CXCL5,CCR1,9606.ENSP00000296027,9606.ENSP00000296140,0.0,0.65,0.589,0.853
5473,PPBP,PF4,9606.ENSP00000296028,9606.ENSP00000296029,0.0,0.4,0.455,0.936
5473,PPBP,CCR1,9606.ENSP00000296028,9606.ENSP00000296140,0.0,0.65,0.418,0.817
5196,PF4,CCR1,9606.ENSP00000296029,9606.ENSP00000296140,0.0,0.65,0.691,0.895
9553,MRPL33,PIGX,9606.ENSP00000296102,9606.ENSP00000296333,0.171,0.0,0.251,0.401
54585,LZTFL1,FYCO1,9606.ENSP00000296135,9606.ENSP00000296137,0.0,0.0,0.805,0.836
3693,ITGB5,MAD2L1,9606.ENSP00000296181,9606.ENSP00000296509,0.0,0.0,0.443,0.478
7802,DNALI1,IFT122,9606.ENSP00000296218,9606.ENSP00000296266,0.0,0.0,0.401,0.406
55764,IFT122,MAD2L1,9606.ENSP00000296266,9606.ENSP00000296509,0.31,0.0,0.127,0.415
131540,ZDHHC19,UBXN7,9606.ENSP00000296326,9606.ENSP00000296328,0.0,0.0,0.566,0.566
128,ADH5,BDH2,9606.ENSP00000296412,9606.ENSP00000296424,0.059,0.177,0.164,0.414
3015,H2AZ1,HMGB2,9606.ENSP00000296417,9606.ENSP00000296503,0.254,0.0,0.119,0.632
3015,H2AZ1,SAP30,9606.ENSP00000296417,9606.ENSP00000296504,0.19,0.5,0.13,0.671
3015,H2AZ1,MAD2L1,9606.ENSP00000296417,9606.ENSP00000296509,0.197,0.0,0.12,0.642
150159,SLC9B1,BDH2,9606.ENSP00000296422,9606.ENSP00000296424,0.045,0.0,0.28,0.553
51246,SHISA5,APEH,9606.ENSP00000296444,9606.ENSP00000296456,0.066,0.0,0.374,0.458
25886,POC1A,WDR82,9606.ENSP00000296484,9606.ENSP00000296490,0.399,0.0,0.184,0.539
25886,POC1A,MAD2L1,9606.ENSP00000296484,9606.ENSP00000296509,0.093,0.0,0.28,0.494
3148,HMGB2,SAP30,9606.ENSP00000296503,9606.ENSP00000296504,0.0,0.0,0.186,0.447
308,ANXA5,IL15,9606.ENSP00000296511,9606.ENSP00000296545,0.0,0.0,0.441,0.485
308,ANXA5,ALDH1A1,9606.ENSP00000296511,9606.ENSP00000297785,0.0,0.0,0.403,0.432
3248,HPGD,ALDH1A1,9606.ENSP00000296522,9606.ENSP00000297785,0.069,0.173,0.253,0.435
80155,NAA15,ABCE1,9606.ENSP00000296543,9606.ENSP00000296577,0.0,0.0,0.0,0.602
3600,IL15,TLR3,9606.ENSP00000296545,9606.ENSP00000296795,0.0,0.0,0.591,0.675
3600,IL15,NFIL3,9606.ENSP00000296545,9606.ENSP00000297689,0.0,0.0,0.478,0.504
6059,ABCE1,RPS23,9606.ENSP00000296577,9606.ENSP00000296674,0.983,0.0,0.587,0.994
6059,ABCE1,UTP15,9606.ENSP00000296577,9606.ENSP00000296792,0.0,0.0,0.067,0.685
6059,ABCE1,ABCB8,9606.ENSP00000296577,9606.ENSP00000297504,0.0,0.0,0.575,0.575
6059,ABCE1,DCAF13,9606.ENSP00000296577,9606.ENSP00000297579,0.0,0.0,0.0,0.564
11157,LSM6,TCERG1,9606.ENSP00000296581,9606.ENSP00000296702,0.8,0.0,0.0,0.804
11157,LSM6,RPP25L,9606.ENSP00000296581,9606.ENSP00000297613,0.0,0.54,0.0,0.555
91942,NDUFAF2,NDUFS4,9606.ENSP00000296597,9606.ENSP00000296684,0.507,0.935,0.863,0.996
6228,RPS23,UTP15,9606.ENSP00000296674,9606.ENSP00000296792,0.987,0.4,0.076,0.992
6228,RPS23,NPM1,9606.ENSP00000296674,9606.ENSP00000296930,0.194,0.0,0.121,0.508
6228,RPS23,DCAF13,9606.ENSP00000296674,9606.ENSP00000297579,0.987,0.4,0.0,0.992
6228,RPS23,HSD3B7,9606.ENSP00000296674,9606.ENSP00000297679,0.431,0.0,0.134,0.539
55255,WDR41,RAD21,9606.ENSP00000296679,9606.ENSP00000297338,0.301,0.0,0.115,0.404
10915,TCERG1,NPM1,9606.ENSP00000296702,9606.ENSP00000296930,0.409,0.0,0.117,0.505
253260,RICTOR,NOS3,9606.ENSP00000296782,9606.ENSP00000297494,0.0,0.0,0.453,0.453
57763,ANKRA2,UTP15,9606.ENSP00000296785,9606.ENSP00000296792,0.0,0.0,0.374,0.409
84135,UTP15,NPM1,9606.ENSP00000296792,9606.ENSP00000296930,0.301,0.0,0.0,0.434
84135,UTP15,DCAF13,9606.ENSP00000296792,9606.ENSP00000297579,0.982,0.5,0.182,0.997
4869,NPM1,HSPA9,9606.ENSP00000296930,9606.ENSP00000297185,0.051,0.0,0.538,0.666
4869,NPM1,FABP5,9606.ENSP00000296930,9606.ENSP00000297258,0.0,0.0,0.441,0.46
4869,NPM1,RAD21,9606.ENSP00000296930,9606.ENSP00000297338,0.0,0.0,0.473,0.526
29896,TRA2A,PHAX,9606.ENSP00000297071,9606.ENSP00000297540,0.4,0.0,0.219,0.525
29896,TRA2A,VIRMA,9606.ENSP00000297071,9606.ENSP00000297591,0.074,0.0,0.505,0.55
3313,HSPA9,RAD21,9606.ENSP00000297185,9606.ENSP00000297338,0.401,0.0,0.056,0.445
5885,RAD21,MED30,9606.ENSP00000297338,9606.ENSP00000297347,0.0,0.0,0.445,0.552
81034,SLC25A32,DCAF13,9606.ENSP00000297578,9606.ENSP00000297579,0.0,0.0,0.515,0.568
65083,NOL6,RPUSD4,9606.ENSP00000297990,9606.ENSP00000298317,0.0,0.0,0.507,0.589
65083,NOL6,TRUB1,9606.ENSP00000297990,9606.ENSP00000298746,0.159,0.0,0.223,0.5
158234,TRMT10B,METTL3,9606.ENSP00000297994,9606.ENSP00000298717,0.0,0.0,0.366,0.427
158234,TRMT10B,TRUB1,9606.ENSP00000297994,9606.ENSP00000298746,0.0,0.0,0.388,0.439
115825,WDFY2,AK8,9606.ENSP00000298125,9606.ENSP00000298545,0.0,0.18,0.308,0.408
1073,CFL2,ARF6,9606.ENSP00000298159,9606.ENSP00000298316,0.045,0.0,0.444,0.461
51084,CRYL1,TTLL5,9606.ENSP00000298248,9606.ENSP00000298832,0.0,0.0,0.426,0.426
51585,PCF11,SNAPC4,9606.ENSP00000298281,9606.ENSP00000298532,0.0,0.4,0.0,0.4
51585,PCF11,CPSF2,9606.ENSP00000298281,9606.ENSP00000298875,0.967,0.54,0.865,0.998
122769,LRR1,NEMF,9606.ENSP00000298288,9606.ENSP00000298310,0.0,0.0,0.424,0.432
122769,LRR1,COPS2,9606.ENSP00000298288,9606.ENSP00000299259,0.79,0.0,0.0,0.793
55172,DNAAF2,TSC1,9606.ENSP00000298292,9606.ENSP00000298552,0.0,0.54,0.0,0.54
55172,DNAAF2,CCT2,9606.ENSP00000298292,9606.ENSP00000299300,0.0,0.54,0.0,0.549
382,ARF6,LRRK2,9606.ENSP00000298316,9606.ENSP00000298910,0.342,0.0,0.148,0.436
382,ARF6,VPS35,9606.ENSP00000298316,9606.ENSP00000299138,0.098,0.0,0.377,0.43
84881,RPUSD4,TRUB1,9606.ENSP00000298317,9606.ENSP00000298746,0.0,0.0,0.715,0.73
84881,RPUSD4,IKBIP,9606.ENSP00000298317,9606.ENSP00000299157,0.596,0.0,0.0,0.6
55176,SEC61A2,AK8,9606.ENSP00000298428,9606.ENSP00000298545,0.0,0.0,0.164,0.562
10935,PRDX3,LRRK2,9606.ENSP00000298510,9606.ENSP00000298910,0.632,0.0,0.279,0.725
10935,PRDX3,CCT2,9606.ENSP00000298510,9606.ENSP00000299300,0.087,0.0,0.435,0.534
6621,SNAPC4,AK8,9606.ENSP00000298532,9606.ENSP00000298545,0.0,0.0,0.476,0.476
90167,FRMD7,HPS6,9606.ENSP00000298542,9606.ENSP00000299238,0.0,0.0,0.418,0.418
7248,TSC1,CCT2,9606.ENSP00000298552,9606.ENSP00000299300,0.127,0.9,0.116,0.943
120892,LRRK2,VPS35,9606.ENSP00000298910,9606.ENSP00000299138,0.331,0.0,0.862,0.904
3990,LIPC,C2,9606.ENSP00000299022,9606.ENSP00000299367,0.045,0.0,0.395,0.402
1353,COX11,MSS51,9606.ENSP00000299335,9606.ENSP00000299432,0.06,0.0,0.496,0.506
6881,TAF10,TPP1,9606.ENSP00000299424,9606.ENSP00000299427,0.088,0.0,0.0,0.499
3419,IDH3A,CLPX,9606.ENSP00000299518,9606.ENSP00000300107,0.0,0.0,0.315,0.407
3419,IDH3A,ATP5MG,9606.ENSP00000299518,9606.ENSP00000300688,0.091,0.0,0.388,0.457
254225,RNF169,ZNF407,9606.ENSP00000299563,9606.ENSP00000299687,0.0,0.0,0.0,0.448
123169,LEO1,PCLAF,9606.ENSP00000299601,9606.ENSP00000300035,0.0,0.0,0.402,0.428
26253,CLEC4E,CLEC4D,9606.ENSP00000299663,9606.ENSP00000299665,0.057,0.9,0.739,0.986
26253,CLEC4E,NOD2,9606.ENSP00000299663,9606.ENSP00000300589,0.0,0.0,0.507,0.549
7084,TK2,COL6A2,9606.ENSP00000299697,9606.ENSP00000300527,0.125,0.0,0.383,0.438
7084,TK2,RRM1,9606.ENSP00000299697,9606.ENSP00000300738,0.0,0.14,0.3,0.48
23423,TMED3,MRPL16,9606.ENSP00000299705,9606.ENSP00000300151,0.502,0.0,0.0,0.582
23423,TMED3,MED1,9606.ENSP00000299705,9606.ENSP00000300651,0.399,0.0,0.0,0.439
7184,HSP90B1,PPIB,9606.ENSP00000299767,9606.ENSP00000300026,0.546,0.36,0.974,0.994
7184,HSP90B1,PDIA3,9606.ENSP00000299767,9606.ENSP00000300289,0.371,0.0,0.825,0.985
29781,NCAPH2,PLK1,9606.ENSP00000299821,9606.ENSP00000300093,0.292,0.5,0.103,0.689
9382,COG1,DCTN5,9606.ENSP00000299886,9606.ENSP00000300087,0.0,0.5,0.0,0.551
5479,PPIB,PDIA3,9606.ENSP00000300026,9606.ENSP00000300289,0.471,0.0,0.594,0.834
5479,PPIB,COL6A2,9606.ENSP00000300026,9606.ENSP00000300527,0.042,0.5,0.184,0.596
9768,PCLAF,PLK1,9606.ENSP00000300035,9606.ENSP00000300093,0.0,0.0,0.271,0.436
9768,PCLAF,TPX2,9606.ENSP00000300035,9606.ENSP00000300403,0.0,0.0,0.457,0.724
8800,PEX11A,MED1,9606.ENSP00000300056,9606.ENSP00000300651,0.0,0.4,0.0,0.4
290,ANPEP,RUNX1,9606.ENSP00000300060,9606.ENSP00000300305,0.0,0.0,0.518,0.539
54386,TERF2IP,PLK1,9606.ENSP00000300086,9606.ENSP00000300093,0.095,0.0,0.443,0.483
84516,DCTN5,PLK1,9606.ENSP00000300087,9606.ENSP00000300093,0.0,0.0,0.314,0.416
5347,PLK1,TPX2,9606.ENSP00000300093,9606.ENSP00000300403,0.0,0.0,0.727,0.944
5347,PLK1,RRM1,9606.ENSP00000300093,9606.ENSP00000300738,0.0,0.0,0.286,0.547
10845,CLPX,RRM1,9606.ENSP00000300107,9606.ENSP00000300738,0.0,0.0,0.353,0.406
4665,NAB2,STAT6,9606.ENSP00000300131,9606.ENSP00000300134,0.0,0.0,0.931,0.934
6778,STAT6,RUNX1,9606.ENSP00000300134,9606.ENSP00000300305,0.0,0.0,0.338,0.411
54948,MRPL16,GCN1,9606.ENSP00000300151,9606.ENSP00000300648,0.488,0.0,0.0,0.515
54948,MRPL16,MED1,9606.ENSP00000300151,9606.ENSP00000300651,0.497,0.0,0.194,0.83
11051,NUDT21,SNRPD1,9606.ENSP00000300291,9606.ENSP00000300413,0.0,0.0,0.055,0.71
22974,TPX2,RRM1,9606.ENSP00000300403,9606.ENSP00000300738,0.0,0.0,0.417,0.621
10985,GCN1,MED1,9606.ENSP00000300648,9606.ENSP00000300651,0.743,0.0,0.477,0.871
81620,CDT1,CHAF1A,9606.ENSP00000301019,9606.ENSP00000301280,0.0,0.0,0.352,0.711
81620,CDT1,BIRC5,9606.ENSP00000301019,9606.ENSP00000301633,0.0,0.0,0.484,0.781
81620,CDT1,DDB1,9606.ENSP00000301019,9606.ENSP00000301764,0.547,0.0,0.949,0.976
29123,ANKRD11,KMT2D,9606.ENSP00000301030,9606.ENSP00000301067,0.07,0.0,0.267,0.452
29123,ANKRD11,SRRM2,9606.ENSP00000301030,9606.ENSP00000301740,0.0,0.0,0.157,0.447
90313,TP53I13,MRPL58,9606.ENSP00000301057,9606.ENSP00000301585,0.164,0.0,0.299,0.521
7480,WNT10B,LTBP3,9606.ENSP00000301061,9606.ENSP00000301873,0.079,0.0,0.434,0.456
8085,KMT2D,POLR2G,9606.ENSP00000301067,9606.ENSP00000301788,0.0,0.5,0.0,0.514
558,AXL,IGFBP6,9606.ENSP00000301178,9606.ENSP00000301464,0.0,0.0,0.246,0.471
558,AXL,BIRC5,9606.ENSP00000301178,9606.ENSP00000301633,0.209,0.0,0.267,0.405
57609,DIP2B,ACSM1,9606.ENSP00000301180,9606.ENSP00000301956,0.0,0.187,0.103,0.443
94274,PPP1R14A,SPINT2,9606.ENSP00000301242,9606.ENSP00000301244,0.0,0.0,0.657,0.663
94274,PPP1R14A,C19orf33,9606.ENSP00000301242,9606.ENSP00000301246,0.0,0.0,0.77,0.78
10653,SPINT2,C19orf33,9606.ENSP00000301244,9606.ENSP00000301246,0.0,0.0,0.86,0.882
10653,SPINT2,PNOC,9606.ENSP00000301244,9606.ENSP00000301908,0.0,0.0,0.72,0.724
126259,TMIGD2,SRRM2,9606.ENSP00000301272,9606.ENSP00000301740,0.401,0.0,0.115,0.447
55630,SLC39A4,MFSD3,9606.ENSP00000301305,9606.ENSP00000301327,0.0,0.0,0.423,0.494
147948,ZNF582,ZFP28,9606.ENSP00000301310,9606.ENSP00000301318,0.091,0.0,0.067,0.401
113655,MFSD3,KIFC2,9606.ENSP00000301327,9606.ENSP00000301332,0.0,0.0,0.389,0.448
51031,GLOD4,PRDX2,9606.ENSP00000301329,9606.ENSP00000301522,0.209,0.0,0.272,0.454
4701,NDUFA7,MRPL58,9606.ENSP00000301457,9606.ENSP00000301585,0.088,0.0,0.0,0.507
4701,NDUFA7,ATP5PD,9606.ENSP00000301457,9606.ENSP00000301587,0.224,0.0,0.33,0.913
3489,IGFBP6,SOAT2,9606.ENSP00000301464,9606.ENSP00000301466,0.0,0.0,0.837,0.838
7001,PRDX2,ATP5PD,9606.ENSP00000301522,9606.ENSP00000301587,0.071,0.0,0.557,0.65
3396,MRPL58,ATP5PD,9606.ENSP00000301585,9606.ENSP00000301587,0.332,0.0,0.223,0.656
1632,ECI1,ACSM1,9606.ENSP00000301729,9606.ENSP00000301956,0.0,0.188,0.211,0.438
1642,DDB1,POLR2G,9606.ENSP00000301764,9606.ENSP00000301788,0.812,0.5,0.116,0.912
719,C3AR1,RNASE3,9606.ENSP00000302079,9606.ENSP00000302324,0.0,0.0,0.487,0.53
719,C3AR1,CLEC7A,9606.ENSP00000302079,9606.ENSP00000302569,0.0,0.0,0.377,0.453
3960,LGALS4,MAP2K1,9606.ENSP00000302100,9606.ENSP00000302486,0.0,0.0,0.514,0.514
3960,LGALS4,HSPA4,9606.ENSP00000302100,9606.ENSP00000302961,0.0,0.0,0.66,0.66
534,ATP6V1G2,HSPBAP1,9606.ENSP00000302194,9606.ENSP00000302562,0.0,0.0,0.406,0.406
221120,ALKBH3,TRMT61B,9606.ENSP00000302232,9606.ENSP00000302801,0.0,0.0,0.667,0.677
221120,ALKBH3,MTCH2,9606.ENSP00000302232,9606.ENSP00000303222,0.0,0.0,0.385,0.418
221120,ALKBH3,ZCCHC4,9606.ENSP00000302232,9606.ENSP00000303468,0.0,0.0,0.478,0.496
6037,RNASE3,GUSB,9606.ENSP00000302324,9606.ENSP00000302728,0.0,0.0,0.489,0.489
6037,RNASE3,RNASE2,9606.ENSP00000302324,9606.ENSP00000303276,0.0,0.0,0.964,0.998
51082,POLR1D,UBTF,9606.ENSP00000302478,9606.ENSP00000302640,0.0,0.5,0.286,0.645
51082,POLR1D,H2AC8,9606.ENSP00000302478,9606.ENSP00000303373,0.0,0.4,0.0,0.404
51082,POLR1D,DUS1L,9606.ENSP00000302478,9606.ENSP00000303515,0.0,0.0,0.0,0.568
5604,MAP2K1,HSPA4,9606.ENSP00000302486,9606.ENSP00000302961,0.071,0.0,0.627,0.647
699,BUB1,PDS5A,9606.ENSP00000302530,9606.ENSP00000303427,0.103,0.0,0.782,0.813
51523,CXXC5,AXIN2,9606.ENSP00000302543,9606.ENSP00000302625,0.0,0.0,0.585,0.585
7343,UBTF,H2AC8,9606.ENSP00000302640,9606.ENSP00000303373,0.106,0.4,0.066,0.495
2990,GUSB,RNASE2,9606.ENSP00000302728,9606.ENSP00000303276,0.0,0.0,0.429,0.429
10605,PAIP1,HSPA4,9606.ENSP00000302768,9606.ENSP00000302961,0.067,0.0,0.377,0.479
10605,PAIP1,C5orf34,9606.ENSP00000302768,9606.ENSP00000303490,0.0,0.0,0.26,0.403
55006,TRMT61B,DUS1L,9606.ENSP00000302801,9606.ENSP00000303515,0.0,0.0,0.35,0.455
202052,DNAJC18,HSPA4,9606.ENSP00000302843,9606.ENSP00000302961,0.142,0.162,0.287,0.64
5734,PTGER4,PTGDR,9606.ENSP00000302846,9606.ENSP00000303424,0.0,0.4,0.145,0.479
5036,PA2G4,HSPA4,9606.ENSP00000302886,9606.ENSP00000302961,0.482,0.0,0.213,0.763
3308,HSPA4,HDAC3,9606.ENSP00000302961,9606.ENSP00000302967,0.314,0.0,0.22,0.457
3308,HSPA4,MAT2A,9606.ENSP00000302961,9606.ENSP00000303147,0.23,0.0,0.201,0.418
8841,HDAC3,H2AC8,9606.ENSP00000302967,9606.ENSP00000303373,0.125,0.65,0.06,0.686
10972,TMED10,LMAN2,9606.ENSP00000303145,9606.ENSP00000303366,0.486,0.5,0.281,0.839
4144,MAT2A,ZCCHC4,9606.ENSP00000303147,9606.ENSP00000303468,0.0,0.0,0.538,0.538
2850,GPR27,GPR82,9606.ENSP00000303149,9606.ENSP00000303549,0.0,0.0,0.452,0.452
57037,ANKMY2,RFXANK,9606.ENSP00000303570,9606.ENSP00000305071,0.0,0.0,0.0,0.452
3643,INSR,FASN,9606.ENSP00000303830,9606.ENSP00000304592,0.0,0.0,0.42,0.42
3643,INSR,ATP6V1E2,9606.ENSP00000303830,9606.ENSP00000304891,0.0,0.5,0.059,0.509
3643,INSR,IRS1,9606.ENSP00000303830,9606.ENSP00000304895,0.99,0.9,0.991,0.999
10980,COPS6,COPS9,9606.ENSP00000304102,9606.ENSP00000304147,0.717,0.9,0.522,0.985
136,ADORA2B,GNB2,9606.ENSP00000304501,9606.ENSP00000305260,0.292,0.5,0.0,0.63
136,ADORA2B,ADRB2,9606.ENSP00000304501,9606.ENSP00000305372,0.0,0.4,0.109,0.446
136647,MPLKIP,NUDCD2,9606.ENSP00000304553,9606.ENSP00000304854,0.0,0.0,0.0,0.433
2194,FASN,IRS1,9606.ENSP00000304592,9606.ENSP00000304895,0.041,0.0,0.675,0.682
260425,MAGI3,ADRB2,9606.ENSP00000304604,9606.ENSP00000305372,0.311,0.0,0.182,0.412
5028,P2RY1,GNB2,9606.ENSP00000304767,9606.ENSP00000305260,0.095,0.5,0.0,0.528
5028,P2RY1,ADRB2,9606.ENSP00000304767,9606.ENSP00000305372,0.045,0.0,0.405,0.408
2783,GNB2,ADRB2,9606.ENSP00000305260,9606.ENSP00000305372,0.467,0.0,0.077,0.487
1051,CEBPB,FOS,9606.ENSP00000305422,9606.ENSP00000306245,0.102,0.0,0.766,0.819
1051,CEBPB,CXCL8,9606.ENSP00000305422,9606.ENSP00000306512,0.292,0.5,0.544,0.842
91949,COG7,RAB33B,9606.ENSP00000305442,9606.ENSP00000306496,0.108,0.5,0.072,0.557
2237,FEN1,SHCBP1,9606.ENSP00000305480,9606.ENSP00000306473,0.0,0.0,0.265,0.445
2237,FEN1,OGG1,9606.ENSP00000305480,9606.ENSP00000306561,0.109,0.0,0.811,0.832
79029,SPATA5L1,ASPSCR1,9606.ENSP00000305494,9606.ENSP00000306625,0.499,0.0,0.184,0.579
5093,PCBP1,BOLA2B,9606.ENSP00000305556,9606.ENSP00000306752,0.19,0.0,0.376,0.505
9455,HOMER2,ITPR1,9606.ENSP00000305632,9606.ENSP00000306253,0.11,0.0,0.846,0.857
10791,VAMP5,STX18,9606.ENSP00000305647,9606.ENSP00000305810,0.422,0.0,0.309,0.587
3627,CXCL10,IL7R,9606.ENSP00000305651,9606.ENSP00000306157,0.0,0.0,0.479,0.519
3627,CXCL10,FOS,9606.ENSP00000305651,9606.ENSP00000306245,0.0,0.0,0.398,0.406
3627,CXCL10,CXCL8,9606.ENSP00000305651,9606.ENSP00000306512,0.0,0.5,0.948,0.975
3627,CXCL10,ISG20,9606.ENSP00000305651,9606.ENSP00000306565,0.0,0.0,0.654,0.697
54148,MRPL39,MRM3,9606.ENSP00000305682,9606.ENSP00000306080,0.935,0.0,0.229,0.953
54148,MRPL39,MRPL13,9606.ENSP00000305682,9606.ENSP00000306548,0.969,0.0,0.344,0.985
79863,RBFA,MRM3,9606.ENSP00000305696,9606.ENSP00000306080,0.0,0.0,0.525,0.553
23450,SF3B3,PPIH,9606.ENSP00000305790,9606.ENSP00000306614,0.818,0.0,0.088,0.84
10316,NMUR1,CXCL8,9606.ENSP00000305877,9606.ENSP00000306512,0.0,0.5,0.047,0.503
51111,KMT5B,BRD3,9606.ENSP00000305899,9606.ENSP00000305918,0.421,0.0,0.169,0.512
8019,BRD3,PWWP2B,9606.ENSP00000305918,9606.ENSP00000306324,0.606,0.0,0.051,0.615
214,ALCAM,IL7R,9606.ENSP00000305988,9606.ENSP00000306157,0.0,0.0,0.445,0.455
521,ATP5ME,UQCRFS1,9606.ENSP00000306003,9606.ENSP00000306397,0.096,0.0,0.412,0.61
55178,MRM3,MRPL13,9606.ENSP00000306080,9606.ENSP00000306548,0.976,0.0,0.12,0.981
55178,MRM3,PPIH,9606.ENSP00000306080,9606.ENSP00000306614,0.429,0.0,0.0,0.464
5581,PRKCE,YWHAG,9606.ENSP00000306124,9606.ENSP00000306330,0.173,0.0,0.472,0.554
5581,PRKCE,CAMTA1,9606.ENSP00000306124,9606.ENSP00000306522,0.0,0.0,0.423,0.422
3575,IL7R,CXCL8,9606.ENSP00000306157,9606.ENSP00000306512,0.0,0.0,0.48,0.517
2353,FOS,CXCL8,9606.ENSP00000306245,9606.ENSP00000306512,0.0,0.0,0.726,0.765
7386,UQCRFS1,MRPL13,9606.ENSP00000306397,9606.ENSP00000306548,0.0,0.0,0.247,0.514
28998,MRPL13,PPIH,9606.ENSP00000306548,9606.ENSP00000306614,0.507,0.0,0.069,0.574
28998,MRPL13,RGPD8,9606.ENSP00000306548,9606.ENSP00000306637,0.402,0.0,0.069,0.46
10465,PPIH,RGPD8,9606.ENSP00000306614,9606.ENSP00000306637,0.252,0.0,0.0,0.565
23204,ARL6IP1,MRPL4,9606.ENSP00000306788,9606.ENSP00000306902,0.502,0.0,0.154,0.731
23204,ARL6IP1,QARS1,9606.ENSP00000306788,9606.ENSP00000307567,0.31,0.0,0.129,0.543
23204,ARL6IP1,RPL13,9606.ENSP00000306788,9606.ENSP00000307889,0.784,0.0,0.133,0.941
23204,ARL6IP1,EEF2,9606.ENSP00000306788,9606.ENSP00000307940,0.785,0.0,0.134,0.878
57099,AVEN,CYCS,9606.ENSP00000306822,9606.ENSP00000307786,0.0,0.4,0.18,0.488
11337,GABARAP,RPTOR,9606.ENSP00000306866,9606.ENSP00000307272,0.0,0.0,0.447,0.456
11337,GABARAP,CYCS,9606.ENSP00000306866,9606.ENSP00000307786,0.0,0.0,0.404,0.463
51073,MRPL4,QARS1,9606.ENSP00000306902,9606.ENSP00000307567,0.453,0.0,0.166,0.706
51073,MRPL4,RPL13,9606.ENSP00000306902,9606.ENSP00000307889,0.782,0.0,0.204,0.941
51073,MRPL4,EEF2,9606.ENSP00000306902,9606.ENSP00000307940,0.479,0.0,0.232,0.823
83879,CDCA7,MCM7,9606.ENSP00000306968,9606.ENSP00000307288,0.0,0.0,0.177,0.416
55689,YEATS2,TADA3,9606.ENSP00000306983,9606.ENSP00000307684,0.873,0.8,0.763,0.993
55689,YEATS2,TADA2B,9606.ENSP00000306983,9606.ENSP00000308022,0.382,0.72,0.794,0.961
3799,KIF5B,EIF2AK3,9606.ENSP00000307078,9606.ENSP00000307235,0.0,0.5,0.133,0.564
3799,KIF5B,GCC2,9606.ENSP00000307078,9606.ENSP00000307939,0.0,0.5,0.307,0.67
29980,DONSON,MCM7,9606.ENSP00000307143,9606.ENSP00000307288,0.292,0.0,0.13,0.547
3622,ING2,BPTF,9606.ENSP00000307183,9606.ENSP00000307208,0.0,0.0,0.774,0.777
435,ASL,QARS1,9606.ENSP00000307188,9606.ENSP00000307567,0.37,0.0,0.0,0.403
435,ASL,GLUL,9606.ENSP00000307188,9606.ENSP00000307900,0.0,0.0,0.585,0.586
9451,EIF2AK3,TBL2,9606.ENSP00000307235,9606.ENSP00000307260,0.51,0.0,0.097,0.55
9451,EIF2AK3,DDIT4,9606.ENSP00000307235,9606.ENSP00000307305,0.0,0.0,0.402,0.415
9451,EIF2AK3,CYCS,9606.ENSP00000307235,9606.ENSP00000307786,0.0,0.0,0.602,0.604
9451,EIF2AK3,GCC2,9606.ENSP00000307235,9606.ENSP00000307939,0.0,0.5,0.07,0.546
5162,PDHB,GLUL,9606.ENSP00000307241,9606.ENSP00000307900,0.0,0.0,0.37,0.415
5162,PDHB,EEF2,9606.ENSP00000307241,9606.ENSP00000307940,0.161,0.0,0.273,0.412
57521,RPTOR,DDIT4,9606.ENSP00000307272,9606.ENSP00000307305,0.0,0.0,0.84,0.84
57521,RPTOR,EEF2,9606.ENSP00000307272,9606.ENSP00000307940,0.0,0.0,0.473,0.484
113189,CHST14,CANT1,9606.ENSP00000307297,9606.ENSP00000307674,0.0,0.0,0.423,0.428
113189,CHST14,CHST2,9606.ENSP00000307297,9606.ENSP00000307911,0.0,0.0,0.419,0.419
57599,WDR48,MUS81,9606.ENSP00000307491,9606.ENSP00000307853,0.0,0.4,0.325,0.586
5859,QARS1,RPL13,9606.ENSP00000307567,9606.ENSP00000307889,0.663,0.0,0.116,0.824
5859,QARS1,EEF2,9606.ENSP00000307567,9606.ENSP00000307940,0.414,0.0,0.244,0.751
10474,TADA3,TADA2B,9606.ENSP00000307684,9606.ENSP00000308022,0.97,0.8,0.989,0.999
54205,CYCS,EEF2,9606.ENSP00000307786,9606.ENSP00000307940,0.0,0.0,0.356,0.414
80198,MUS81,TUT1,9606.ENSP00000307853,9606.ENSP00000308000,0.0,0.0,0.0,0.448
11338,U2AF2,EEF2,9606.ENSP00000307863,9606.ENSP00000307940,0.172,0.0,0.193,0.456
6137,RPL13,EEF2,9606.ENSP00000307889,9606.ENSP00000307940,0.991,0.5,0.206,0.999
10885,WDR3,UTP23,9606.ENSP00000308179,9606.ENSP00000308332,0.0,0.54,0.412,0.835
10885,WDR3,NSUN5,9606.ENSP00000308179,9606.ENSP00000309126,0.193,0.0,0.19,0.534
64978,MRPL38,MRPL48,9606.ENSP00000308275,9606.ENSP00000308717,0.932,0.0,0.201,0.953
64978,MRPL38,MRPL11,9606.ENSP00000308275,9606.ENSP00000308897,0.942,0.0,0.337,0.964
64978,MRPL38,ACO1,9606.ENSP00000308275,9606.ENSP00000309477,0.433,0.0,0.158,0.516
23592,LEMD3,RND1,9606.ENSP00000308369,9606.ENSP00000308461,0.167,0.5,0.0,0.565
94239,H2AZ2,CBX2,9606.ENSP00000308405,9606.ENSP00000308750,0.085,0.5,0.084,0.544
6199,RPS6KB2,EIF4EBP3,9606.ENSP00000308413,9606.ENSP00000308472,0.0,0.0,0.403,0.403
80777,CYB5B,UQCRH,9606.ENSP00000308430,9606.ENSP00000309565,0.131,0.0,0.051,0.417
51642,MRPL48,MRPL11,9606.ENSP00000308717,9606.ENSP00000308897,0.827,0.0,0.417,0.91
65003,MRPL11,RPL15,9606.ENSP00000308897,9606.ENSP00000309334,0.622,0.0,0.203,0.897
80124,VCPIP1,USP48,9606.ENSP00000309031,9606.ENSP00000309262,0.0,0.0,0.56,0.572
29925,GMPPB,B4GAT1,9606.ENSP00000309092,9606.ENSP00000309096,0.0,0.0,0.579,0.579
55695,NSUN5,RPL15,9606.ENSP00000309126,9606.ENSP00000309334,0.406,0.0,0.332,0.587
9690,UBE3C,PSMD1,9606.ENSP00000309198,9606.ENSP00000309474,0.452,0.0,0.246,0.596
6138,RPL15,RETREG3,9606.ENSP00000309334,9606.ENSP00000309432,0.413,0.0,0.0,0.417
6138,RPL15,PSMD1,9606.ENSP00000309334,9606.ENSP00000309474,0.0,0.0,0.108,0.552
387787,LIPT2,PDP2,9606.ENSP00000309463,9606.ENSP00000309548,0.0,0.0,0.467,0.467
5566,PRKACA,RAB1B,9606.ENSP00000309591,9606.ENSP00000310226,0.128,0.0,0.147,0.542
5566,PRKACA,AKIP1,9606.ENSP00000309591,9606.ENSP00000310459,0.51,0.0,0.796,0.896
5566,PRKACA,PSMC5,9606.ENSP00000309591,9606.ENSP00000310572,0.0,0.0,0.464,0.469
4296,MAP3K11,FOSL1,9606.ENSP00000309597,9606.ENSP00000310170,0.096,0.0,0.802,0.815
79797,ZNF408,ARHGAP1,9606.ENSP00000309606,9606.ENSP00000310491,0.0,0.0,0.494,0.502
6169,RPL38,ZNF622,9606.ENSP00000309830,9606.ENSP00000310042,0.894,0.0,0.052,0.897
6169,RPL38,HSPA6,9606.ENSP00000309830,9606.ENSP00000310219,0.307,0.0,0.138,0.423
6169,RPL38,PSMC5,9606.ENSP00000309830,9606.ENSP00000310572,0.0,0.0,0.049,0.482
26502,NARF,ISCU,9606.ENSP00000309899,9606.ENSP00000310623,0.0,0.0,0.39,0.443
126074,SWSAP1,ERCC4,9606.ENSP00000310008,9606.ENSP00000310520,0.0,0.9,0.07,0.903
5708,PSMD2,NRIP3,9606.ENSP00000310129,9606.ENSP00000310205,0.296,0.0,0.266,0.469
5708,PSMD2,PSMC5,9606.ENSP00000310129,9606.ENSP00000310572,0.999,0.72,0.854,0.999
3310,HSPA6,ISCU,9606.ENSP00000310219,9606.ENSP00000310623,0.301,0.0,0.155,0.544
3310,HSPA6,NUP93,9606.ENSP00000310219,9606.ENSP00000310668,0.066,0.4,0.089,0.478
81876,RAB1B,SEC22A,9606.ENSP00000310226,9606.ENSP00000310521,0.285,0.0,0.397,0.564
116028,RMI2,ERCC4,9606.ENSP00000310356,9606.ENSP00000310520,0.0,0.4,0.36,0.599
9092,SART1,DDX23,9606.ENSP00000310448,9606.ENSP00000310723,0.969,0.54,0.725,0.996
27257,LSM1,DDX23,9606.ENSP00000310596,9606.ENSP00000310723,0.418,0.0,0.239,0.553
57805,CCAR2,DDX23,9606.ENSP00000310670,9606.ENSP00000310723,0.0,0.0,0.057,0.501
55215,FANCI,ZWILCH,9606.ENSP00000310842,9606.ENSP00000311429,0.0,0.0,0.185,0.571
55215,FANCI,RSF1,9606.ENSP00000310842,9606.ENSP00000311513,0.292,0.0,0.248,0.456
3849,KRT2,NIPAL4,9606.ENSP00000310861,9606.ENSP00000311687,0.0,0.0,0.479,0.49
5467,PPARD,CASP3,9606.ENSP00000310928,9606.ENSP00000311032,0.0,0.0,0.403,0.407
8567,MADD,RAB6A,9606.ENSP00000310933,9606.ENSP00000311449,0.0,0.0,0.401,0.406
5598,MAPK7,CASP3,9606.ENSP00000311005,9606.ENSP00000311032,0.045,0.0,0.416,0.433
5598,MAPK7,PPP2R1B,9606.ENSP00000311005,9606.ENSP00000311344,0.0,0.4,0.074,0.431
836,CASP3,ATG4D,9606.ENSP00000311032,9606.ENSP00000311318,0.292,0.0,0.339,0.512
131450,CD200R1,HAVCR2,9606.ENSP00000311035,9606.ENSP00000312002,0.126,0.0,0.444,0.507
143471,PSMA8,TNKS,9606.ENSP00000311121,9606.ENSP00000311579,0.086,0.4,0.083,0.453
1521,CTSW,CD7,9606.ENSP00000311300,9606.ENSP00000312027,0.0,0.0,0.202,0.559
6124,RPL4,SRP68,9606.ENSP00000311430,9606.ENSP00000312066,0.912,0.0,0.0,0.916
5978,REST,CTBP2,9606.ENSP00000311816,9606.ENSP00000311825,0.071,0.0,0.523,0.537
1488,CTBP2,TLCD3A,9606.ENSP00000311825,9606.ENSP00000312017,0.0,0.0,0.43,0.43
84868,HAVCR2,CD7,9606.ENSP00000312002,9606.ENSP00000312027,0.0,0.0,0.356,0.404
84868,HAVCR2,TLR8,9606.ENSP00000312002,9606.ENSP00000312082,0.097,0.0,0.454,0.545
10943,MSL3,KMT2E,9606.ENSP00000312244,9606.ENSP00000312379,0.094,0.0,0.421,0.465
8832,CD84,CD19,9606.ENSP00000312367,9606.ENSP00000313419,0.0,0.0,0.372,0.42
26249,KLHL3,KCTD2,9606.ENSP00000312397,9606.ENSP00000312814,0.071,0.54,0.116,0.598
79870,BAALC,CD19,9606.ENSP00000312457,9606.ENSP00000313419,0.0,0.0,0.458,0.457
54968,TMEM70,ACAD9,9606.ENSP00000312599,9606.ENSP00000312618,0.088,0.0,0.582,0.605
64236,PDLIM2,EHBP1L1,9606.ENSP00000312634,9606.ENSP00000312671,0.127,0.54,0.088,0.619
133522,PPARGC1B,MLXIP,9606.ENSP00000312649,9606.ENSP00000312834,0.0,0.9,0.124,0.909
254102,EHBP1L1,RAB8B,9606.ENSP00000312671,9606.ENSP00000312734,0.278,0.0,0.342,0.511
63967,CLSPN,ATAD5,9606.ENSP00000312995,9606.ENSP00000313171,0.0,0.0,0.414,0.863
63967,CLSPN,PRKDC,9606.ENSP00000312995,9606.ENSP00000313420,0.0,0.0,0.387,0.414
26986,PABPC1,HNRNPD,9606.ENSP00000313007,9606.ENSP00000313199,0.741,0.54,0.64,0.96
23047,PDS5B,PRPF3,9606.ENSP00000313851,9606.ENSP00000315379,0.0,0.0,0.0,0.508
4179,CD46,CLU,9606.ENSP00000313875,9606.ENSP00000315130,0.0,0.0,0.512,0.512
10102,TSFM,METTL1,9606.ENSP00000313877,9606.ENSP00000314441,0.0,0.0,0.678,0.712
10102,TSFM,MRPL1,9606.ENSP00000313877,9606.ENSP00000315017,0.088,0.5,0.24,0.885
10102,TSFM,MRPS31,9606.ENSP00000313877,9606.ENSP00000315397,0.088,0.5,0.0,0.592
9212,AURKB,ANAPC2,9606.ENSP00000313950,9606.ENSP00000314004,0.0,0.5,0.069,0.522
55622,TTC27,WDR75,9606.ENSP00000313953,9606.ENSP00000314193,0.0,0.0,0.0,0.68
55622,TTC27,DDX10,9606.ENSP00000313953,9606.ENSP00000314348,0.0,0.0,0.085,0.549
55622,TTC27,METTL1,9606.ENSP00000313953,9606.ENSP00000314441,0.0,0.0,0.0,0.405
713,C1QB,CLU,9606.ENSP00000313967,9606.ENSP00000315130,0.0,0.0,0.592,0.602
54904,NSD3,DDX10,9606.ENSP00000313983,9606.ENSP00000314348,0.085,0.0,0.603,0.639
26168,SENP3,WDR75,9606.ENSP00000314029,9606.ENSP00000314193,0.0,0.5,0.0,0.544
10294,DNAJA2,GAK,9606.ENSP00000314030,9606.ENSP00000314499,0.105,0.0,0.365,0.422
5062,PAK2,UACA,9606.ENSP00000314067,9606.ENSP00000314556,0.067,0.4,0.0,0.416
84128,WDR75,DDX10,9606.ENSP00000314193,9606.ENSP00000314348,0.066,0.0,0.187,0.745
1662,DDX10,METTL1,9606.ENSP00000314348,9606.ENSP00000314441,0.096,0.0,0.049,0.574
2580,GAK,GBA,9606.ENSP00000314499,9606.ENSP00000314508,0.0,0.0,0.77,0.784
2629,GBA,SGSH,9606.ENSP00000314508,9606.ENSP00000314606,0.0,0.0,0.427,0.467
2629,GBA,SGPP2,9606.ENSP00000314508,9606.ENSP00000315137,0.0,0.9,0.139,0.91
116068,LYSMD3,MBLAC2,9606.ENSP00000314518,9606.ENSP00000314776,0.0,0.0,0.608,0.65
54472,TOLLIP,IL1RAP,9606.ENSP00000314733,9606.ENSP00000314807,0.343,0.5,0.581,0.85
65008,MRPL1,MRPS31,9606.ENSP00000315017,9606.ENSP00000315397,0.8,0.0,0.23,0.934
54512,EXOSC4,DIS3L2,9606.ENSP00000315476,9606.ENSP00000315569,0.777,0.689,0.586,0.97
54512,EXOSC4,TYMS,9606.ENSP00000315476,9606.ENSP00000315644,0.0,0.602,0.042,0.636
54512,EXOSC4,CYC1,9606.ENSP00000315476,9606.ENSP00000317159,0.0,0.0,0.216,0.405
30835,CD209,STAT2,9606.ENSP00000315477,9606.ENSP00000315768,0.0,0.0,0.523,0.53
23075,SWAP70,BAIAP2,9606.ENSP00000315630,9606.ENSP00000316338,0.0,0.4,0.061,0.413
23075,SWAP70,CPNE1,9606.ENSP00000315630,9606.ENSP00000317257,0.0,0.0,0.447,0.455
7298,TYMS,CHAF1B,9606.ENSP00000315644,9606.ENSP00000315700,0.0,0.0,0.419,0.618
7298,TYMS,CSTF3,9606.ENSP00000315644,9606.ENSP00000315791,0.0,0.0,0.331,0.449
7298,TYMS,UBE2N,9606.ENSP00000315644,9606.ENSP00000316176,0.0,0.0,0.45,0.477
26251,KCNG2,MRPS11,9606.ENSP00000315654,9606.ENSP00000317376,0.289,0.0,0.074,0.501
23268,DNMBP,BIN1,9606.ENSP00000315659,9606.ENSP00000316779,0.576,0.0,0.815,0.918
5191,PEX7,USP9X,9606.ENSP00000315680,9606.ENSP00000316357,0.0,0.5,0.125,0.543
51025,PAM16,CYC1,9606.ENSP00000315693,9606.ENSP00000317159,0.0,0.5,0.109,0.642
25843,MOB4,TCP1,9606.ENSP00000315702,9606.ENSP00000317334,0.994,0.0,0.285,0.995
4728,NDUFS8,CYC1,9606.ENSP00000315774,9606.ENSP00000317159,0.995,0.809,0.488,0.999
4728,NDUFS8,MRPS11,9606.ENSP00000315774,9606.ENSP00000317376,0.0,0.0,0.351,0.61
1479,CSTF3,UBASH3A,9606.ENSP00000315791,9606.ENSP00000317327,0.0,0.449,0.228,0.556
7094,TLN1,RAPH1,9606.ENSP00000316029,9606.ENSP00000316543,0.323,0.0,0.865,0.905
7094,TLN1,TCP1,9606.ENSP00000316029,9606.ENSP00000317334,0.0,0.0,0.433,0.437
10949,HNRNPA0,SNRNP200,9606.ENSP00000316042,9606.ENSP00000317123,0.268,0.0,0.113,0.431
79966,SCD5,LPCAT4,9606.ENSP00000316329,9606.ENSP00000317300,0.0,0.253,0.281,0.443
10458,BAIAP2,BIN1,9606.ENSP00000316338,9606.ENSP00000316779,0.0,0.0,0.611,0.62
79643,CHMP6,VPS37A,9606.ENSP00000317468,9606.ENSP00000318629,0.0,0.9,0.568,0.956
79643,CHMP6,TUBB6,9606.ENSP00000317468,9606.ENSP00000318697,0.0,0.5,0.0,0.501
54913,RPP25,PRKRA,9606.ENSP00000317691,9606.ENSP00000318176,0.0,0.72,0.0,0.72
51268,PIPOX,SHMT1,9606.ENSP00000317721,9606.ENSP00000318868,0.0,0.938,0.339,0.96
9702,CEP57,TUBB6,9606.ENSP00000317902,9606.ENSP00000318697,0.0,0.0,0.479,0.479
9702,CEP57,GCC1,9606.ENSP00000317902,9606.ENSP00000318821,0.422,0.0,0.0,0.422
26155,NOC2L,NCL,9606.ENSP00000317992,9606.ENSP00000318195,0.316,0.0,0.102,0.533
26155,NOC2L,RUVBL1,9606.ENSP00000317992,9606.ENSP00000318297,0.0,0.0,0.359,0.579
9897,WASHC5,VPS37A,9606.ENSP00000318016,9606.ENSP00000318629,0.0,0.0,0.561,0.567
22955,SCMH1,MAF1,9606.ENSP00000318094,9606.ENSP00000318604,0.0,0.5,0.0,0.502
80267,EDEM3,OS9,9606.ENSP00000318147,9606.ENSP00000318165,0.573,0.0,0.822,0.921
114932,MRFAP1L1,MRFAP1,9606.ENSP00000318154,9606.ENSP00000318352,0.686,0.0,0.0,0.721
8607,RUVBL1,INTS3,9606.ENSP00000318297,9606.ENSP00000318641,0.0,0.0,0.745,0.746
93621,MRFAP1,MAF1,9606.ENSP00000318352,9606.ENSP00000318604,0.0,0.0,0.447,0.471
79932,KIAA0319L,GCFC2,9606.ENSP00000318406,9606.ENSP00000318690,0.0,0.0,0.58,0.583
10730,YME1L1,PRTFDC1,9606.ENSP00000318480,9606.ENSP00000318602,0.0,0.0,0.204,0.628
10730,YME1L1,RPS15A,9606.ENSP00000318480,9606.ENSP00000318646,0.294,0.0,0.125,0.411
8851,CDK5R1,BACE1,9606.ENSP00000318486,9606.ENSP00000318585,0.0,0.0,0.646,0.646
6210,RPS15A,GCC1,9606.ENSP00000318646,9606.ENSP00000318821,0.462,0.0,0.0,0.47
818,CAMK2G,AGTRAP,9606.ENSP00000319060,9606.ENSP00000319713,0.0,0.4,0.047,0.405
6830,SUPT6H,ELL3,9606.ENSP00000319104,9606.ENSP00000320346,0.0,0.54,0.281,0.655
6830,SUPT6H,ARID1A,9606.ENSP00000319104,9606.ENSP00000320485,0.0,0.0,0.437,0.496
10419,PRMT5,EZH2,9606.ENSP00000319169,9606.ENSP00000320147,0.317,0.0,0.8,0.87
10419,PRMT5,FARSA,9606.ENSP00000319169,9606.ENSP00000320309,0.0,0.0,0.259,0.523
10419,PRMT5,ARID1A,9606.ENSP00000319169,9606.ENSP00000320485,0.0,0.5,0.18,0.581
200895,DHFR2,GCSH,9606.ENSP00000319170,9606.ENSP00000319531,0.0,0.449,0.219,0.566
7262,PHLDA2,NAP1L5,9606.ENSP00000319231,9606.ENSP00000320488,0.0,0.0,0.546,0.546
26973,CHORDC1,NUDC,9606.ENSP00000319255,9606.ENSP00000319664,0.0,0.0,0.521,0.564
7358,UGDH,NQO1,9606.ENSP00000319501,9606.ENSP00000319788,0.0,0.0,0.386,0.442
7358,UGDH,TUBB3,9606.ENSP00000319501,9606.ENSP00000320295,0.0,0.0,0.144,0.444
7358,UGDH,UGT2B17,9606.ENSP00000319501,9606.ENSP00000320401,0.0,0.9,0.416,0.939
3752,KCND3,CACNB2,9606.ENSP00000319591,9606.ENSP00000320025,0.0,0.0,0.612,0.629
5955,RCN2,ITFG1,9606.ENSP00000319739,9606.ENSP00000319918,0.292,0.0,0.193,0.427
619189,SERINC4,ELL3,9606.ENSP00000319796,9606.ENSP00000320346,0.0,0.0,0.45,0.45
55349,CHDH,PLAAT3,9606.ENSP00000319851,9606.ENSP00000320337,0.0,0.8,0.123,0.819
146712,B3GNTL1,FARSA,9606.ENSP00000319979,9606.ENSP00000320309,0.0,0.0,0.438,0.44
115703,ARHGAP33,TRIP10,9606.ENSP00000320038,9606.ENSP00000320117,0.0,0.4,0.068,0.425
10434,LYPLA1,PLAAT3,9606.ENSP00000320043,9606.ENSP00000320337,0.045,0.65,0.165,0.699
205428,DIPK2A,SLC9A9,9606.ENSP00000320081,9606.ENSP00000320246,0.0,0.0,0.852,0.861
9322,TRIP10,HCLS1,9606.ENSP00000320117,9606.ENSP00000320176,0.052,0.0,0.394,0.41
2146,EZH2,ARID1A,9606.ENSP00000320147,9606.ENSP00000320485,0.516,0.0,0.752,0.877
9520,NPEPPS,UGT2B17,9606.ENSP00000320324,9606.ENSP00000320401,0.042,0.0,0.827,0.829
10826,FAXDC2,WDR97,9606.ENSP00000320604,9606.ENSP00000320648,0.316,0.0,0.181,0.479
10826,FAXDC2,FADS1,9606.ENSP00000320604,9606.ENSP00000322229,0.0,0.347,0.243,0.58
51067,YARS2,TRIT1,9606.ENSP00000320658,9606.ENSP00000321810,0.0,0.0,0.532,0.61
10749,KIF1C,SPAST,9606.ENSP00000320821,9606.ENSP00000320885,0.0,0.0,0.569,0.577
6683,SPAST,TTLL11,9606.ENSP00000320885,9606.ENSP00000321346,0.0,0.0,0.476,0.481
165918,RNF168,TOP3A,9606.ENSP00000320898,9606.ENSP00000321636,0.0,0.0,0.444,0.446
165918,RNF168,H2BC4,9606.ENSP00000320898,9606.ENSP00000321744,0.0,0.5,0.223,0.596
147179,WIPF2,PFN4,9606.ENSP00000320924,9606.ENSP00000322170,0.0,0.0,0.547,0.547
23765,IL17RA,IL23R,9606.ENSP00000320936,9606.ENSP00000321345,0.0,0.0,0.756,0.756
4200,ME2,TALDO1,9606.ENSP00000321070,9606.ENSP00000321259,0.0,0.0,0.393,0.718
1351,COX8A,PGA3,9606.ENSP00000321260,9606.ENSP00000322192,0.0,0.0,0.44,0.44
1730,DIAPH2,PFN4,9606.ENSP00000321348,9606.ENSP00000322170,0.093,0.9,0.54,0.954
3996,LLGL1,TOP3A,9606.ENSP00000321537,9606.ENSP00000321636,0.162,0.0,0.323,0.413
7156,TOP3A,H2BC4,9606.ENSP00000321636,9606.ENSP00000321744,0.0,0.5,0.065,0.522
8875,VNN2,BCAT2,9606.ENSP00000322276,9606.ENSP00000322991,0.0,0.325,0.096,0.416
56975,FAM20C,CRTAP,9606.ENSP00000322323,9606.ENSP00000323696,0.292,0.0,0.164,0.401
23552,CDK20,IFT88,9606.ENSP00000322343,9606.ENSP00000323580,0.066,0.0,0.381,0.409
7776,ZNF236,ZADH2,9606.ENSP00000322361,9606.ENSP00000323678,0.046,0.0,0.397,0.421
23212,RRS1,EXOSC3,9606.ENSP00000322396,9606.ENSP00000323046,0.0,0.0,0.0,0.426
23212,RRS1,MTG1,9606.ENSP00000322396,9606.ENSP00000323047,0.313,0.0,0.0,0.502
23212,RRS1,DDX54,9606.ENSP00000322396,9606.ENSP00000323858,0.097,0.0,0.308,0.615
7284,TUFM,MTG1,9606.ENSP00000322439,9606.ENSP00000323047,0.8,0.0,0.247,0.851
7284,TUFM,GADD45GIP1,9606.ENSP00000322439,9606.ENSP00000323065,0.811,0.5,0.208,0.93
7284,TUFM,DDX54,9606.ENSP00000322439,9606.ENSP00000323858,0.069,0.0,0.464,0.516
7284,TUFM,PRKAG1,9606.ENSP00000322439,9606.ENSP00000323867,0.0,0.0,0.535,0.625
5426,POLE,SMC1A,9606.ENSP00000322570,9606.ENSP00000323421,0.254,0.0,0.151,0.469
79142,PHF23,LRSAM1,9606.ENSP00000322579,9606.ENSP00000322937,0.306,0.0,0.396,0.571
84656,GLYR1,ROGDI,9606.ENSP00000322716,9606.ENSP00000322832,0.0,0.0,0.0,0.701
9203,ZMYM3,ZMYM4,9606.ENSP00000322845,9606.ENSP00000322915,0.406,0.0,0.137,0.537
1879,EBF1,MED14,9606.ENSP00000322898,9606.ENSP00000323720,0.0,0.5,0.0,0.499
9202,ZMYM4,MED14,9606.ENSP00000322915,9606.ENSP00000323720,0.173,0.0,0.068,0.562
587,BCAT2,HACL1,9606.ENSP00000322991,9606.ENSP00000323811,0.244,0.382,0.281,0.758
92170,MTG1,GADD45GIP1,9606.ENSP00000323047,9606.ENSP00000323065,0.811,0.0,0.166,0.838
92170,MTG1,RPUSD2,9606.ENSP00000323047,9606.ENSP00000323288,0.584,0.0,0.066,0.615
57621,ZBTB2,DDX54,9606.ENSP00000323183,9606.ENSP00000323858,0.314,0.0,0.173,0.429
11284,PNKP,CCDC43,9606.ENSP00000323511,9606.ENSP00000323782,0.622,0.0,0.0,0.622
7706,TRIM25,GSK3B,9606.ENSP00000323889,9606.ENSP00000324806,0.38,0.0,0.125,0.444
2535,FZD2,PPP2R1A,9606.ENSP00000323901,9606.ENSP00000324804,0.0,0.5,0.063,0.512
2535,FZD2,GSK3B,9606.ENSP00000323901,9606.ENSP00000324806,0.071,0.5,0.515,0.755
2535,FZD2,WNT11,9606.ENSP00000323901,9606.ENSP00000325526,0.234,0.9,0.813,0.985
2,A2M,HSPA5,9606.ENSP00000323929,9606.ENSP00000324173,0.324,0.0,0.96,0.972
56992,KIF15,NCAPD2,9606.ENSP00000324020,9606.ENSP00000325017,0.0,0.0,0.378,0.86
2027,ENO3,POLR2L,9606.ENSP00000324105,9606.ENSP00000324124,0.0,0.0,0.049,0.496
2027,ENO3,HADHB,9606.ENSP00000324105,9606.ENSP00000325136,0.0,0.0,0.49,0.541
26121,PRPF31,HNRNPM,9606.ENSP00000324122,9606.ENSP00000325376,0.0,0.0,0.41,0.448
5441,POLR2L,PPP2R1A,9606.ENSP00000324124,9606.ENSP00000324804,0.8,0.0,0.057,0.822
5441,POLR2L,GSK3B,9606.ENSP00000324124,9606.ENSP00000324806,0.0,0.4,0.0,0.412
5441,POLR2L,HNRNPM,9606.ENSP00000324124,9606.ENSP00000325376,0.13,0.5,0.064,0.661
3309,HSPA5,GSK3B,9606.ENSP00000324173,9606.ENSP00000324806,0.407,0.0,0.451,0.663
3309,HSPA5,COPG1,9606.ENSP00000324173,9606.ENSP00000325002,0.0,0.0,0.41,0.444
3309,HSPA5,MAP1S,9606.ENSP00000324173,9606.ENSP00000325313,0.0,0.0,0.399,0.4
51112,TRAPPC12,MAP11,9606.ENSP00000324318,9606.ENSP00000324741,0.0,0.72,0.375,0.821
84260,TCHP,GSK3B,9606.ENSP00000324404,9606.ENSP00000324806,0.0,0.0,0.966,0.967
84260,TCHP,STK11,9606.ENSP00000324404,9606.ENSP00000324856,0.0,0.0,0.433,0.433
7791,ZYX,SAV1,9606.ENSP00000324422,9606.ENSP00000324729,0.112,0.0,0.341,0.406
7791,ZYX,LASP1,9606.ENSP00000324422,9606.ENSP00000325240,0.597,0.0,0.822,0.929
1731,SEPTIN1,TMC8,9606.ENSP00000324511,9606.ENSP00000325561,0.069,0.0,0.22,0.454
8408,ULK1,MAP1S,9606.ENSP00000324560,9606.ENSP00000325313,0.0,0.0,0.72,0.727
8774,NAPG,COPG1,9606.ENSP00000324628,9606.ENSP00000325002,0.0,0.5,0.0,0.504
55262,MAP11,NCAPD2,9606.ENSP00000324741,9606.ENSP00000325017,0.0,0.0,0.467,0.467
55262,MAP11,ZNF335,9606.ENSP00000324741,9606.ENSP00000325326,0.0,0.0,0.527,0.536
5518,PPP2R1A,GSK3B,9606.ENSP00000324804,9606.ENSP00000324806,0.0,0.5,0.346,0.684
5518,PPP2R1A,COPG1,9606.ENSP00000324804,9606.ENSP00000325002,0.0,0.0,0.0,0.429
5518,PPP2R1A,PPP2R2A,9606.ENSP00000324804,9606.ENSP00000325074,0.997,0.9,0.987,0.999
2932,GSK3B,STK11,9606.ENSP00000324806,9606.ENSP00000324856,0.331,0.0,0.573,0.71
2932,GSK3B,WNT11,9606.ENSP00000324806,9606.ENSP00000325526,0.112,0.0,0.512,0.548
65985,AACS,HADHB,9606.ENSP00000324842,9606.ENSP00000325136,0.0,0.217,0.236,0.519
7481,WNT11,TMC8,9606.ENSP00000325526,9606.ENSP00000325561,0.079,0.0,0.35,0.412
80230,RUFY1,SPECC1L,9606.ENSP00000325594,9606.ENSP00000325785,0.0,0.0,0.434,0.434
10025,MED16,MED25,9606.ENSP00000325612,9606.ENSP00000326767,0.978,0.8,0.375,0.997
9810,RNF40,RIC8A,9606.ENSP00000325677,9606.ENSP00000325941,0.0,0.0,0.0,0.514
10498,CARM1,CUL1,9606.ENSP00000325690,9606.ENSP00000326804,0.33,0.0,0.167,0.423
6432,SRSF7,SRRM1,9606.ENSP00000325905,9606.ENSP00000326261,0.142,0.5,0.422,0.76
6432,SRSF7,NCBP2,9606.ENSP00000325905,9606.ENSP00000326806,0.599,0.5,0.517,0.904
5499,PPP1CA,CUL1,9606.ENSP00000326031,9606.ENSP00000326804,0.33,0.0,0.45,0.63
90355,C5orf30,LRRC57,9606.ENSP00000326110,9606.ENSP00000326817,0.603,0.0,0.0,0.607
10250,SRRM1,THOC6,9606.ENSP00000326261,9606.ENSP00000326531,0.0,0.5,0.125,0.553
10250,SRRM1,NCBP2,9606.ENSP00000326261,9606.ENSP00000326806,0.8,0.5,0.151,0.913
1974,EIF4A2,NCBP2,9606.ENSP00000326381,9606.ENSP00000326806,0.127,0.0,0.483,0.551
79228,THOC6,NCBP2,9606.ENSP00000326531,9606.ENSP00000326806,0.0,0.5,0.326,0.658
6097,RORC,MAF,9606.ENSP00000327025,9606.ENSP00000327048,0.069,0.0,0.527,0.546
84916,UTP4,AP2A2,9606.ENSP00000327179,9606.ENSP00000327694,0.27,0.0,0.073,0.407
205564,SENP5,WDR53,9606.ENSP00000327197,9606.ENSP00000328079,0.0,0.0,0.626,0.669
23400,ATP13A2,CLN8,9606.ENSP00000327214,9606.ENSP00000328182,0.0,0.0,0.684,0.689
4729,NDUFV2,APOBEC3B,9606.ENSP00000327268,9606.ENSP00000327459,0.236,0.0,0.089,0.516
353500,BMP8A,NOG,9606.ENSP00000327440,9606.ENSP00000328181,0.0,0.9,0.167,0.913
200942,KLHDC8B,CSF1,9606.ENSP00000327468,9606.ENSP00000327513,0.0,0.0,0.495,0.495
283989,TSEN54,XPOT,9606.ENSP00000327487,9606.ENSP00000327821,0.0,0.0,0.398,0.425
163702,IFNLR1,IL20RB,9606.ENSP00000327824,9606.ENSP00000328133,0.081,0.0,0.375,0.402
348793,WDR53,NRROS,9606.ENSP00000328079,9606.ENSP00000328625,0.126,0.0,0.417,0.469
3714,JAG2,HEXIM1,9606.ENSP00000328169,9606.ENSP00000328773,0.0,0.0,0.576,0.576
80119,PIF1,TRAIP,9606.ENSP00000328174,9606.ENSP00000328203,0.0,0.0,0.369,0.464
23258,DENND5A,RAB28,9606.ENSP00000328524,9606.ENSP00000328551,0.0,0.0,0.449,0.449
8241,RBM10,DDX41,9606.ENSP00000328848,9606.ENSP00000330349,0.292,0.0,0.123,0.464
66008,TRAK2,TRAK1,9606.ENSP00000328875,9606.ENSP00000328998,0.769,0.0,0.858,0.966
125061,AFMID,NDUFA12,9606.ENSP00000328938,9606.ENSP00000330737,0.474,0.0,0.0,0.474
94104,PAXBP1,BRWD1,9606.ENSP00000328992,9606.ENSP00000330753,0.0,0.0,0.281,0.432
84295,PHF6,DDX41,9606.ENSP00000329097,9606.ENSP00000330349,0.0,0.0,0.394,0.405
9276,COPB2,KDELR1,9606.ENSP00000329419,9606.ENSP00000329471,0.0,0.5,0.465,0.723
10871,CD300C,TBK1,9606.ENSP00000329507,9606.ENSP00000329967,0.058,0.0,0.572,0.584
23705,CADM1,LGALS9C,9606.ENSP00000329797,9606.ENSP00000329932,0.0,0.0,0.571,0.571
8624,PSMG1,BRWD1,9606.ENSP00000329915,9606.ENSP00000330753,0.0,0.0,0.603,0.604
29110,TBK1,SOCS3,9606.ENSP00000329967,9606.ENSP00000330341,0.328,0.0,0.352,0.576
29110,TBK1,DDX41,9606.ENSP00000329967,9606.ENSP00000330349,0.095,0.5,0.867,0.936
80176,SPSB1,SOCS3,9606.ENSP00000330221,9606.ENSP00000330341,0.0,0.0,0.465,0.483
9021,SOCS3,LEPR,9606.ENSP00000330341,9606.ENSP00000330393,0.518,0.9,0.896,0.994
5155,PDGFB,LEPR,9606.ENSP00000330382,9606.ENSP00000330393,0.0,0.65,0.138,0.685
548644,POLR2J2,ZNRD1,9606.ENSP00000330898,9606.ENSP00000331111,0.305,0.0,0.16,0.442
7850,IL1R2,CD86,9606.ENSP00000330959,9606.ENSP00000332049,0.0,0.4,0.231,0.559
7850,IL1R2,ATP6V0A2,9606.ENSP00000330959,9606.ENSP00000332247,0.0,0.0,0.494,0.493
51065,RPS27L,EEF1G,9606.ENSP00000331019,9606.ENSP00000331901,0.097,0.0,0.085,0.489
51065,RPS27L,SDR42E1,9606.ENSP00000331019,9606.ENSP00000332407,0.415,0.0,0.1,0.475
10078,TSSC4,ZGPAT,9606.ENSP00000331087,9606.ENSP00000332013,0.0,0.0,0.0,0.451
10078,TSSC4,ASCL2,9606.ENSP00000331087,9606.ENSP00000332293,0.0,0.0,0.78,0.786
30834,ZNRD1,H2AC20,9606.ENSP00000331111,9606.ENSP00000332194,0.151,0.4,0.124,0.518
926,CD8B,CD86,9606.ENSP00000331172,9606.ENSP00000332049,0.0,0.0,0.391,0.419
9146,HGS,NPLOC4,9606.ENSP00000331201,9606.ENSP00000331487,0.079,0.0,0.318,0.464
9146,HGS,ATP6V0A2,9606.ENSP00000331201,9606.ENSP00000332247,0.0,0.0,0.526,0.529
10933,MORF4L1,H2AC20,9606.ENSP00000331310,9606.ENSP00000332194,0.326,0.4,0.671,0.855
54584,GNB1L,DGCR6,9606.ENSP00000331313,9606.ENSP00000331681,0.0,0.0,0.646,0.665
80223,RAB11FIP1,ZNF703,9606.ENSP00000331342,9606.ENSP00000332325,0.0,0.0,0.488,0.493
285600,KIAA0825,PROSER1,9606.ENSP00000331385,9606.ENSP00000332034,0.0,0.0,0.447,0.447
124637,CYB5D1,NAA38,9606.ENSP00000331479,9606.ENSP00000332103,0.0,0.0,0.475,0.479
84307,ZNF397,ZSCAN22,9606.ENSP00000331577,9606.ENSP00000332433,0.429,0.0,0.0,0.45
10320,IKZF1,IDH2,9606.ENSP00000331614,9606.ENSP00000331897,0.0,0.0,0.446,0.446
10320,IKZF1,CD86,9606.ENSP00000331614,9606.ENSP00000332049,0.0,0.0,0.256,0.459
25880,TMEM186,C16orf72,9606.ENSP00000331640,9606.ENSP00000331720,0.0,0.0,0.514,0.514
3212,HOXB2,H2AC20,9606.ENSP00000331741,9606.ENSP00000332194,0.0,0.5,0.0,0.499
116541,MRPL54,NAA38,9606.ENSP00000331849,9606.ENSP00000332103,0.0,0.0,0.0,0.452
116541,MRPL54,DDX28,9606.ENSP00000331849,9606.ENSP00000332340,0.8,0.0,0.0,0.805
2049,EPHB3,ASCL2,9606.ENSP00000332118,9606.ENSP00000332293,0.046,0.0,0.526,0.537
113179,ADAT3,TRMT11,9606.ENSP00000332448,9606.ENSP00000333934,0.0,0.0,0.542,0.578
1396,CRIP1,MTA1,9606.ENSP00000332449,9606.ENSP00000333633,0.0,0.0,0.469,0.472
2826,CCR10,CCR4,9606.ENSP00000332504,9606.ENSP00000332659,0.0,0.5,0.107,0.534
23762,OSBP2,UQCR10,9606.ENSP00000332576,9606.ENSP00000332887,0.0,0.0,0.81,0.81
29796,UQCR10,WBP2NL,9606.ENSP00000332887,9606.ENSP00000332983,0.634,0.467,0.309,0.868
222487,ADGRG3,GNAL,9606.ENSP00000332900,9606.ENSP00000334051,0.4,0.0,0.084,0.426
122622,ADSS1,SHMT2,9606.ENSP00000333019,9606.ENSP00000333667,0.0,0.0,0.281,0.721
8398,PLA2G6,CYP2U1,9606.ENSP00000333142,9606.ENSP00000333212,0.0,0.65,0.524,0.826
7318,UBA7,MX2,9606.ENSP00000333266,9606.ENSP00000333657,0.051,0.0,0.211,0.453
85015,USP45,TRMT11,9606.ENSP00000333376,9606.ENSP00000333934,0.0,0.0,0.0,0.468
64976,MRPL40,MRPL12,9606.ENSP00000333401,9606.ENSP00000333837,0.9,0.0,0.225,0.971
9112,MTA1,TTF1,9606.ENSP00000333633,9606.ENSP00000333920,0.0,0.5,0.0,0.504
6472,SHMT2,MRPL12,9606.ENSP00000333667,9606.ENSP00000333837,0.0,0.0,0.349,0.446
64147,KIF9,NDEL1,9606.ENSP00000333942,9606.ENSP00000333982,0.0,0.54,0.0,0.54
23265,EXOC7,ZACN,9606.ENSP00000334100,9606.ENSP00000334854,0.0,0.0,0.791,0.792
23265,EXOC7,VPS39,9606.ENSP00000334100,9606.ENSP00000335193,0.0,0.0,0.228,0.613
79446,WDR25,SF3B1,9606.ENSP00000334148,9606.ENSP00000335321,0.522,0.0,0.246,0.682
8912,CACNA1H,GNG2,9606.ENSP00000334198,9606.ENSP00000334448,0.0,0.0,0.763,0.763
26005,C2CD3,TMEM216,9606.ENSP00000334379,9606.ENSP00000334844,0.0,0.0,0.519,0.519
200035,NUDT17,POLR3C,9606.ENSP00000334437,9606.ENSP00000334564,0.0,0.0,0.516,0.518
54331,GNG2,GHRL,9606.ENSP00000334448,9606.ENSP00000335074,0.8,0.0,0.041,0.802
140890,SREK1,SF3B1,9606.ENSP00000334538,9606.ENSP00000335321,0.0,0.0,0.0,0.535
51259,TMEM216,TMEM17,9606.ENSP00000334844,9606.ENSP00000335094,0.0,0.72,0.825,0.952
5138,PDE2A,ENTPD5,9606.ENSP00000334910,9606.ENSP00000335246,0.0,0.65,0.123,0.69
3320,HSP90AA1,CDKN3,9606.ENSP00000335153,9606.ENSP00000335357,0.071,0.0,0.485,0.518
23339,VPS39,TRAPPC11,9606.ENSP00000335193,9606.ENSP00000335371,0.0,0.0,0.073,0.476
493860,CCDC73,TCP11L1,9606.ENSP00000335325,9606.ENSP00000335595,0.0,0.0,0.644,0.644
80011,PSME3IP1,CMTR2,9606.ENSP00000335808,9606.ENSP00000337512,0.0,0.0,0.507,0.507
25788,RAD54B,RAD51C,9606.ENSP00000336606,9606.ENSP00000336701,0.312,0.0,0.648,0.763
92335,STRADA,SEC62,9606.ENSP00000336655,9606.ENSP00000337688,0.75,0.0,0.281,0.812
11335,CBX3,MEN1,9606.ENSP00000336687,9606.ENSP00000337088,0.0,0.0,0.385,0.402
11335,CBX3,UXT,9606.ENSP00000336687,9606.ENSP00000337393,0.0,0.5,0.044,0.515
5889,RAD51C,MEN1,9606.ENSP00000336701,9606.ENSP00000337088,0.086,0.0,0.5,0.523
1984,EIF5A,NME1,9606.ENSP00000336702,9606.ENSP00000337060,0.0,0.0,0.305,0.568
23367,LARP1,DHX15,9606.ENSP00000336721,9606.ENSP00000336741,0.312,0.0,0.224,0.603
3984,LIMK1,NIPA1,9606.ENSP00000336740,9606.ENSP00000337452,0.059,0.0,0.404,0.417
9913,SUPT7L,ZNF324B,9606.ENSP00000336750,9606.ENSP00000337473,0.0,0.0,0.408,0.408
283,ANG,ELAC2,9606.ENSP00000336762,9606.ENSP00000337445,0.0,0.0,0.415,0.414
5357,PLS1,ISYNA1,9606.ENSP00000336831,9606.ENSP00000337746,0.421,0.0,0.158,0.496
89846,FGD3,ARHGEF1,9606.ENSP00000336914,9606.ENSP00000337261,0.07,0.4,0.115,0.49
9094,UNC119,EBAG9,9606.ENSP00000337040,9606.ENSP00000337675,0.0,0.0,0.582,0.582
6400,SEL1L,SEC62,9606.ENSP00000337053,9606.ENSP00000337688,0.0,0.0,0.38,0.408
4830,NME1,MEN1,9606.ENSP00000337060,9606.ENSP00000337088,0.158,0.0,0.694,0.733
3988,LIPA,PNPLA2,9606.ENSP00000337354,9606.ENSP00000337701,0.101,0.0,0.591,0.617
123606,NIPA1,NIPA2,9606.ENSP00000337452,9606.ENSP00000337618,0.0,0.0,0.135,0.801
160851,DGKH,PNPLA2,9606.ENSP00000337572,9606.ENSP00000337701,0.0,0.65,0.071,0.666
51477,ISYNA1,PIDD1,9606.ENSP00000337746,9606.ENSP00000337797,0.071,0.0,0.368,0.404
10608,MXD4,ZNF532,9606.ENSP00000337889,9606.ENSP00000338217,0.045,0.0,0.453,0.456
143098,MPP7,CDC42EP4,9606.ENSP00000337907,9606.ENSP00000338258,0.0,0.4,0.0,0.4
6839,SUV39H1,EED,9606.ENSP00000337976,9606.ENSP00000338186,0.314,0.0,0.529,0.669
50615,IL21R,ZBTB16,9606.ENSP00000338010,9606.ENSP00000338157,0.0,0.0,0.418,0.418
3300,DNAJB2,BAG5,9606.ENSP00000338019,9606.ENSP00000338814,0.421,0.0,0.241,0.551
56910,STARD7,STARD13,9606.ENSP00000338030,9606.ENSP00000338785,0.0,0.0,0.436,0.436
51263,MRPL30,MRPL35,9606.ENSP00000338057,9606.ENSP00000338389,0.929,0.0,0.264,0.966
3824,KLRD1,ZBTB16,9606.ENSP00000338130,9606.ENSP00000338157,0.057,0.0,0.379,0.403
7704,ZBTB16,MTDH,9606.ENSP00000338157,9606.ENSP00000338235,0.303,0.0,0.543,0.668
221468,TMEM217,C2CD2L,9606.ENSP00000338164,9606.ENSP00000338885,0.0,0.0,0.469,0.469
23369,PUM2,STARD13,9606.ENSP00000338173,9606.ENSP00000338785,0.0,0.0,0.512,0.512
7327,UBE2G2,UBA1,9606.ENSP00000338348,9606.ENSP00000338413,0.85,0.5,0.501,0.96
55854,ZC3H15,BRIX1,9606.ENSP00000338788,9606.ENSP00000338862,0.087,0.0,0.0,0.489
203068,TUBB,EEF1A1,9606.ENSP00000339001,9606.ENSP00000339063,0.36,0.0,0.62,0.775
203068,TUBB,RPL7,9606.ENSP00000339001,9606.ENSP00000339795,0.806,0.0,0.177,0.845
203068,TUBB,HSPD1,9606.ENSP00000339001,9606.ENSP00000340019,0.098,0.0,0.245,0.4
1915,EEF1A1,RPL7,9606.ENSP00000339063,9606.ENSP00000339795,0.884,0.5,0.578,0.995
1915,EEF1A1,H3-5,9606.ENSP00000339063,9606.ENSP00000339835,0.07,0.0,0.382,0.44
1915,EEF1A1,HSPD1,9606.ENSP00000339063,9606.ENSP00000340019,0.0,0.0,0.546,0.631
51634,RBMX2,SNRNP48,9606.ENSP00000339090,9606.ENSP00000339834,0.634,0.0,0.181,0.729
23076,RRP1B,RPL7,9606.ENSP00000339145,9606.ENSP00000339795,0.709,0.0,0.181,0.827
23076,RRP1B,LBR,9606.ENSP00000339145,9606.ENSP00000339883,0.292,0.0,0.166,0.443
9402,GRAP2,CAV1,9606.ENSP00000339186,9606.ENSP00000339191,0.0,0.0,0.419,0.418
9402,GRAP2,HLA-DQA1,9606.ENSP00000339186,9606.ENSP00000339398,0.0,0.5,0.0,0.507
857,CAV1,RHOG,9606.ENSP00000339191,9606.ENSP00000339467,0.128,0.5,0.161,0.605
857,CAV1,FOXO3,9606.ENSP00000339191,9606.ENSP00000339527,0.0,0.75,0.325,0.824
7204,TRIO,RHOG,9606.ENSP00000339299,9606.ENSP00000339467,0.539,0.4,0.446,0.838
51008,ASCC1,MRPL43,9606.ENSP00000339404,9606.ENSP00000339844,0.758,0.0,0.0,0.76
391,RHOG,LBR,9606.ENSP00000339467,9606.ENSP00000339883,0.125,0.5,0.102,0.582
93550,ZFAND4,RPL7,9606.ENSP00000339484,9606.ENSP00000339795,0.374,0.0,0.109,0.479
1677,DFFB,H1-2,9606.ENSP00000339524,9606.ENSP00000339566,0.0,0.5,0.432,0.703
2309,FOXO3,H3-5,9606.ENSP00000339527,9606.ENSP00000339835,0.135,0.0,0.493,0.549
3006,H1-2,H3-5,9606.ENSP00000339566,9606.ENSP00000339835,0.139,0.0,0.4,0.473
163059,ZNF433,TMEM220,9606.ENSP00000339767,9606.ENSP00000339830,0.0,0.0,0.475,0.475
440093,H3-5,LBR,9606.ENSP00000339835,9606.ENSP00000339883,0.0,0.0,0.869,0.87
440093,H3-5,MYB,9606.ENSP00000339835,9606.ENSP00000339992,0.052,0.0,0.613,0.624
83860,TAF3,GTF2F2,9606.ENSP00000340271,9606.ENSP00000340823,0.8,0.5,0.0,0.897
11315,PARK7,UBE2V1,9606.ENSP00000340278,9606.ENSP00000340305,0.0,0.5,0.158,0.588
11315,PARK7,TMEM230,9606.ENSP00000340278,9606.ENSP00000341364,0.0,0.0,0.541,0.557
10524,KAT5,TCF7,9606.ENSP00000340330,9606.ENSP00000340347,0.0,0.5,0.0,0.499
10524,KAT5,H2AC7,9606.ENSP00000340330,9606.ENSP00000341094,0.145,0.5,0.047,0.563
6932,TCF7,ASH2L,9606.ENSP00000340347,9606.ENSP00000340896,0.0,0.5,0.0,0.499
6932,TCF7,H2AC7,9606.ENSP00000340347,9606.ENSP00000341094,0.0,0.5,0.0,0.499
6932,TCF7,STAT5A,9606.ENSP00000340347,9606.ENSP00000341208,0.0,0.0,0.359,0.415
23193,GANAB,ZNF326,9606.ENSP00000340466,9606.ENSP00000340796,0.0,0.0,0.473,0.475
54932,EXD3,RNF175,9606.ENSP00000340474,9606.ENSP00000340979,0.0,0.0,0.433,0.433
8805,TRIM24,STAT5A,9606.ENSP00000340507,9606.ENSP00000341208,0.0,0.5,0.173,0.568
10075,HUWE1,WNK1,9606.ENSP00000340648,9606.ENSP00000341292,0.0,0.0,0.374,0.642
22859,ADGRL1,LRRC25,9606.ENSP00000340688,9606.ENSP00000340983,0.514,0.0,0.0,0.514
4208,MEF2C,SMARCB1,9606.ENSP00000340874,9606.ENSP00000340883,0.0,0.0,0.468,0.468
4208,MEF2C,ASH2L,9606.ENSP00000340874,9606.ENSP00000340896,0.0,0.0,0.534,0.534
4208,MEF2C,PTK2,9606.ENSP00000340874,9606.ENSP00000341189,0.897,0.0,0.192,0.914
9070,ASH2L,H2AC7,9606.ENSP00000340896,9606.ENSP00000341094,0.296,0.5,0.0,0.632
9070,ASH2L,JARID2,9606.ENSP00000340896,9606.ENSP00000341280,0.129,0.0,0.372,0.434
26206,SPAG8,TUBB4B,9606.ENSP00000340982,9606.ENSP00000341289,0.823,0.0,0.0,0.823
59277,NTN4,PTK2,9606.ENSP00000340998,9606.ENSP00000341189,0.0,0.0,0.464,0.481
59277,NTN4,NEO1,9606.ENSP00000340998,9606.ENSP00000341198,0.311,0.0,0.948,0.966
3013,H2AC7,JARID2,9606.ENSP00000341094,9606.ENSP00000341280,0.298,0.5,0.044,0.635
3013,H2AC7,SMC4,9606.ENSP00000341094,9606.ENSP00000341382,0.085,0.5,0.073,0.544
5747,PTK2,NEO1,9606.ENSP00000341189,9606.ENSP00000341198,0.454,0.9,0.672,0.981
4089,SMAD4,SNRPD2,9606.ENSP00000341551,9606.ENSP00000342374,0.0,0.0,0.422,0.435
2029,ENSA,PPP1CC,9606.ENSP00000341743,9606.ENSP00000341779,0.093,0.0,0.325,0.414
5501,PPP1CC,TP53BP2,9606.ENSP00000341779,9606.ENSP00000341957,0.839,0.8,0.248,0.974
5501,PPP1CC,COX19,9606.ENSP00000341779,9606.ENSP00000342015,0.313,0.0,0.212,0.44
5501,PPP1CC,CREB3,9606.ENSP00000341779,9606.ENSP00000342136,0.0,0.65,0.0,0.65
5501,PPP1CC,PPM1G,9606.ENSP00000341779,9606.ENSP00000342778,0.107,0.0,0.686,0.727
3178,HNRNPA1,RPS2,9606.ENSP00000341826,9606.ENSP00000341885,0.268,0.0,0.231,0.594
3178,HNRNPA1,SNRPD2,9606.ENSP00000341826,9606.ENSP00000342374,0.448,0.0,0.222,0.868
3178,HNRNPA1,POLR2K,9606.ENSP00000341826,9606.ENSP00000342889,0.103,0.5,0.065,0.559
51513,ETV7,KIR2DL3,9606.ENSP00000341843,9606.ENSP00000342215,0.0,0.0,0.506,0.506
8780,RIOK3,RPS2,9606.ENSP00000341874,9606.ENSP00000341885,0.269,0.4,0.128,0.59
6187,RPS2,DYRK2,9606.ENSP00000341885,9606.ENSP00000342105,0.42,0.0,0.044,0.423
6187,RPS2,AURKAIP1,9606.ENSP00000341885,9606.ENSP00000342676,0.29,0.0,0.136,0.421
132660,LIN54,FOXM1,9606.ENSP00000341947,9606.ENSP00000342307,0.184,0.5,0.719,0.876
90639,COX19,CS,9606.ENSP00000342015,9606.ENSP00000342056,0.0,0.5,0.128,0.545
9588,PRDX6,CS,9606.ENSP00000342026,9606.ENSP00000342056,0.0,0.0,0.365,0.415
1431,CS,NRF1,9606.ENSP00000342056,9606.ENSP00000342351,0.0,0.0,0.559,0.563
259197,NCR3,KIR2DL3,9606.ENSP00000342156,9606.ENSP00000342215,0.0,0.0,0.728,0.785
259197,NCR3,CD5,9606.ENSP00000342156,9606.ENSP00000342681,0.0,0.0,0.271,0.402
145853,C15orf61,C3orf33,9606.ENSP00000342254,9606.ENSP00000342512,0.0,0.0,0.687,0.701
348995,NUP43,SNRPD2,9606.ENSP00000342262,9606.ENSP00000342374,0.0,0.4,0.0,0.527
4939,OAS2,IFI6,9606.ENSP00000342278,9606.ENSP00000342513,0.0,0.0,0.782,0.951
6633,SNRPD2,PPM1G,9606.ENSP00000342374,9606.ENSP00000342778,0.0,0.0,0.423,0.474
6633,SNRPD2,POLR2K,9606.ENSP00000342374,9606.ENSP00000342889,0.507,0.0,0.291,0.687
6633,SNRPD2,UPK3BL1,9606.ENSP00000342374,9606.ENSP00000342938,0.305,0.0,0.044,0.454
9031,BAZ1B,POLR2K,9606.ENSP00000342434,9606.ENSP00000342889,0.0,0.5,0.0,0.499
5440,POLR2K,UPK3BL1,9606.ENSP00000342889,9606.ENSP00000342938,0.568,0.0,0.239,0.746
6672,SP100,USP7,9606.ENSP00000343023,9606.ENSP00000343535,0.0,0.0,0.547,0.554
55975,KLHL7,CCR6,9606.ENSP00000343273,9606.ENSP00000343952,0.0,0.0,0.466,0.465
1112,FOXN3,ATR,9606.ENSP00000343288,9606.ENSP00000343741,0.0,0.0,0.676,0.676
5585,PKN1,PDPK1,9606.ENSP00000343325,9606.ENSP00000344220,0.393,0.9,0.165,0.945
343099,CCDC18,CDK5RAP2,9606.ENSP00000343377,9606.ENSP00000343818,0.497,0.0,0.0,0.529
343099,CCDC18,OFD1,9606.ENSP00000343377,9606.ENSP00000344314,0.422,0.0,0.293,0.578
9577,BABAM2,USP7,9606.ENSP00000343412,9606.ENSP00000343535,0.184,0.0,0.489,0.571
4077,NBR1,PDPK1,9606.ENSP00000343479,9606.ENSP00000344220,0.0,0.0,0.591,0.625
7398,USP1,USP7,9606.ENSP00000343526,9606.ENSP00000343535,0.0,0.0,0.549,0.565
7398,USP1,KPNA1,9606.ENSP00000343526,9606.ENSP00000343701,0.619,0.0,0.438,0.784
7874,USP7,SMARCA4,9606.ENSP00000343535,9606.ENSP00000343896,0.095,0.0,0.483,0.539
3836,KPNA1,IFNAR2,9606.ENSP00000343701,9606.ENSP00000343957,0.0,0.5,0.223,0.594
55755,CDK5RAP2,OFD1,9606.ENSP00000343818,9606.ENSP00000344314,0.497,0.0,0.305,0.638
92399,MRRF,PPA2,9606.ENSP00000343867,9606.ENSP00000343885,0.0,0.0,0.348,0.494
6597,SMARCA4,ATF3,9606.ENSP00000343896,9606.ENSP00000344352,0.522,0.0,0.81,0.908
2100,ESR2,FCF1,9606.ENSP00000343925,9606.ENSP00000344393,0.0,0.0,0.497,0.498
4929,NR4A2,GSTO2,9606.ENSP00000344479,9606.ENSP00000345023,0.0,0.0,0.412,0.412
3005,H1-0,PTMA,9606.ENSP00000344504,9606.ENSP00000344547,0.0,0.0,0.991,0.991
3005,H1-0,CCNG1,9606.ENSP00000344504,9606.ENSP00000344635,0.068,0.0,0.461,0.476
3005,H1-0,HMGB1,9606.ENSP00000344504,9606.ENSP00000345347,0.098,0.5,0.336,0.679
22806,IKZF3,ZNF587,9606.ENSP00000344544,9606.ENSP00000345479,0.08,0.0,0.558,0.587
5757,PTMA,HMGB1,9606.ENSP00000344547,9606.ENSP00000345347,0.0,0.0,0.19,0.701
84940,CORO6,MOCS1,9606.ENSP00000344562,9606.ENSP00000344794,0.0,0.279,0.233,0.45
10950,BTG3,FBXL5,9606.ENSP00000344609,9606.ENSP00000344866,0.0,0.0,0.408,0.408
10950,BTG3,E2F1,9606.ENSP00000344609,9606.ENSP00000345571,0.292,0.0,0.392,0.553
900,CCNG1,NDRG3,9606.ENSP00000344635,9606.ENSP00000345292,0.0,0.0,0.544,0.547
144699,FBXL14,FBXL5,9606.ENSP00000344855,9606.ENSP00000344866,0.0,0.0,0.726,0.726
7975,MAFK,E2F1,9606.ENSP00000344903,9606.ENSP00000345571,0.0,0.0,0.457,0.472
144165,PRICKLE1,NHLRC1,9606.ENSP00000345064,9606.ENSP00000345464,0.045,0.0,0.68,0.681
3516,RBPJ,E2F1,9606.ENSP00000345206,9606.ENSP00000345571,0.0,0.5,0.247,0.607
89790,SIGLEC10,HMGB1,9606.ENSP00000345243,9606.ENSP00000345347,0.0,0.0,0.965,0.965
1508,CTSB,ANXA2,9606.ENSP00000345672,9606.ENSP00000346032,0.52,0.0,0.952,0.978
1508,CTSB,ATG7,9606.ENSP00000345672,9606.ENSP00000346437,0.0,0.0,0.546,0.573
2624,GATA2,NFYA,9606.ENSP00000345681,9606.ENSP00000345702,0.114,0.0,0.521,0.568
1861,TOR1A,COPS8,9606.ENSP00000345719,9606.ENSP00000346340,0.0,0.5,0.0,0.529
84661,DPY30,AK5,9606.ENSP00000345837,9606.ENSP00000346577,0.294,0.0,0.244,0.443
10541,ANP32B,VPS72,9606.ENSP00000345848,9606.ENSP00000346464,0.627,0.0,0.0,0.627
55646,LYAR,RPS21,9606.ENSP00000345917,9606.ENSP00000345957,0.858,0.0,0.0,0.863
55646,LYAR,RPL3,9606.ENSP00000345917,9606.ENSP00000346001,0.827,0.0,0.048,0.833
55646,LYAR,RPL36AL,9606.ENSP00000345917,9606.ENSP00000346012,0.818,0.0,0.125,0.847
55646,LYAR,RPL27A,9606.ENSP00000345917,9606.ENSP00000346015,0.8,0.0,0.0,0.812
55646,LYAR,RPL21,9606.ENSP00000345917,9606.ENSP00000346027,0.802,0.0,0.0,0.807
55646,LYAR,RPS3A,9606.ENSP00000345917,9606.ENSP00000346050,0.839,0.0,0.166,0.865
55646,LYAR,RPL22,9606.ENSP00000345917,9606.ENSP00000346088,0.8,0.0,0.045,0.806
55646,LYAR,DDX21,9606.ENSP00000345917,9606.ENSP00000346120,0.192,0.0,0.175,0.527
55646,LYAR,PES1,9606.ENSP00000345917,9606.ENSP00000346725,0.0,0.0,0.0,0.557
6227,RPS21,RPL3,9606.ENSP00000345957,9606.ENSP00000346001,0.968,0.0,0.536,0.998
6227,RPS21,RPL36AL,9606.ENSP00000345957,9606.ENSP00000346012,0.955,0.0,0.484,0.996
6227,RPS21,RPL27A,9606.ENSP00000345957,9606.ENSP00000346015,0.991,0.0,0.502,0.999
6227,RPS21,RPL21,9606.ENSP00000345957,9606.ENSP00000346027,0.992,0.0,0.617,0.999
6227,RPS21,RPLP1,9606.ENSP00000345957,9606.ENSP00000346037,0.985,0.0,0.516,0.999
6227,RPS21,RPS3A,9606.ENSP00000345957,9606.ENSP00000346050,0.995,0.9,0.555,0.999
6227,RPS21,RPL22L1,9606.ENSP00000345957,9606.ENSP00000346080,0.841,0.0,0.323,0.98
6227,RPS21,RPL22,9606.ENSP00000345957,9606.ENSP00000346088,0.977,0.0,0.372,0.998
6122,RPL3,RPL36AL,9606.ENSP00000346001,9606.ENSP00000346012,0.965,0.0,0.467,0.992
6122,RPL3,RPL27A,9606.ENSP00000346001,9606.ENSP00000346015,0.995,0.0,0.586,0.999
6122,RPL3,RPL21,9606.ENSP00000346001,9606.ENSP00000346027,0.995,0.0,0.531,0.999
6122,RPL3,RPLP1,9606.ENSP00000346001,9606.ENSP00000346037,0.977,0.0,0.564,0.999
6122,RPL3,RPS3A,9606.ENSP00000346001,9606.ENSP00000346050,0.986,0.0,0.524,0.999
6122,RPL3,RPL22L1,9606.ENSP00000346001,9606.ENSP00000346080,0.808,0.0,0.371,0.933
6122,RPL3,RPL22,9606.ENSP00000346001,9606.ENSP00000346088,0.988,0.0,0.726,0.999
6122,RPL3,DDX21,9606.ENSP00000346001,9606.ENSP00000346120,0.344,0.0,0.431,0.681
6122,RPL3,AK5,9606.ENSP00000346001,9606.ENSP00000346577,0.0,0.0,0.141,0.472
6122,RPL3,HNRNPA2B1,9606.ENSP00000346001,9606.ENSP00000346694,0.145,0.0,0.129,0.415
6122,RPL3,PES1,9606.ENSP00000346001,9606.ENSP00000346725,0.838,0.5,0.461,0.956
6166,RPL36AL,RPL27A,9606.ENSP00000346012,9606.ENSP00000346015,0.973,0.0,0.548,0.998
6166,RPL36AL,RPL21,9606.ENSP00000346012,9606.ENSP00000346027,0.955,0.0,0.627,0.999
6166,RPL36AL,RPLP1,9606.ENSP00000346012,9606.ENSP00000346037,0.924,0.0,0.523,0.995
6166,RPL36AL,RPS3A,9606.ENSP00000346012,9606.ENSP00000346050,0.955,0.0,0.531,0.997
6166,RPL36AL,RPL22L1,9606.ENSP00000346012,9606.ENSP00000346080,0.581,0.0,0.565,0.908
6166,RPL36AL,RPL22,9606.ENSP00000346012,9606.ENSP00000346088,0.947,0.0,0.565,0.99
6166,RPL36AL,PES1,9606.ENSP00000346012,9606.ENSP00000346725,0.401,0.5,0.0,0.701
6157,RPL27A,RPL21,9606.ENSP00000346015,9606.ENSP00000346027,0.993,0.0,0.951,0.999
6157,RPL27A,RPLP1,9606.ENSP00000346015,9606.ENSP00000346037,0.99,0.0,0.587,0.999
6157,RPL27A,RPS3A,9606.ENSP00000346015,9606.ENSP00000346050,0.994,0.0,0.652,0.999
6157,RPL27A,RPL22L1,9606.ENSP00000346015,9606.ENSP00000346080,0.84,0.0,0.449,0.984
6157,RPL27A,RPL22,9606.ENSP00000346015,9606.ENSP00000346088,0.991,0.0,0.694,0.999
6157,RPL27A,TYW5,9606.ENSP00000346015,9606.ENSP00000346627,0.0,0.0,0.447,0.447
6157,RPL27A,HNRNPA2B1,9606.ENSP00000346015,9606.ENSP00000346694,0.216,0.0,0.106,0.521
6157,RPL27A,PES1,9606.ENSP00000346015,9606.ENSP00000346725,0.916,0.5,0.0,0.957
6144,RPL21,RPLP1,9606.ENSP00000346027,9606.ENSP00000346037,0.985,0.0,0.636,0.999
6144,RPL21,RPS3A,9606.ENSP00000346027,9606.ENSP00000346050,0.995,0.0,0.867,0.999
6144,RPL21,RPL22L1,9606.ENSP00000346027,9606.ENSP00000346080,0.84,0.0,0.461,0.984
6144,RPL21,RPL22,9606.ENSP00000346027,9606.ENSP00000346088,0.991,0.0,0.74,0.999
6144,RPL21,HNRNPA2B1,9606.ENSP00000346027,9606.ENSP00000346694,0.0,0.0,0.308,0.471
6144,RPL21,PES1,9606.ENSP00000346027,9606.ENSP00000346725,0.842,0.5,0.166,0.93
302,ANXA2,ANXA6,9606.ENSP00000346032,9606.ENSP00000346550,0.0,0.8,0.536,0.91
6176,RPLP1,RPS3A,9606.ENSP00000346037,9606.ENSP00000346050,0.988,0.0,0.613,0.999
6176,RPLP1,RPL22L1,9606.ENSP00000346037,9606.ENSP00000346080,0.771,0.0,0.383,0.953
6176,RPLP1,RPL22,9606.ENSP00000346037,9606.ENSP00000346088,0.952,0.0,0.483,0.994
6176,RPLP1,PES1,9606.ENSP00000346037,9606.ENSP00000346725,0.0,0.5,0.046,0.52
6189,RPS3A,RPL22L1,9606.ENSP00000346050,9606.ENSP00000346080,0.84,0.0,0.236,0.978
6189,RPS3A,RPL22,9606.ENSP00000346050,9606.ENSP00000346088,0.984,0.0,0.622,0.999
6189,RPS3A,DDX21,9606.ENSP00000346050,9606.ENSP00000346120,0.363,0.0,0.073,0.443
6189,RPS3A,IPO4,9606.ENSP00000346050,9606.ENSP00000346453,0.295,0.0,0.159,0.421
6189,RPS3A,HNRNPA2B1,9606.ENSP00000346050,9606.ENSP00000346694,0.134,0.0,0.119,0.503
200916,RPL22L1,RPL22,9606.ENSP00000346080,9606.ENSP00000346088,0.0,0.9,0.341,0.933
200916,RPL22L1,PES1,9606.ENSP00000346080,9606.ENSP00000346725,0.767,0.5,0.081,0.888
6146,RPL22,DDX21,9606.ENSP00000346088,9606.ENSP00000346120,0.423,0.0,0.169,0.543
6146,RPL22,PES1,9606.ENSP00000346088,9606.ENSP00000346725,0.767,0.5,0.081,0.888
2879,GPX4,NDUFV3,9606.ENSP00000346103,9606.ENSP00000346196,0.0,0.0,0.397,0.446
9188,DDX21,THRAP3,9606.ENSP00000346120,9606.ENSP00000346634,0.394,0.0,0.134,0.503
9188,DDX21,HNRNPA2B1,9606.ENSP00000346120,9606.ENSP00000346694,0.225,0.0,0.267,0.473
9188,DDX21,PES1,9606.ENSP00000346120,9606.ENSP00000346725,0.269,0.8,0.539,0.975
5562,PRKAA1,ATG7,9606.ENSP00000346148,9606.ENSP00000346437,0.069,0.0,0.378,0.401
26232,FBXO2,ERO1B,9606.ENSP00000346240,9606.ENSP00000346635,0.605,0.0,0.053,0.609
1399,CRKL,PDGFA,9606.ENSP00000346300,9606.ENSP00000346508,0.0,0.5,0.063,0.511
1399,CRKL,FYN,9606.ENSP00000346300,9606.ENSP00000346671,0.068,0.5,0.65,0.822
10533,ATG7,SND1,9606.ENSP00000346437,9606.ENSP00000346762,0.048,0.539,0.043,0.551
79711,IPO4,PES1,9606.ENSP00000346453,9606.ENSP00000346725,0.0,0.0,0.0,0.62
8293,SERF1A,HTT,9606.ENSP00000346892,9606.ENSP00000347184,0.296,0.0,0.236,0.439
51322,WAC,LUC7L2,9606.ENSP00000346986,9606.ENSP00000347005,0.409,0.0,0.166,0.51
51322,WAC,GPBP1L1,9606.ENSP00000346986,9606.ENSP00000347224,0.0,0.0,0.0,0.499
51322,WAC,PRPF39,9606.ENSP00000346986,9606.ENSP00000348010,0.48,0.0,0.286,0.62
79723,SUV39H2,TASOR,9606.ENSP00000346997,9606.ENSP00000347845,0.058,0.0,0.445,0.457
51631,LUC7L2,PRPF39,9606.ENSP00000347005,9606.ENSP00000348010,0.514,0.54,0.53,0.898
79837,PIP4K2C,SYNJ2,9606.ENSP00000347032,9606.ENSP00000347792,0.068,0.9,0.129,0.911
79837,PIP4K2C,TNFRSF14,9606.ENSP00000347032,9606.ENSP00000347948,0.0,0.0,0.573,0.574
79661,NEIL1,HTT,9606.ENSP00000347170,9606.ENSP00000347184,0.0,0.0,0.426,0.435
3064,HTT,ITSN2,9606.ENSP00000347184,9606.ENSP00000347244,0.091,0.0,0.528,0.56
54813,KLHL28,NUDCD3,9606.ENSP00000347193,9606.ENSP00000347626,0.609,0.0,0.0,0.613
54813,KLHL28,PRPF39,9606.ENSP00000347193,9606.ENSP00000348010,0.0,0.0,0.438,0.442
728,C5AR1,FCAR,9606.ENSP00000347197,9606.ENSP00000347714,0.0,0.0,0.371,0.501
50618,ITSN2,DNM3,9606.ENSP00000347244,9606.ENSP00000347457,0.308,0.0,0.344,0.528
50618,ITSN2,SYNJ2,9606.ENSP00000347244,9606.ENSP00000347792,0.592,0.0,0.654,0.854
26985,AP3M1,FBXL3,9606.ENSP00000347408,9606.ENSP00000347834,0.0,0.4,0.0,0.411
50488,MINK1,VANGL1,9606.ENSP00000347427,9606.ENSP00000347672,0.0,0.0,0.412,0.412
9815,GIT2,GRK6,9606.ENSP00000347464,9606.ENSP00000347655,0.0,0.0,0.942,0.944
9815,GIT2,VANGL1,9606.ENSP00000347464,9606.ENSP00000347672,0.0,0.4,0.0,0.4
27030,MLH3,ERCC6,9606.ENSP00000348020,9606.ENSP00000348089,0.053,0.0,0.354,0.402
7329,UBE2I,SREBF1,9606.ENSP00000348056,9606.ENSP00000348069,0.328,0.0,0.153,0.424
7329,UBE2I,SIAH1,9606.ENSP00000348056,9606.ENSP00000349156,0.5,0.0,0.117,0.586
6720,SREBF1,ACSL5,9606.ENSP00000348069,9606.ENSP00000348429,0.069,0.0,0.438,0.455
6720,SREBF1,ACOX3,9606.ENSP00000348069,9606.ENSP00000348775,0.0,0.0,0.655,0.658
6720,SREBF1,FDPS,9606.ENSP00000348069,9606.ENSP00000349078,0.0,0.5,0.53,0.776
10438,C1D,SPEF2,9606.ENSP00000348107,9606.ENSP00000348314,0.074,0.0,0.518,0.535
79925,SPEF2,CCDC151,9606.ENSP00000348314,9606.ENSP00000348757,0.071,0.0,0.431,0.453
51703,ACSL5,ACOX3,9606.ENSP00000348429,9606.ENSP00000348775,0.071,0.189,0.528,0.658
5718,PSMD12,CDC16,9606.ENSP00000348442,9606.ENSP00000348554,0.0,0.4,0.068,0.465
5718,PSMD12,SPRED2,9606.ENSP00000348442,9606.ENSP00000348753,0.0,0.4,0.0,0.405
5718,PSMD12,UBE2C,9606.ENSP00000348442,9606.ENSP00000348838,0.0,0.4,0.161,0.525
5718,PSMD12,RPS26,9606.ENSP00000348442,9606.ENSP00000348849,0.0,0.0,0.0,0.432
7405,UVRAG,WDR45,9606.ENSP00000348455,9606.ENSP00000348848,0.0,0.0,0.386,0.416
54899,PXK,SPRED2,9606.ENSP00000348472,9606.ENSP00000348753,0.0,0.0,0.474,0.474
91687,CENPL,H2BC7,9606.ENSP00000348527,9606.ENSP00000348924,0.808,0.0,0.0,0.809
8881,CDC16,UBE2C,9606.ENSP00000348554,9606.ENSP00000348838,0.827,0.9,0.59,0.992
79876,UBA5,UBE2C,9606.ENSP00000348565,9606.ENSP00000348838,0.196,0.5,0.153,0.632
9870,AREL1,UBE2C,9606.ENSP00000348714,9606.ENSP00000348838,0.0,0.0,0.442,0.442
8310,ACOX3,PEX14,9606.ENSP00000348775,9606.ENSP00000349016,0.061,0.5,0.596,0.8
3187,HNRNPH1,PTBP1,9606.ENSP00000349168,9606.ENSP00000349428,0.071,0.4,0.894,0.978
3187,HNRNPH1,CAVIN1,9606.ENSP00000349168,9606.ENSP00000349541,0.467,0.0,0.0,0.477
3187,HNRNPH1,SFPQ,9606.ENSP00000349168,9606.ENSP00000349748,0.421,0.0,0.448,0.913
3187,HNRNPH1,HNRNPA1L2,9606.ENSP00000349168,9606.ENSP00000350090,0.277,0.0,0.303,0.515
92359,CRB3,SCRIB,9606.ENSP00000349204,9606.ENSP00000349486,0.0,0.0,0.656,0.656
30849,PIK3R4,H2BC12,9606.ENSP00000349205,9606.ENSP00000349430,0.0,0.0,0.403,0.403
30849,PIK3R4,LRBA,9606.ENSP00000349205,9606.ENSP00000349629,0.0,0.0,0.655,0.658
283234,CCDC88B,DYNLRB1,9606.ENSP00000349238,9606.ENSP00000349679,0.292,0.0,0.189,0.409
3683,ITGAL,SASH3,9606.ENSP00000349252,9606.ENSP00000349359,0.0,0.0,0.12,0.544
3683,ITGAL,CCRL2,9606.ENSP00000349252,9606.ENSP00000349967,0.0,0.0,0.593,0.63
29116,MYLIP,UBE2D3,9606.ENSP00000349298,9606.ENSP00000349722,0.535,0.0,0.177,0.619
2803,GOLGA4,IGF2R,9606.ENSP00000349305,9606.ENSP00000349437,0.0,0.0,0.4,0.405
5826,ABCD4,ACSL3,9606.ENSP00000349396,9606.ENSP00000350012,0.1,0.0,0.401,0.474
7562,ZNF708,ZNF254,9606.ENSP00000349401,9606.ENSP00000349494,0.0,0.0,0.048,0.422
5725,PTBP1,SFPQ,9606.ENSP00000349428,9606.ENSP00000349748,0.785,0.0,0.691,0.975
5828,PEX2,UBE2D3,9606.ENSP00000349543,9606.ENSP00000349722,0.256,0.5,0.234,0.692
10475,TRIM38,UBE2D3,9606.ENSP00000349596,9606.ENSP00000349722,0.336,0.0,0.148,0.41
79602,ADIPOR2,CCRL2,9606.ENSP00000349616,9606.ENSP00000349967,0.0,0.0,0.463,0.463
7323,UBE2D3,ANAPC11,9606.ENSP00000349722,9606.ENSP00000349957,0.74,0.0,0.293,0.808
10388,SYCP2,POT1,9606.ENSP00000350162,9606.ENSP00000350249,0.0,0.5,0.0,0.508
10388,SYCP2,SYNE2,9606.ENSP00000350162,9606.ENSP00000350719,0.0,0.5,0.055,0.515
10388,SYCP2,FAM217B,9606.ENSP00000350162,9606.ENSP00000351040,0.0,0.0,0.419,0.43
25913,POT1,PRIM1,9606.ENSP00000350249,9606.ENSP00000350491,0.0,0.5,0.113,0.59
25913,POT1,DNA2,9606.ENSP00000350249,9606.ENSP00000351185,0.0,0.5,0.209,0.615
10803,CCR9,CX3CR1,9606.ENSP00000350256,9606.ENSP00000351059,0.0,0.5,0.404,0.703
79961,DENND2D,CHM,9606.ENSP00000350266,9606.ENSP00000350386,0.0,0.4,0.0,0.421
27154,BRPF3,SAP130,9606.ENSP00000350267,9606.ENSP00000350333,0.163,0.0,0.0,0.517
27154,BRPF3,PHF8,9606.ENSP00000350267,9606.ENSP00000350676,0.195,0.0,0.087,0.473
4606,MYBPC2,TPM1,9606.ENSP00000350332,9606.ENSP00000351022,0.0,0.0,0.633,0.646
5557,PRIM1,DNA2,9606.ENSP00000350491,9606.ENSP00000351185,0.0,0.5,0.436,0.762
10987,COPS5,RAD23B,9606.ENSP00000350512,9606.ENSP00000350708,0.205,0.5,0.205,0.687
10987,COPS5,DCAF4,9606.ENSP00000350512,9606.ENSP00000351147,0.623,0.4,0.0,0.764
23133,PHF8,FRYL,9606.ENSP00000350676,9606.ENSP00000351113,0.0,0.0,0.542,0.553
5887,RAD23B,XAB2,9606.ENSP00000350708,9606.ENSP00000351137,0.0,0.0,0.589,0.615
5887,RAD23B,DNA2,9606.ENSP00000350708,9606.ENSP00000351185,0.0,0.0,0.409,0.409
2050,EPHB4,EPHA2,9606.ENSP00000350896,9606.ENSP00000351209,0.0,0.5,0.589,0.808
4763,NF1,EPHA2,9606.ENSP00000351015,9606.ENSP00000351209,0.347,0.0,0.29,0.518
7168,TPM1,CASP8,9606.ENSP00000351022,9606.ENSP00000351273,0.0,0.0,0.439,0.459
55288,RHOT1,TOMM7,9606.ENSP00000351132,9606.ENSP00000351214,0.0,0.0,0.448,0.479
5893,RAD52,REV3L,9606.ENSP00000351284,9606.ENSP00000351697,0.757,0.0,0.758,0.938
5893,RAD52,VCP,9606.ENSP00000351284,9606.ENSP00000351777,0.092,0.0,0.584,0.607
5893,RAD52,H3C12,9606.ENSP00000351284,9606.ENSP00000352252,0.097,0.0,0.435,0.468
5893,RAD52,XRCC6,9606.ENSP00000351284,9606.ENSP00000352257,0.781,0.0,0.865,0.969
5699,PSMB10,VCP,9606.ENSP00000351314,9606.ENSP00000351777,0.128,0.5,0.169,0.646
5364,PLXNB1,PLXNB2,9606.ENSP00000351338,9606.ENSP00000352288,0.0,0.9,0.427,0.944
55319,TMA16,NOL12,9606.ENSP00000351380,9606.ENSP00000352021,0.0,0.0,0.0,0.546
26057,ANKRD17,RAB3GAP2,9606.ENSP00000351416,9606.ENSP00000351832,0.0,0.0,0.102,0.49
55049,REX1BD,TPGS1,9606.ENSP00000351422,9606.ENSP00000352265,0.0,0.0,0.624,0.657
2996,GYPE,FCGR2B,9606.ENSP00000351430,9606.ENSP00000351497,0.0,0.0,0.421,0.42
11091,WDR5,MAX,9606.ENSP00000351446,9606.ENSP00000351490,0.315,0.9,0.188,0.945
11091,WDR5,H2AC13,9606.ENSP00000351446,9606.ENSP00000351589,0.825,0.0,0.063,0.836
11091,WDR5,NAE1,9606.ENSP00000351446,9606.ENSP00000351990,0.045,0.5,0.065,0.522
11091,WDR5,WWP2,9606.ENSP00000351446,9606.ENSP00000352069,0.558,0.0,0.053,0.574
11091,WDR5,H3C12,9606.ENSP00000351446,9606.ENSP00000352252,0.972,0.7,0.997,0.999
2213,FCGR2B,CD163,9606.ENSP00000351497,9606.ENSP00000352071,0.091,0.0,0.639,0.752
8969,H2AC13,H3C12,9606.ENSP00000351589,9606.ENSP00000352252,0.503,0.4,0.497,0.885
8969,H2AC13,XRCC6,9606.ENSP00000351589,9606.ENSP00000352257,0.342,0.0,0.135,0.407
8969,H2AC13,BABAM1,9606.ENSP00000351589,9606.ENSP00000352408,0.0,0.5,0.052,0.505
2526,FUT4,CD163,9606.ENSP00000351602,9606.ENSP00000352071,0.0,0.0,0.522,0.526
10963,STIP1,VCP,9606.ENSP00000351646,9606.ENSP00000351777,0.363,0.0,0.447,0.684
10963,STIP1,PCBP2,9606.ENSP00000351646,9606.ENSP00000352438,0.199,0.0,0.055,0.5
5980,REV3L,XRCC6,9606.ENSP00000351697,9606.ENSP00000352257,0.26,0.0,0.591,0.691
7942,TFEB,H3C12,9606.ENSP00000351742,9606.ENSP00000352252,0.107,0.0,0.392,0.436
7415,VCP,MARCHF5,9606.ENSP00000351777,9606.ENSP00000351813,0.292,0.0,0.322,0.507
7415,VCP,XRCC6,9606.ENSP00000351777,9606.ENSP00000352257,0.127,0.0,0.297,0.415
7415,VCP,PCBP2,9606.ENSP00000351777,9606.ENSP00000352438,0.419,0.0,0.156,0.539
23644,EDC4,PCBP2,9606.ENSP00000351811,9606.ENSP00000352438,0.0,0.0,0.402,0.428
7048,TGFBR2,MYOF,9606.ENSP00000351905,9606.ENSP00000352208,0.165,0.0,0.386,0.502
55958,KLHL9,NAE1,9606.ENSP00000351933,9606.ENSP00000351990,0.0,0.5,0.192,0.582
56916,SMARCAD1,XRCC6,9606.ENSP00000351947,9606.ENSP00000352257,0.292,0.0,0.325,0.506
8883,NAE1,KLHDC1,9606.ENSP00000351990,9606.ENSP00000352282,0.0,0.0,0.438,0.438
11060,WWP2,BABAM1,9606.ENSP00000352069,9606.ENSP00000352408,0.418,0.0,0.064,0.436
11060,WWP2,LDLRAD4,9606.ENSP00000352069,9606.ENSP00000352420,0.475,0.0,0.0,0.475
5253,PHF2,H3C12,9606.ENSP00000352185,9606.ENSP00000352252,0.179,0.4,0.291,0.625
8357,H3C12,XRCC6,9606.ENSP00000352252,9606.ENSP00000352257,0.45,0.0,0.558,0.762
2547,XRCC6,BABAM1,9606.ENSP00000352257,9606.ENSP00000352408,0.0,0.5,0.294,0.645
6261,RYR1,ATP2A3,9606.ENSP00000352608,9606.ENSP00000353072,0.103,0.0,0.472,0.541
26191,PTPN22,HLA-DRB1,9606.ENSP00000352833,9606.ENSP00000353099,0.0,0.5,0.931,0.968
91584,PLXNA4,NRP2,9606.ENSP00000352882,9606.ENSP00000353582,0.057,0.54,0.987,0.993
55102,ATG2B,VPS13A,9606.ENSP00000353010,9606.ENSP00000353422,0.0,0.0,0.463,0.527
3123,HLA-DRB1,CASS4,9606.ENSP00000353099,9606.ENSP00000353462,0.092,0.0,0.481,0.508
79947,DHDDS,TOPORS,9606.ENSP00000353104,9606.ENSP00000353735,0.0,0.0,0.418,0.422
11314,CD300A,MSN,9606.ENSP00000353259,9606.ENSP00000353408,0.0,0.0,0.424,0.436
4638,MYLK,MYH10,9606.ENSP00000353452,9606.ENSP00000353590,0.1,0.5,0.574,0.807
2107,ETF1,GTPBP4,9606.ENSP00000353741,9606.ENSP00000354040,0.0,0.0,0.689,0.842
2107,ETF1,GNL3L,9606.ENSP00000353741,9606.ENSP00000354091,0.0,0.0,0.0,0.401
2107,ETF1,EIF3B,9606.ENSP00000353741,9606.ENSP00000354125,0.0,0.0,0.429,0.801
2107,ETF1,MATR3-2,9606.ENSP00000353741,9606.ENSP00000354346,0.097,0.0,0.238,0.416
6241,RRM2,WDHD1,9606.ENSP00000353770,9606.ENSP00000353793,0.085,0.0,0.088,0.56
6241,RRM2,MATR3-2,9606.ENSP00000353770,9606.ENSP00000354346,0.047,0.0,0.613,0.616
11169,WDHD1,TOP1,9606.ENSP00000353793,9606.ENSP00000354522,0.086,0.0,0.749,0.766
283807,FBXL22,UBA3,9606.ENSP00000353794,9606.ENSP00000354340,0.045,0.5,0.072,0.518
9361,LONP1,EIF3B,9606.ENSP00000353826,9606.ENSP00000354125,0.0,0.0,0.0,0.412
9361,LONP1,MT-CO1,9606.ENSP00000353826,9606.ENSP00000354499,0.0,0.0,0.581,0.592
64773,PCED1A,ZNF711,9606.ENSP00000353868,9606.ENSP00000353922,0.0,0.0,0.417,0.417
54106,TLR9,STAT1,9606.ENSP00000353874,9606.ENSP00000354394,0.045,0.0,0.615,0.617
1456,CSNK1G3,NCKAP1,9606.ENSP00000353904,9606.ENSP00000354251,0.471,0.0,0.0,0.498
23560,GTPBP4,GNL3L,9606.ENSP00000354040,9606.ENSP00000354091,0.873,0.0,0.644,0.991
23560,GTPBP4,EIF3B,9606.ENSP00000354040,9606.ENSP00000354125,0.0,0.0,0.069,0.458
23560,GTPBP4,MRPL24,9606.ENSP00000354040,9606.ENSP00000354525,0.637,0.0,0.187,0.701
54552,GNL3L,MRPL24,9606.ENSP00000354091,9606.ENSP00000354525,0.416,0.0,0.073,0.465
54552,GNL3L,MRPL21,9606.ENSP00000354091,9606.ENSP00000354580,0.522,0.0,0.118,0.567
8662,EIF3B,MTOR,9606.ENSP00000354125,9606.ENSP00000354558,0.625,0.0,0.289,0.731
65264,UBE2Z,UBA3,9606.ENSP00000354201,9606.ENSP00000354340,0.196,0.5,0.321,0.704
57111,RAB25,ZEB1,9606.ENSP00000354376,9606.ENSP00000354487,0.0,0.0,0.459,0.459
6772,STAT1,MTOR,9606.ENSP00000354394,9606.ENSP00000354558,0.678,0.0,0.482,0.827
6772,STAT1,CD3E,9606.ENSP00000354394,9606.ENSP00000354566,0.0,0.0,0.39,0.43
144717,PHETA1,COMT,9606.ENSP00000354461,9606.ENSP00000354511,0.0,0.0,0.412,0.412
1727,CYB5R3,MT-CYB,9606.ENSP00000354468,9606.ENSP00000354554,0.0,0.0,0.44,0.44
6721,SREBF2,MTOR,9606.ENSP00000354476,9606.ENSP00000354558,0.0,0.0,0.465,0.483
6935,ZEB1,MTOR,9606.ENSP00000354487,9606.ENSP00000354558,0.0,0.0,0.419,0.418
4512,MT-CO1,MT-CYB,9606.ENSP00000354499,9606.ENSP00000354554,0.953,0.8,0.97,0.999
79590,MRPL24,MRPL21,9606.ENSP00000354525,9606.ENSP00000354580,0.994,0.0,0.57,0.999
7855,FZD5,SMURF1,9606.ENSP00000354607,9606.ENSP00000354621,0.072,0.5,0.08,0.539
280,AMY2B,PTGS1,9606.ENSP00000354610,9606.ENSP00000354612,0.0,0.0,0.438,0.438
280,AMY2B,GPX7,9606.ENSP00000354610,9606.ENSP00000354677,0.0,0.0,0.435,0.445
5742,PTGS1,MT-ATP6,9606.ENSP00000354612,9606.ENSP00000354632,0.0,0.0,0.884,0.884
5742,PTGS1,MT-ND6,9606.ENSP00000354612,9606.ENSP00000354665,0.0,0.0,0.881,0.881
5742,PTGS1,MT-ND1,9606.ENSP00000354612,9606.ENSP00000354687,0.0,0.0,0.88,0.88
5742,PTGS1,MT-ND4L,9606.ENSP00000354612,9606.ENSP00000354728,0.0,0.0,0.885,0.885
5742,PTGS1,MT-ND5,9606.ENSP00000354612,9606.ENSP00000354813,0.0,0.0,0.883,0.883
5742,PTGS1,MT-CO2,9606.ENSP00000354612,9606.ENSP00000354876,0.0,0.0,0.596,0.596
5742,PTGS1,MT-ND4,9606.ENSP00000354612,9606.ENSP00000354961,0.0,0.0,0.888,0.888
57154,SMURF1,MAP3K3,9606.ENSP00000354621,9606.ENSP00000354927,0.295,0.0,0.427,0.579
25861,WHRN,SMC3,9606.ENSP00000354623,9606.ENSP00000354720,0.091,0.0,0.418,0.448
25861,WHRN,CAPZA2,9606.ENSP00000354623,9606.ENSP00000354947,0.0,0.5,0.115,0.538
4508,MT-ATP6,MT-ND6,9606.ENSP00000354632,9606.ENSP00000354665,0.0,0.0,0.974,0.995
4508,MT-ATP6,MT-ND1,9606.ENSP00000354632,9606.ENSP00000354687,0.0,0.0,0.956,0.999
4508,MT-ATP6,MT-ND4L,9606.ENSP00000354632,9606.ENSP00000354728,0.0,0.0,0.973,0.999
4508,MT-ATP6,MT-ND5,9606.ENSP00000354632,9606.ENSP00000354813,0.0,0.0,0.971,0.999
4508,MT-ATP6,MT-CO2,9606.ENSP00000354632,9606.ENSP00000354876,0.0,0.0,0.919,0.999
4508,MT-ATP6,MT-ND4,9606.ENSP00000354632,9606.ENSP00000354961,0.0,0.0,0.962,0.999
4508,MT-ATP6,MT-CO3,9606.ENSP00000354632,9606.ENSP00000354982,0.954,0.0,0.978,0.999
84061,MAGT1,MT-CO2,9606.ENSP00000354649,9606.ENSP00000354876,0.482,0.0,0.0,0.491
4541,MT-ND6,MT-ND1,9606.ENSP00000354665,9606.ENSP00000354687,0.94,0.851,0.997,0.999
4541,MT-ND6,MT-ND4L,9606.ENSP00000354665,9606.ENSP00000354728,0.959,0.851,0.999,0.999
4541,MT-ND6,MT-ND5,9606.ENSP00000354665,9606.ENSP00000354813,0.961,0.851,0.998,0.999
4541,MT-ND6,MT-CO2,9606.ENSP00000354665,9606.ENSP00000354876,0.746,0.0,0.944,0.991
4541,MT-ND6,MT-ND4,9606.ENSP00000354665,9606.ENSP00000354961,0.894,0.851,0.999,0.999
4541,MT-ND6,MT-CO3,9606.ENSP00000354665,9606.ENSP00000354982,0.83,0.0,0.966,0.996
4535,MT-ND1,MT-ND4L,9606.ENSP00000354687,9606.ENSP00000354728,0.989,0.906,0.999,0.999
4535,MT-ND1,MT-ND5,9606.ENSP00000354687,9606.ENSP00000354813,0.988,0.98,0.997,0.999
4535,MT-ND1,MT-CO2,9606.ENSP00000354687,9606.ENSP00000354876,0.746,0.809,0.841,0.999
4535,MT-ND1,MT-ND4,9606.ENSP00000354687,9606.ENSP00000354961,0.991,0.98,0.999,0.999
4535,MT-ND1,MT-CO3,9606.ENSP00000354687,9606.ENSP00000354982,0.83,0.809,0.875,0.999
9126,SMC3,SMC5,9606.ENSP00000354720,9606.ENSP00000354957,0.098,0.4,0.846,0.933
10861,SLC26A1,MT-ND4,9606.ENSP00000354721,9606.ENSP00000354961,0.402,0.0,0.143,0.506
4539,MT-ND4L,MT-ND5,9606.ENSP00000354728,9606.ENSP00000354813,0.983,0.906,0.999,0.999
4539,MT-ND4L,MT-CO2,9606.ENSP00000354728,9606.ENSP00000354876,0.746,0.0,0.914,0.995
4539,MT-ND4L,MT-ND4,9606.ENSP00000354728,9606.ENSP00000354961,0.989,0.906,0.999,0.999
4539,MT-ND4L,MT-CO3,9606.ENSP00000354728,9606.ENSP00000354982,0.83,0.0,0.952,0.996
28958,COA3,MT-CO2,9606.ENSP00000354762,9606.ENSP00000354876,0.625,0.0,0.305,0.732
28958,COA3,MT-CO3,9606.ENSP00000354762,9606.ENSP00000354982,0.51,0.0,0.247,0.624
919,CD247,MAP3K3,9606.ENSP00000354782,9606.ENSP00000354927,0.0,0.9,0.0,0.905
1639,DCTN1,CAPZA2,9606.ENSP00000354791,9606.ENSP00000354947,0.798,0.5,0.816,0.98
4540,MT-ND5,MT-CO2,9606.ENSP00000354813,9606.ENSP00000354876,0.746,0.792,0.945,0.999
4540,MT-ND5,MT-ND4,9606.ENSP00000354813,9606.ENSP00000354961,0.994,0.98,0.999,0.999
4540,MT-ND5,MT-CO3,9606.ENSP00000354813,9606.ENSP00000354982,0.83,0.792,0.974,0.999
4513,MT-CO2,MT-ND4,9606.ENSP00000354876,9606.ENSP00000354961,0.746,0.809,0.949,0.999
4513,MT-CO2,MT-CO3,9606.ENSP00000354876,9606.ENSP00000354982,0.991,0.98,0.999,0.999
57692,MAGEE1,SMC5,9606.ENSP00000354912,9606.ENSP00000354957,0.409,0.0,0.157,0.494
23137,SMC5,PJA1,9606.ENSP00000354957,9606.ENSP00000355014,0.661,0.0,0.321,0.76
4538,MT-ND4,MT-CO3,9606.ENSP00000354961,9606.ENSP00000354982,0.83,0.809,0.963,0.999
4536,MT-ND2,MT-ND3,9606.ENSP00000355046,9606.ENSP00000355206,0.991,0.979,0.999,0.999
4536,MT-ND2,MT-ATP8,9606.ENSP00000355046,9606.ENSP00000355265,0.0,0.0,0.92,0.95
4536,MT-ND2,R3HDM4,9606.ENSP00000355046,9606.ENSP00000355385,0.427,0.414,0.207,0.786
4536,MT-ND2,TFB2M,9606.ENSP00000355046,9606.ENSP00000355471,0.0,0.0,0.416,0.42
51734,MSRB1,SELENON,9606.ENSP00000355084,9606.ENSP00000355141,0.0,0.0,0.797,0.797
9824,ARHGAP11A,EXO1,9606.ENSP00000355090,9606.ENSP00000355506,0.0,0.0,0.16,0.514
25853,DCAF12,TRIM58,9606.ENSP00000355114,9606.ENSP00000355437,0.0,0.0,0.249,0.421
57190,SELENON,COL6A1,9606.ENSP00000355141,9606.ENSP00000355180,0.0,0.0,0.418,0.472
1291,COL6A1,TGM2,9606.ENSP00000355180,9606.ENSP00000355330,0.292,0.0,0.207,0.461
9937,DCLRE1A,EXO1,9606.ENSP00000355185,9606.ENSP00000355506,0.166,0.0,0.635,0.718
4537,MT-ND3,MT-ATP8,9606.ENSP00000355206,9606.ENSP00000355265,0.0,0.0,0.958,0.974
4537,MT-ND3,R3HDM4,9606.ENSP00000355206,9606.ENSP00000355385,0.54,0.585,0.28,0.873
3151,HMGN2,RPL39,9606.ENSP00000355228,9606.ENSP00000355315,0.515,0.0,0.18,0.694
3151,HMGN2,ADSS2,9606.ENSP00000355228,9606.ENSP00000355493,0.0,0.0,0.073,0.572
8678,BECN1,TOMM20,9606.ENSP00000355231,9606.ENSP00000355566,0.0,0.0,0.554,0.562
8678,BECN1,EXOC8,9606.ENSP00000355231,9606.ENSP00000355605,0.51,0.0,0.883,0.941
23381,SMG5,CNOT7,9606.ENSP00000355261,9606.ENSP00000355279,0.363,0.0,0.308,0.548
5693,PSMB5,EGLN1,9606.ENSP00000355325,9606.ENSP00000355601,0.0,0.4,0.0,0.401
7052,TGM2,CD47,9606.ENSP00000355330,9606.ENSP00000355361,0.0,0.0,0.443,0.458
27350,APOBEC3C,COA6,9606.ENSP00000355340,9606.ENSP00000355574,0.31,0.198,0.128,0.589
91300,R3HDM4,COA6,9606.ENSP00000355385,9606.ENSP00000355574,0.445,0.0,0.166,0.517
51097,SCCPDH,CNST,9606.ENSP00000355467,9606.ENSP00000355470,0.0,0.0,0.0,0.54
64216,TFB2M,HEATR1,9606.ENSP00000355471,9606.ENSP00000355541,0.406,0.0,0.0,0.657
64216,TFB2M,TOMM20,9606.ENSP00000355471,9606.ENSP00000355566,0.0,0.0,0.325,0.415
84288,EFCAB2,COX20,9606.ENSP00000355480,9606.ENSP00000355486,0.0,0.0,0.508,0.523
116228,COX20,CATSPERE,9606.ENSP00000355486,9606.ENSP00000355492,0.0,0.0,0.391,0.4
116228,COX20,COA6,9606.ENSP00000355486,9606.ENSP00000355574,0.0,0.0,0.697,0.711
159,ADSS2,FH,9606.ENSP00000355493,9606.ENSP00000355518,0.0,0.0,0.414,0.494
10806,SDCCAG8,CEP170,9606.ENSP00000355499,9606.ENSP00000355500,0.067,0.0,0.422,0.463
1122,CHML,OPN3,9606.ENSP00000355511,9606.ENSP00000355512,0.0,0.0,0.974,0.974
23596,OPN3,KMO,9606.ENSP00000355512,9606.ENSP00000355517,0.0,0.0,0.861,0.867
8564,KMO,FH,9606.ENSP00000355517,9606.ENSP00000355518,0.0,0.542,0.164,0.617
2271,FH,EGLN1,9606.ENSP00000355518,9606.ENSP00000355601,0.0,0.0,0.667,0.677
55127,HEATR1,C1orf131,9606.ENSP00000355541,9606.ENSP00000355609,0.8,0.0,0.0,0.806
23456,ABCB10,FLVCR1,9606.ENSP00000355637,9606.ENSP00000355938,0.0,0.0,0.648,0.678
2987,GUK1,TFB1M,9606.ENSP00000355689,9606.ENSP00000356134,0.0,0.0,0.111,0.674
28514,DLL1,ERMARD,9606.ENSP00000355718,9606.ENSP00000355735,0.075,0.0,0.42,0.445
55780,ERMARD,TCTE3,9606.ENSP00000355735,9606.ENSP00000355736,0.0,0.0,0.477,0.481
55780,ERMARD,EPRS1,9606.ENSP00000355735,9606.ENSP00000355890,0.095,0.0,0.185,0.478
6991,TCTE3,DYNLT1,9606.ENSP00000355736,9606.ENSP00000356056,0.421,0.54,0.67,0.904
5664,PSEN2,ACBD3,9606.ENSP00000355747,9606.ENSP00000355777,0.0,0.0,0.429,0.433
5664,PSEN2,PRKN,9606.ENSP00000355747,9606.ENSP00000355865,0.0,0.0,0.565,0.565
142,PARP1,PRKN,9606.ENSP00000355759,9606.ENSP00000355865,0.195,0.0,0.321,0.43
142,PARP1,EPRS1,9606.ENSP00000355759,9606.ENSP00000355890,0.0,0.0,0.486,0.539
142,PARP1,MDM4,9606.ENSP00000355759,9606.ENSP00000356150,0.0,0.0,0.392,0.402
4301,AFDN,PRKN,9606.ENSP00000355771,9606.ENSP00000355865,0.303,0.0,0.502,0.642
4301,AFDN,CR2,9606.ENSP00000355771,9606.ENSP00000356024,0.0,0.0,0.425,0.425
64746,ACBD3,EPRS1,9606.ENSP00000355777,9606.ENSP00000355890,0.0,0.0,0.833,0.847
23219,FBXO28,PRKN,9606.ENSP00000355827,9606.ENSP00000355865,0.0,0.0,0.499,0.499
5071,PRKN,MARC1,9606.ENSP00000355865,9606.ENSP00000355877,0.409,0.0,0.18,0.495
5071,PRKN,RAB29,9606.ENSP00000355865,9606.ENSP00000356107,0.0,0.0,0.418,0.418
64757,MARC1,MARC2,9606.ENSP00000355877,9606.ENSP00000355880,0.0,0.5,0.065,0.578
55699,IARS2,EPRS1,9606.ENSP00000355889,9606.ENSP00000355890,0.967,0.0,0.965,0.999
2058,EPRS1,TFB1M,9606.ENSP00000355890,9606.ENSP00000356134,0.0,0.0,0.276,0.457
2058,EPRS1,MTRF1L,9606.ENSP00000355890,9606.ENSP00000356202,0.0,0.0,0.395,0.687
51018,RRP15,GPATCH2,9606.ENSP00000355899,9606.ENSP00000355902,0.0,0.0,0.608,0.642
1063,CENPF,DTL,9606.ENSP00000355922,9606.ENSP00000355958,0.0,0.0,0.508,0.893
26750,RPS6KC1,ANGEL2,9606.ENSP00000355927,9606.ENSP00000355929,0.0,0.0,0.489,0.514
51514,DTL,INTS7,9606.ENSP00000355958,9606.ENSP00000355961,0.0,0.0,0.235,0.432
29074,MRPL18,MTRF1L,9606.ENSP00000356001,9606.ENSP00000356202,0.507,0.0,0.0,0.529
1378,CR1,CR2,9606.ENSP00000356016,9606.ENSP00000356024,0.292,0.0,0.162,0.409
1378,CR1,CD55,9606.ENSP00000356016,9606.ENSP00000356030,0.0,0.0,0.62,0.627
57583,TMEM181,TULP4,9606.ENSP00000356057,9606.ENSP00000356064,0.0,0.0,0.48,0.506
148811,PM20D1,SLC41A1,9606.ENSP00000356104,9606.ENSP00000356105,0.0,0.0,0.923,0.923
148811,PM20D1,RAB29,9606.ENSP00000356104,9606.ENSP00000356107,0.0,0.0,0.922,0.922
148811,PM20D1,NUCKS1,9606.ENSP00000356104,9606.ENSP00000356110,0.0,0.0,0.927,0.927
148811,PM20D1,SLC45A3,9606.ENSP00000356104,9606.ENSP00000356113,0.0,0.0,0.808,0.808
254428,SLC41A1,RAB29,9606.ENSP00000356105,9606.ENSP00000356107,0.0,0.0,0.924,0.927
254428,SLC41A1,NUCKS1,9606.ENSP00000356105,9606.ENSP00000356110,0.0,0.0,0.917,0.935
254428,SLC41A1,SLC45A3,9606.ENSP00000356105,9606.ENSP00000356113,0.0,0.0,0.79,0.821
8934,RAB29,NUCKS1,9606.ENSP00000356107,9606.ENSP00000356110,0.0,0.0,0.928,0.97
8934,RAB29,SLC45A3,9606.ENSP00000356107,9606.ENSP00000356113,0.0,0.0,0.753,0.771
64710,NUCKS1,SLC45A3,9606.ENSP00000356110,9606.ENSP00000356113,0.0,0.0,0.803,0.823
25778,DSTYK,TMEM81,9606.ENSP00000356130,9606.ENSP00000356135,0.0,0.0,0.506,0.609
51106,TFB1M,MTRF1L,9606.ENSP00000356134,9606.ENSP00000356202,0.0,0.0,0.355,0.446
4194,MDM4,PIK3C2B,9606.ENSP00000356150,9606.ENSP00000356155,0.0,0.0,0.477,0.481
5287,PIK3C2B,ETNK2,9606.ENSP00000356155,9606.ENSP00000356169,0.0,0.0,0.415,0.448
23345,SYNE1,ARMT1,9606.ENSP00000356224,9606.ENSP00000356263,0.0,0.0,0.4,0.404
5877,RABIF,RGS18,9606.ENSP00000356231,9606.ENSP00000356430,0.0,0.0,0.402,0.402
5877,RABIF,RAB32,9606.ENSP00000356231,9606.ENSP00000356465,0.0,0.0,0.515,0.515
9283,GPR37L1,NAV1,9606.ENSP00000356251,9606.ENSP00000356265,0.049,0.0,0.353,0.469
23612,PHLDA3,IER5,9606.ENSP00000356280,9606.ENSP00000356549,0.0,0.0,0.384,0.401
79465,ULBP3,ULBP2,9606.ENSP00000356308,9606.ENSP00000356320,0.0,0.9,0.103,0.917
140609,NEK7,TPR,9606.ENSP00000356355,9606.ENSP00000356448,0.0,0.4,0.0,0.403
3075,CFH,F5,9606.ENSP00000356399,9606.ENSP00000356771,0.0,0.54,0.433,0.736
79577,CDC73,GLRX2,9606.ENSP00000356405,9606.ENSP00000356410,0.0,0.0,0.425,0.455
51022,GLRX2,RO60,9606.ENSP00000356410,9606.ENSP00000356416,0.0,0.0,0.423,0.435
6738,RO60,CEP350,9606.ENSP00000356416,9606.ENSP00000356579,0.0,0.0,0.08,0.466
6738,RO60,RC3H1,9606.ENSP00000356416,9606.ENSP00000356669,0.292,0.0,0.0,0.404
5996,RGS1,RGS18,9606.ENSP00000356429,9606.ENSP00000356430,0.0,0.5,0.198,0.671
5996,RGS1,RGS16,9606.ENSP00000356429,9606.ENSP00000356529,0.0,0.5,0.201,0.677
64407,RGS18,RGS16,9606.ENSP00000356430,9606.ENSP00000356529,0.0,0.5,0.096,0.548
5321,PLA2G4A,PTGS2,9606.ENSP00000356436,9606.ENSP00000356438,0.0,0.65,0.812,0.962
5321,PLA2G4A,NCF2,9606.ENSP00000356436,9606.ENSP00000356505,0.51,0.0,0.259,0.641
5743,PTGS2,FASLG,9606.ENSP00000356438,9606.ENSP00000356694,0.0,0.0,0.447,0.447
7175,TPR,DHX9,9606.ENSP00000356448,9606.ENSP00000356520,0.051,0.0,0.115,0.472
7175,TPR,COP1,9606.ENSP00000356448,9606.ENSP00000356641,0.316,0.0,0.137,0.401
10625,IVNS1ABP,SWT1,9606.ENSP00000356468,9606.ENSP00000356470,0.0,0.0,0.532,0.539
10625,IVNS1ABP,TRMT1L,9606.ENSP00000356468,9606.ENSP00000356476,0.0,0.0,0.459,0.477
54823,SWT1,TRMT1L,9606.ENSP00000356470,9606.ENSP00000356476,0.0,0.0,0.52,0.584
54823,SWT1,RNF2,9606.ENSP00000356470,9606.ENSP00000356480,0.0,0.0,0.409,0.431
81627,TRMT1L,LTV1,9606.ENSP00000356476,9606.ENSP00000356548,0.0,0.0,0.202,0.486
4688,NCF2,STX11,9606.ENSP00000356505,9606.ENSP00000356540,0.0,0.0,0.147,0.411
4688,NCF2,VTA1,9606.ENSP00000356505,9606.ENSP00000356602,0.528,0.0,0.0,0.528
7402,UTRN,SUCO,9606.ENSP00000356515,9606.ENSP00000356696,0.0,0.0,0.432,0.432
1660,DHX9,RNASEL,9606.ENSP00000356520,9606.ENSP00000356530,0.128,0.0,0.451,0.507
1660,DHX9,SF3B5,9606.ENSP00000356520,9606.ENSP00000356541,0.19,0.0,0.064,0.455
83443,SF3B5,LTV1,9606.ENSP00000356541,9606.ENSP00000356548,0.0,0.0,0.408,0.42
9213,XPR1,SOAT1,9606.ENSP00000356562,9606.ENSP00000356591,0.0,0.0,0.398,0.416
5768,QSOX1,CEP350,9606.ENSP00000356574,9606.ENSP00000356579,0.0,0.0,0.508,0.551
5768,QSOX1,SOAT1,9606.ENSP00000356574,9606.ENSP00000356591,0.0,0.0,0.404,0.409
5768,QSOX1,TOR3A,9606.ENSP00000356574,9606.ENSP00000356599,0.0,0.0,0.472,0.479
5768,QSOX1,F5,9606.ENSP00000356574,9606.ENSP00000356771,0.0,0.4,0.091,0.436
9857,CEP350,TOR1AIP2,9606.ENSP00000356579,9606.ENSP00000356584,0.0,0.0,0.463,0.482
9857,CEP350,SOAT1,9606.ENSP00000356579,9606.ENSP00000356591,0.0,0.0,0.426,0.437
9857,CEP350,TOR3A,9606.ENSP00000356579,9606.ENSP00000356599,0.0,0.0,0.504,0.507
163590,TOR1AIP2,TOR3A,9606.ENSP00000356584,9606.ENSP00000356599,0.0,0.0,0.672,0.687
6646,SOAT1,TOR3A,9606.ENSP00000356591,9606.ENSP00000356599,0.0,0.0,0.455,0.499
149041,RC3H1,ZBTB37,9606.ENSP00000356669,9606.ENSP00000356674,0.066,0.0,0.412,0.462
92346,C1orf105,PIGC,9606.ENSP00000356700,9606.ENSP00000356702,0.0,0.0,0.608,0.608
8548,BLZF1,NME7,9606.ENSP00000356782,9606.ENSP00000356785,0.0,0.0,0.396,0.413
29922,NME7,ATP1B1,9606.ENSP00000356785,9606.ENSP00000356790,0.0,0.0,0.832,0.839
6375,XCL1,XCL2,9606.ENSP00000356792,9606.ENSP00000356793,0.0,0.9,0.377,0.995
55827,DCAF6,DCAF8,9606.ENSP00000356814,9606.ENSP00000357052,0.0,0.9,0.166,0.916
6446,SGK1,DUSP12,9606.ENSP00000356832,9606.ENSP00000356920,0.085,0.0,0.416,0.456
117143,TADA1,POGK,9606.ENSP00000356848,9606.ENSP00000356849,0.0,0.0,0.405,0.424
57645,POGK,UCK2,9606.ENSP00000356849,9606.ENSP00000356853,0.0,0.0,0.437,0.45
57645,POGK,MGST3,9606.ENSP00000356849,9606.ENSP00000356864,0.0,0.0,0.475,0.479
7371,UCK2,MGST3,9606.ENSP00000356853,9606.ENSP00000356864,0.064,0.0,0.379,0.4
8876,VNN1,STX7,9606.ENSP00000356905,9606.ENSP00000356918,0.0,0.0,0.473,0.51
117157,SH2D1B,FCGR3A,9606.ENSP00000356906,9606.ENSP00000356946,0.0,0.0,0.399,0.427
117157,SH2D1B,CD244,9606.ENSP00000356906,9606.ENSP00000357012,0.605,0.9,0.864,0.994
117157,SH2D1B,SLAMF7,9606.ENSP00000356906,9606.ENSP00000357022,0.412,0.0,0.783,0.88
117157,SH2D1B,SLAMF6,9606.ENSP00000356906,9606.ENSP00000357036,0.514,0.7,0.813,0.973
8417,STX7,MOXD1,9606.ENSP00000356918,9606.ENSP00000356940,0.0,0.0,0.859,0.875
22926,ATF6,DUSP12,9606.ENSP00000356919,9606.ENSP00000356920,0.0,0.0,0.256,0.518
11266,DUSP12,UFC1,9606.ENSP00000356920,9606.ENSP00000356982,0.0,0.0,0.388,0.449
127943,FCRLB,FCRL1,9606.ENSP00000356925,9606.ENSP00000357158,0.0,0.0,0.268,0.418
84824,FCRLA,FCRL1,9606.ENSP00000356936,9606.ENSP00000357158,0.126,0.0,0.246,0.565
84824,FCRLA,FCRL3,9606.ENSP00000356936,9606.ENSP00000357169,0.126,0.0,0.254,0.507
2214,FCGR3A,CD244,9606.ENSP00000356946,9606.ENSP00000357012,0.0,0.0,0.592,0.658
2214,FCGR3A,SLAMF7,9606.ENSP00000356946,9606.ENSP00000357022,0.0,0.0,0.81,0.829
2214,FCGR3A,SLAMF6,9606.ENSP00000356946,9606.ENSP00000357036,0.0,0.0,0.479,0.5
2214,FCGR3A,FCER1A,9606.ENSP00000356946,9606.ENSP00000357097,0.176,0.0,0.156,0.423
2214,FCGR3A,MNDA,9606.ENSP00000356946,9606.ENSP00000357123,0.0,0.0,0.368,0.851
2214,FCGR3A,CD1E,9606.ENSP00000356946,9606.ENSP00000357149,0.0,0.0,0.595,0.613
2214,FCGR3A,CD1B,9606.ENSP00000356946,9606.ENSP00000357150,0.0,0.0,0.602,0.607
2214,FCGR3A,CD1C,9606.ENSP00000356946,9606.ENSP00000357152,0.0,0.0,0.723,0.746
2214,FCGR3A,FCRL1,9606.ENSP00000356946,9606.ENSP00000357158,0.176,0.0,0.607,0.68
2214,FCGR3A,FCRL3,9606.ENSP00000356946,9606.ENSP00000357169,0.176,0.0,0.262,0.403
6391,SDHC,NDUFS2,9606.ENSP00000356953,9606.ENSP00000356972,0.486,0.0,0.541,0.981
6391,SDHC,PPOX,9606.ENSP00000356953,9606.ENSP00000356978,0.0,0.0,0.0,0.43
6391,SDHC,USF1,9606.ENSP00000356953,9606.ENSP00000357000,0.0,0.0,0.42,0.43
9970,NR1I3,MED23,9606.ENSP00000356959,9606.ENSP00000357047,0.709,0.0,0.157,0.745
84134,TOMM40L,NDUFS2,9606.ENSP00000356967,9606.ENSP00000356972,0.0,0.0,0.535,0.62
84134,TOMM40L,DEDD,9606.ENSP00000356967,9606.ENSP00000356984,0.0,0.0,0.421,0.446
4720,NDUFS2,UFC1,9606.ENSP00000356972,9606.ENSP00000356982,0.0,0.0,0.247,0.41
4720,NDUFS2,NIT1,9606.ENSP00000356972,9606.ENSP00000356988,0.0,0.0,0.227,0.404
27005,USP21,UFC1,9606.ENSP00000356981,9606.ENSP00000356982,0.0,0.0,0.154,0.604
51506,UFC1,PFDN2,9606.ENSP00000356982,9606.ENSP00000356989,0.0,0.0,0.379,0.418
9191,DEDD,NIT1,9606.ENSP00000356984,9606.ENSP00000356988,0.0,0.0,0.579,0.601
9191,DEDD,PEA15,9606.ENSP00000356984,9606.ENSP00000357055,0.0,0.0,0.452,0.461
126823,KLHDC9,ARHGAP30,9606.ENSP00000356990,9606.ENSP00000356992,0.0,0.0,0.582,0.582
257106,ARHGAP30,USF1,9606.ENSP00000356992,9606.ENSP00000357000,0.0,0.0,0.183,0.571
51744,CD244,SLAMF7,9606.ENSP00000357012,9606.ENSP00000357022,0.286,0.0,0.625,0.762
51744,CD244,SLAMF6,9606.ENSP00000357012,9606.ENSP00000357036,0.286,0.0,0.902,0.938
57823,SLAMF7,SLAMF6,9606.ENSP00000357022,9606.ENSP00000357036,0.0,0.0,0.512,0.598
57823,SLAMF7,CD1B,9606.ENSP00000357022,9606.ENSP00000357150,0.0,0.0,0.159,0.421
57823,SLAMF7,CD1C,9606.ENSP00000357022,9606.ENSP00000357152,0.0,0.0,0.215,0.446
114836,SLAMF6,FCER1A,9606.ENSP00000357036,9606.ENSP00000357097,0.0,0.0,0.377,0.44
114836,SLAMF6,PYHIN1,9606.ENSP00000357036,9606.ENSP00000357122,0.0,0.0,0.127,0.487
114836,SLAMF6,FCRL3,9606.ENSP00000357036,9606.ENSP00000357169,0.0,0.0,0.215,0.533
2205,FCER1A,IFI16,9606.ENSP00000357097,9606.ENSP00000357113,0.0,0.0,0.511,0.511
2205,FCER1A,MNDA,9606.ENSP00000357097,9606.ENSP00000357123,0.0,0.0,0.528,0.672
2205,FCER1A,CD1E,9606.ENSP00000357097,9606.ENSP00000357149,0.0,0.0,0.394,0.505
2205,FCER1A,CD1C,9606.ENSP00000357097,9606.ENSP00000357152,0.0,0.0,0.523,0.672
9447,AIM2,IFI16,9606.ENSP00000357112,9606.ENSP00000357113,0.0,0.0,0.917,0.929
9447,AIM2,MNDA,9606.ENSP00000357112,9606.ENSP00000357123,0.0,0.0,0.477,0.523
3428,IFI16,MNDA,9606.ENSP00000357113,9606.ENSP00000357123,0.0,0.0,0.35,0.401
149628,PYHIN1,FCRL3,9606.ENSP00000357122,9606.ENSP00000357169,0.0,0.0,0.055,0.477
913,CD1E,CD1B,9606.ENSP00000357149,9606.ENSP00000357150,0.0,0.0,0.075,0.998
913,CD1E,CD1C,9606.ENSP00000357149,9606.ENSP00000357152,0.0,0.0,0.064,0.779
910,CD1B,CD1C,9606.ENSP00000357150,9606.ENSP00000357152,0.0,0.5,0.672,0.916
911,CD1C,LMNA,9606.ENSP00000357152,9606.ENSP00000357283,0.0,0.0,0.393,0.4
115350,FCRL1,FCRL3,9606.ENSP00000357158,9606.ENSP00000357169,0.0,0.0,0.121,0.66
11243,PMF1,SEMA4A,9606.ENSP00000357256,9606.ENSP00000357265,0.0,0.0,0.39,0.405
28956,LAMTOR2,UBQLN4,9606.ENSP00000357288,9606.ENSP00000357292,0.0,0.0,0.394,0.433
7818,DAP3,ECHS1,9606.ENSP00000357320,9606.ENSP00000357535,0.471,0.0,0.056,0.515
7818,DAP3,MRPL9,9606.ENSP00000357320,9606.ENSP00000357823,0.95,0.0,0.358,0.976
23623,RUSC1,PMVK,9606.ENSP00000357336,9606.ENSP00000357452,0.072,0.0,0.314,0.419
23623,RUSC1,NUS1,9606.ENSP00000357336,9606.ENSP00000357480,0.0,0.325,0.166,0.47
4580,MTX1,THBS3,9606.ENSP00000357360,9606.ENSP00000357362,0.054,0.0,0.905,0.908
4580,MTX1,SLC39A1,9606.ENSP00000357360,9606.ENSP00000357612,0.399,0.0,0.17,0.532
54344,DPM3,NUS1,9606.ENSP00000357384,9606.ENSP00000357480,0.0,0.0,0.452,0.473
55974,SLC50A1,EFNA1,9606.ENSP00000357389,9606.ENSP00000357392,0.0,0.0,0.205,0.504
1942,EFNA1,EFNA3,9606.ENSP00000357392,9606.ENSP00000357393,0.0,0.4,0.443,0.673
127579,DCST2,PBXIP1,9606.ENSP00000357409,9606.ENSP00000357448,0.0,0.0,0.478,0.488
57326,PBXIP1,PMVK,9606.ENSP00000357448,9606.ENSP00000357452,0.0,0.0,0.353,0.519
387119,CEP85L,GOPC,9606.ENSP00000357474,9606.ENSP00000357484,0.0,0.0,0.592,0.631
1892,ECHS1,S100A6,9606.ENSP00000357535,9606.ENSP00000357709,0.045,0.0,0.396,0.413
1892,ECHS1,OAT,9606.ENSP00000357535,9606.ENSP00000357838,0.162,0.155,0.29,0.503
1892,ECHS1,ACADSB,9606.ENSP00000357535,9606.ENSP00000357873,0.095,0.948,0.668,0.993
221302,ZUP1,PSMD4,9606.ENSP00000357565,9606.ENSP00000357876,0.0,0.0,0.627,0.627
27173,SLC39A1,CRTC2,9606.ENSP00000357612,9606.ENSP00000357622,0.0,0.0,0.407,0.484
664,BNIP3,S100A4,9606.ENSP00000357625,9606.ENSP00000357704,0.0,0.0,0.417,0.416
6275,S100A4,S100A6,9606.ENSP00000357704,9606.ENSP00000357709,0.162,0.0,0.21,0.755
6275,S100A4,S100A10,9606.ENSP00000357704,9606.ENSP00000357801,0.048,0.0,0.35,0.758
6277,S100A6,S100A8,9606.ENSP00000357709,9606.ENSP00000357721,0.0,0.0,0.689,0.701
6277,S100A6,S100A12,9606.ENSP00000357709,9606.ENSP00000357726,0.0,0.0,0.469,0.512
6277,S100A6,S100A10,9606.ENSP00000357709,9606.ENSP00000357801,0.048,0.0,0.926,0.972
6279,S100A8,S100A12,9606.ENSP00000357721,9606.ENSP00000357726,0.046,0.0,0.591,0.995
6279,S100A8,S100A9,9606.ENSP00000357721,9606.ENSP00000357727,0.977,0.9,0.988,0.999
6279,S100A8,S100A10,9606.ENSP00000357721,9606.ENSP00000357801,0.048,0.0,0.459,0.486
6283,S100A12,S100A9,9606.ENSP00000357726,9606.ENSP00000357727,0.0,0.0,0.452,0.94
56647,BCCIP,UROS,9606.ENSP00000357748,9606.ENSP00000357787,0.0,0.0,0.929,0.932
117145,THEM4,THEM5,9606.ENSP00000357804,9606.ENSP00000357807,0.433,0.9,0.108,0.948
5298,PI4KB,PIP5K1A,9606.ENSP00000357869,9606.ENSP00000357883,0.071,0.932,0.539,0.971
5710,PSMD4,PIP5K1A,9606.ENSP00000357876,9606.ENSP00000357883,0.0,0.0,0.494,0.591
79005,SCNM1,LYSMD1,9606.ENSP00000357901,9606.ENSP00000357904,0.0,0.0,0.469,0.479
85413,SLC22A16,DDO,9606.ENSP00000357915,9606.ENSP00000357920,0.0,0.0,0.188,0.547
51362,CDC40,ASCC3,9606.ENSP00000357928,9606.ENSP00000358159,0.581,0.0,0.186,0.669
51362,CDC40,SHOC2,9606.ENSP00000357928,9606.ENSP00000358464,0.176,0.0,0.056,0.444
5654,HTRA1,PLEKHA1,9606.ENSP00000357980,9606.ENSP00000357986,0.0,0.0,0.729,0.738
1520,CTSS,MCL1,9606.ENSP00000357981,9606.ENSP00000358022,0.0,0.0,0.4,0.478
1520,CTSS,ATG5,9606.ENSP00000357981,9606.ENSP00000358072,0.0,0.0,0.521,0.529
11231,SEC63,QRSL1,9606.ENSP00000357998,9606.ENSP00000358042,0.068,0.0,0.371,0.415
11231,SEC63,UFL1,9606.ENSP00000357998,9606.ENSP00000358283,0.306,0.0,0.137,0.542
256380,SCML4,QRSL1,9606.ENSP00000358016,9606.ENSP00000358042,0.0,0.0,0.405,0.41
256380,SCML4,RTN4IP1,9606.ENSP00000358016,9606.ENSP00000358059,0.0,0.0,0.403,0.403
4170,MCL1,ADAMTSL4,9606.ENSP00000358022,9606.ENSP00000358035,0.0,0.0,0.434,0.446
4170,MCL1,ATG5,9606.ENSP00000358022,9606.ENSP00000358072,0.0,0.0,0.545,0.55
4170,MCL1,BAG3,9606.ENSP00000358022,9606.ENSP00000358081,0.293,0.0,0.609,0.717
4170,MCL1,PRDM1,9606.ENSP00000358022,9606.ENSP00000358092,0.0,0.0,0.336,0.402
4170,MCL1,CASP7,9606.ENSP00000358022,9606.ENSP00000358327,0.125,0.0,0.616,0.667
57107,PDSS2,QRSL1,9606.ENSP00000358033,9606.ENSP00000358042,0.0,0.0,0.314,0.514
57107,PDSS2,RTN4IP1,9606.ENSP00000358033,9606.ENSP00000358059,0.0,0.0,0.277,0.447
55278,QRSL1,RTN4IP1,9606.ENSP00000358042,9606.ENSP00000358059,0.0,0.0,0.432,0.565
55278,QRSL1,TARS2,9606.ENSP00000358042,9606.ENSP00000358060,0.135,0.0,0.342,0.474
55278,QRSL1,PRDM1,9606.ENSP00000358042,9606.ENSP00000358092,0.0,0.0,0.449,0.449
80222,TARS2,RPRD2,9606.ENSP00000358060,9606.ENSP00000358064,0.0,0.0,0.24,0.5
202,CRYBG1,FBXL4,9606.ENSP00000358062,9606.ENSP00000358247,0.24,0.0,0.249,0.414
9474,ATG5,BAG3,9606.ENSP00000358072,9606.ENSP00000358081,0.0,0.0,0.402,0.407
9474,ATG5,CASP7,9606.ENSP00000358072,9606.ENSP00000358327,0.105,0.0,0.46,0.524
639,PRDM1,CD160,9606.ENSP00000358092,9606.ENSP00000358294,0.0,0.0,0.434,0.47
639,PRDM1,TENT5C,9606.ENSP00000358092,9606.ENSP00000358458,0.0,0.0,0.432,0.447
8349,H2BC21,H2AC18,9606.ENSP00000358151,9606.ENSP00000358155,0.393,0.4,0.999,0.999
8349,H2BC21,CHD1L,9606.ENSP00000358151,9606.ENSP00000358262,0.485,0.0,0.239,0.605
8337,H2AC18,CHD1L,9606.ENSP00000358155,9606.ENSP00000358262,0.37,0.0,0.273,0.53
8337,H2AC18,BRCC3,9606.ENSP00000358155,9606.ENSP00000358474,0.0,0.5,0.478,0.728
2209,FCGR1A,FCGR1B,9606.ENSP00000358165,9606.ENSP00000358391,0.0,0.4,0.395,0.999
2209,FCGR1A,CD2,9606.ENSP00000358165,9606.ENSP00000358490,0.126,0.0,0.583,0.638
63877,FAM204A,RAB11FIP2,9606.ENSP00000358183,9606.ENSP00000358200,0.0,0.0,0.476,0.491
26235,FBXL4,UFL1,9606.ENSP00000358247,9606.ENSP00000358283,0.0,0.0,0.299,0.404
9557,CHD1L,GDAP2,9606.ENSP00000358262,9606.ENSP00000358451,0.069,0.0,0.479,0.502
114792,KLHL32,NDUFAF4,9606.ENSP00000358265,9606.ENSP00000358272,0.0,0.0,0.531,0.534
11126,CD160,CD2,9606.ENSP00000358294,9606.ENSP00000358490,0.0,0.0,0.544,0.619
153,ADRB1,NHLRC2,9606.ENSP00000358301,9606.ENSP00000358307,0.0,0.0,0.45,0.45
374354,NHLRC2,ZDHHC6,9606.ENSP00000358307,9606.ENSP00000358413,0.0,0.0,0.46,0.473
8515,ITGA10,PEX11B,9606.ENSP00000358310,9606.ENSP00000358312,0.0,0.0,0.272,0.516
8799,PEX11B,POLR3GL,9606.ENSP00000358312,9606.ENSP00000358320,0.0,0.0,0.375,0.431
840,CASP7,SCAF11,9606.ENSP00000358327,9606.ENSP00000358374,0.0,0.0,0.4,0.408
2210,FCGR1B,CD2,9606.ENSP00000358391,9606.ENSP00000358490,0.126,0.0,0.364,0.447
1193,CLIC2,RAB39B,9606.ENSP00000358460,9606.ENSP00000358466,0.0,0.0,0.52,0.535
1193,CLIC2,CMC4,9606.ENSP00000358460,9606.ENSP00000358496,0.0,0.0,0.402,0.402
9398,CD101,CD2,9606.ENSP00000358482,9606.ENSP00000358490,0.087,0.0,0.537,0.578
4515,MTCP1,CMC4,9606.ENSP00000358488,9606.ENSP00000358496,0.0,0.0,0.41,0.476
8732,RNGTT,DDX20,9606.ENSP00000358497,9606.ENSP00000358716,0.0,0.0,0.065,0.472
80143,SIKE1,STRIP1,9606.ENSP00000358541,9606.ENSP00000358810,0.994,0.0,0.763,0.998
80143,SIKE1,EMD,9606.ENSP00000358541,9606.ENSP00000358857,0.049,0.0,0.729,0.731
4354,MPP1,DKC1,9606.ENSP00000358547,9606.ENSP00000358563,0.361,0.0,0.116,0.474
4893,NRAS,RAP1A,9606.ENSP00000358548,9606.ENSP00000358723,0.068,0.5,0.388,0.706
4893,NRAS,GNAI3,9606.ENSP00000358548,9606.ENSP00000358867,0.129,0.9,0.127,0.927
57038,RARS2,SARS1,9606.ENSP00000358549,9606.ENSP00000358939,0.134,0.0,0.929,0.95
10286,BCAS2,SYNCRIP,9606.ENSP00000358554,9606.ENSP00000358635,0.0,0.0,0.228,0.404
1736,DKC1,SYNCRIP,9606.ENSP00000358563,9606.ENSP00000358635,0.157,0.0,0.329,0.599
1736,DKC1,PDCD11,9606.ENSP00000358563,9606.ENSP00000358812,0.481,0.0,0.533,0.936
10717,AP4B1,PHTF1,9606.ENSP00000358582,9606.ENSP00000358617,0.0,0.0,0.507,0.584
10285,SMNDC1,SYNCRIP,9606.ENSP00000358616,9606.ENSP00000358635,0.0,0.0,0.368,0.434
10492,SYNCRIP,DDX20,9606.ENSP00000358635,9606.ENSP00000358716,0.187,0.0,0.621,0.691
10492,SYNCRIP,RBM15,9606.ENSP00000358635,9606.ENSP00000358799,0.0,0.54,0.072,0.562
8266,UBL4A,DDX20,9606.ENSP00000358674,9606.ENSP00000358716,0.334,0.0,0.104,0.401
8266,UBL4A,EMD,9606.ENSP00000358674,9606.ENSP00000358857,0.0,0.5,0.074,0.568
8266,UBL4A,TMEM187,9606.ENSP00000358674,9606.ENSP00000358999,0.0,0.0,0.496,0.518
4199,ME1,TKTL1,9606.ENSP00000358719,9606.ENSP00000358931,0.0,0.0,0.562,0.595
9446,GSTO1,ATP5MD,9606.ENSP00000358727,9606.ENSP00000358840,0.0,0.0,0.467,0.484
9446,GSTO1,GSTM4,9606.ENSP00000358727,9606.ENSP00000358851,0.0,0.65,0.513,0.834
515,ATP5PB,ATP5MD,9606.ENSP00000358737,9606.ENSP00000358840,0.94,0.909,0.519,0.999
85369,STRIP1,AHCYL1,9606.ENSP00000358810,9606.ENSP00000358814,0.0,0.0,0.232,0.508
22984,PDCD11,TAF5,9606.ENSP00000358812,9606.ENSP00000358854,0.058,0.0,0.293,0.483
10768,AHCYL1,TKTL1,9606.ENSP00000358814,9606.ENSP00000358931,0.071,0.0,0.231,0.412
84833,ATP5MD,SFXN2,9606.ENSP00000358840,9606.ENSP00000358909,0.0,0.0,0.437,0.441
6877,TAF5,ATXN7L2,9606.ENSP00000358854,9606.ENSP00000358886,0.515,0.0,0.241,0.623
2010,EMD,FLNA,9606.ENSP00000358857,9606.ENSP00000358866,0.0,0.0,0.464,0.514
2316,FLNA,NFKB2,9606.ENSP00000358866,9606.ENSP00000358983,0.069,0.0,0.417,0.475
2316,FLNA,MYO6,9606.ENSP00000358866,9606.ENSP00000358994,0.152,0.0,0.394,0.472
284613,CYB561D1,ATXN7L2,9606.ENSP00000358884,9606.ENSP00000358886,0.098,0.0,0.22,0.428
140700,SAMD10,ZNF512B,9606.ENSP00000358902,9606.ENSP00000358904,0.0,0.0,0.0,0.561
10121,ACTR1A,GBF1,9606.ENSP00000358921,9606.ENSP00000359000,0.067,0.5,0.082,0.555
8277,TKTL1,IRAK1,9606.ENSP00000358931,9606.ENSP00000358997,0.044,0.0,0.423,0.461
134728,IRAK1BP1,IRAK1,9606.ENSP00000358956,9606.ENSP00000358997,0.292,0.0,0.571,0.683
4791,NFKB2,IRAK1,9606.ENSP00000358983,9606.ENSP00000358997,0.095,0.0,0.432,0.515
3654,IRAK1,TMEM187,9606.ENSP00000358997,9606.ENSP00000358999,0.0,0.0,0.489,0.503
6814,STXBP3,PRPF38B,9606.ENSP00000359025,9606.ENSP00000359042,0.0,0.0,0.164,0.427
79591,ARMH3,BLOC1S2,9606.ENSP00000359050,9606.ENSP00000359398,0.0,0.0,0.41,0.418
51611,DPH5,DBT,9606.ENSP00000359127,9606.ENSP00000359151,0.0,0.0,0.438,0.476
51611,DPH5,TRMT13,9606.ENSP00000359127,9606.ENSP00000359160,0.0,0.0,0.395,0.502
2135,EXTL2,HS2ST1,9606.ENSP00000359131,9606.ENSP00000359581,0.0,0.0,0.613,0.644
1629,DBT,TRMT13,9606.ENSP00000359151,9606.ENSP00000359160,0.0,0.0,0.535,0.551
25911,DPCD,POLL,9606.ENSP00000359170,9606.ENSP00000359181,0.0,0.0,0.446,0.499
64645,MFSD14A,SLC35A3,9606.ENSP00000359171,9606.ENSP00000359172,0.0,0.0,0.071,0.685
27343,POLL,BTRC,9606.ENSP00000359181,9606.ENSP00000359206,0.0,0.0,0.678,0.696
8945,BTRC,GLMN,9606.ENSP00000359206,9606.ENSP00000359385,0.0,0.0,0.468,0.472
8945,BTRC,CHUK,9606.ENSP00000359206,9606.ENSP00000359424,0.334,0.5,0.495,0.83
1806,DPYD,PTBP2,9606.ENSP00000359211,9606.ENSP00000359216,0.0,0.0,0.423,0.428
199857,ALG14,HAUS7,9606.ENSP00000359224,9606.ENSP00000359230,0.425,0.0,0.0,0.424
55559,HAUS7,CETN2,9606.ENSP00000359230,9606.ENSP00000359300,0.0,0.5,0.137,0.558
2730,GCLM,GOT1,9606.ENSP00000359258,9606.ENSP00000359539,0.053,0.8,0.169,0.843
1810,DR1,GTF2B,9606.ENSP00000359295,9606.ENSP00000359531,0.143,0.0,0.776,0.809
50814,NSDHL,RPL5,9606.ENSP00000359297,9606.ENSP00000359345,0.503,0.0,0.072,0.555
388650,DIPK1A,RPL5,9606.ENSP00000359333,9606.ENSP00000359345,0.0,0.0,0.433,0.433
115004,CGAS,CHUK,9606.ENSP00000359339,9606.ENSP00000359424,0.0,0.0,0.42,0.425
115004,CGAS,GBP5,9606.ENSP00000359339,9606.ENSP00000359488,0.0,0.0,0.354,0.412
6125,RPL5,FMR1,9606.ENSP00000359345,9606.ENSP00000359506,0.259,0.0,0.511,0.629
54915,YTHDF1,FMR1,9606.ENSP00000359364,9606.ENSP00000359506,0.196,0.0,0.784,0.829
54915,YTHDF1,RBMX,9606.ENSP00000359364,9606.ENSP00000359645,0.056,0.0,0.878,0.881
80759,KHDC1,CXorf40B,9606.ENSP00000359411,9606.ENSP00000359434,0.0,0.0,0.417,0.416
115362,GBP5,GBP4,9606.ENSP00000359488,9606.ENSP00000359490,0.292,0.0,0.093,0.853
115362,GBP5,GBP2,9606.ENSP00000359488,9606.ENSP00000359497,0.292,0.9,0.074,0.965
115362,GBP5,GBP1,9606.ENSP00000359488,9606.ENSP00000359504,0.573,0.0,0.07,0.908
115362,GBP5,GBP3,9606.ENSP00000359488,9606.ENSP00000359512,0.292,0.0,0.069,0.547
115361,GBP4,GBP2,9606.ENSP00000359490,9606.ENSP00000359497,0.292,0.0,0.62,0.853
115361,GBP4,GBP1,9606.ENSP00000359490,9606.ENSP00000359504,0.292,0.0,0.426,0.905
2634,GBP2,GBP1,9606.ENSP00000359497,9606.ENSP00000359504,0.778,0.0,0.394,0.967
2634,GBP2,GBP3,9606.ENSP00000359497,9606.ENSP00000359512,0.819,0.0,0.465,0.936
2633,GBP1,GBP3,9606.ENSP00000359504,9606.ENSP00000359512,0.806,0.0,0.393,0.936
2332,FMR1,RBMX,9606.ENSP00000359506,9606.ENSP00000359645,0.099,0.0,0.705,0.743
51076,CUTC,ENTPD7,9606.ENSP00000359507,9606.ENSP00000359520,0.0,0.0,0.436,0.448
2959,GTF2B,PKN2,9606.ENSP00000359531,9606.ENSP00000359552,0.0,0.0,0.439,0.447
55283,MCOLN3,MCOLN2,9606.ENSP00000359621,9606.ENSP00000359640,0.438,0.9,0.716,0.983
959,CD40LG,PSMA7,9606.ENSP00000359663,9606.ENSP00000359910,0.0,0.4,0.159,0.473
959,CD40LG,SH2D1A,9606.ENSP00000359663,9606.ENSP00000360181,0.0,0.0,0.704,0.779
959,CD40LG,ENTPD1,9606.ENSP00000359663,9606.ENSP00000360250,0.0,0.0,0.506,0.516
959,CD40LG,JUN,9606.ENSP00000359663,9606.ENSP00000360266,0.0,0.0,0.404,0.404
1486,CTBS,GNG5,9606.ENSP00000359664,9606.ENSP00000359675,0.0,0.0,0.968,0.97
55361,PI4K2A,OCRL,9606.ENSP00000359665,9606.ENSP00000360154,0.0,0.65,0.407,0.788
2787,GNG5,PRKACB,9606.ENSP00000359675,9606.ENSP00000359719,0.0,0.65,0.064,0.658
2787,GNG5,GNAS,9606.ENSP00000359675,9606.ENSP00000360141,0.737,0.9,0.228,0.978
80135,RPF1,EXOSC1,9606.ENSP00000359688,9606.ENSP00000359939,0.0,0.0,0.241,0.672
5567,PRKACB,FUBP1,9606.ENSP00000359719,9606.ENSP00000359804,0.0,0.0,0.416,0.44
5567,PRKACB,SERBP1,9606.ENSP00000359719,9606.ENSP00000360034,0.0,0.0,0.442,0.447
5567,PRKACB,GNAS,9606.ENSP00000359719,9606.ENSP00000360141,0.0,0.5,0.663,0.824
5567,PRKACB,JUN,9606.ENSP00000359719,9606.ENSP00000360266,0.0,0.9,0.65,0.963
9532,BAG2,ZNF451,9606.ENSP00000359727,9606.ENSP00000359740,0.0,0.0,0.291,0.451
9532,BAG2,DNAJB4,9606.ENSP00000359727,9606.ENSP00000359799,0.475,0.0,0.569,0.783
10479,SLC9A6,ALDH18A1,9606.ENSP00000359729,9606.ENSP00000360268,0.0,0.0,0.279,0.423
10561,IFI44,IFI44L,9606.ENSP00000359783,9606.ENSP00000359787,0.0,0.0,0.702,0.999
10561,IFI44,ZBP1,9606.ENSP00000359783,9606.ENSP00000360215,0.0,0.0,0.174,0.517
11080,DNAJB4,USP33,9606.ENSP00000359799,9606.ENSP00000359829,0.047,0.0,0.445,0.467
8880,FUBP1,SRSF11,9606.ENSP00000359804,9606.ENSP00000359988,0.0,0.0,0.25,0.639
8880,FUBP1,SERBP1,9606.ENSP00000359804,9606.ENSP00000360034,0.0,0.0,0.232,0.555
26009,ZZZ3,ANKRD13C,9606.ENSP00000359837,9606.ENSP00000359982,0.0,0.0,0.257,0.48
26164,MTG2,ALDH18A1,9606.ENSP00000359859,9606.ENSP00000360268,0.0,0.155,0.353,0.719
34,ACADM,ELOVL5,9606.ENSP00000359871,9606.ENSP00000359956,0.0,0.102,0.345,0.401
34,ACADM,PGM1,9606.ENSP00000359871,9606.ENSP00000360124,0.0,0.0,0.659,0.679
127253,TYW3,ANKRD13C,9606.ENSP00000359904,9606.ENSP00000359982,0.0,0.0,0.381,0.4
5688,PSMA7,MCTS1,9606.ENSP00000359910,9606.ENSP00000360365,0.0,0.0,0.072,0.418
9406,ZRANB2,SRSF11,9606.ENSP00000359958,9606.ENSP00000359988,0.591,0.0,0.22,0.778
1491,CTH,ALDH18A1,9606.ENSP00000359976,9606.ENSP00000360268,0.0,0.0,0.417,0.476
55631,LRRC40,PGAM1,9606.ENSP00000359990,9606.ENSP00000359991,0.0,0.0,0.436,0.456
5223,PGAM1,PGM1,9606.ENSP00000359991,9606.ENSP00000360124,0.0,0.0,0.493,0.627
5223,PGAM1,ALDH18A1,9606.ENSP00000359991,9606.ENSP00000360268,0.0,0.0,0.393,0.431
1647,GADD45A,JUN,9606.ENSP00000360025,9606.ENSP00000360266,0.0,0.0,0.541,0.626
23401,FRAT2,FRAT1,9606.ENSP00000360058,9606.ENSP00000360060,0.0,0.9,0.066,0.951
5236,PGM1,EFCAB7,9606.ENSP00000360124,9606.ENSP00000360129,0.073,0.0,0.305,0.625
5236,PGM1,DHCR24,9606.ENSP00000360124,9606.ENSP00000360316,0.0,0.0,0.457,0.479
84455,EFCAB7,ITGB3BP,9606.ENSP00000360129,9606.ENSP00000360133,0.0,0.0,0.398,0.481
2778,GNAS,STX16,9606.ENSP00000360141,9606.ENSP00000360183,0.0,0.0,0.87,0.874
4068,SH2D1A,XIAP,9606.ENSP00000360181,9606.ENSP00000360242,0.0,0.0,0.769,0.773
4774,NFIA,JUN,9606.ENSP00000360231,9606.ENSP00000360266,0.131,0.0,0.438,0.499
331,XIAP,JUN,9606.ENSP00000360242,9606.ENSP00000360266,0.0,0.0,0.584,0.584
51361,HOOK1,FGGY,9606.ENSP00000360252,9606.ENSP00000360262,0.0,0.0,0.382,0.446
3725,JUN,ALDH18A1,9606.ENSP00000360266,9606.ENSP00000360268,0.131,0.0,0.434,0.487
5832,ALDH18A1,PARS2,9606.ENSP00000360268,9606.ENSP00000360327,0.173,0.0,0.387,0.657
25973,PARS2,TTC4,9606.ENSP00000360327,9606.ENSP00000360329,0.045,0.0,0.041,0.608
79576,NKAP,FRA10AC1,9606.ENSP00000360464,9606.ENSP00000360488,0.491,0.0,0.248,0.637
79576,NKAP,MAGOH,9606.ENSP00000360464,9606.ENSP00000360525,0.8,0.0,0.0,0.803
79576,NKAP,CDC5L,9606.ENSP00000360464,9606.ENSP00000360532,0.8,0.0,0.041,0.815
92714,ARRDC1,CEP55,9606.ENSP00000360475,9606.ENSP00000360540,0.0,0.0,0.57,0.57
55706,NDC1,MAGOH,9606.ENSP00000360483,9606.ENSP00000360525,0.0,0.5,0.0,0.52
860,RUNX2,SUPT3H,9606.ENSP00000360493,9606.ENSP00000360515,0.0,0.0,0.543,0.549
7737,RNF113A,MAGOH,9606.ENSP00000360497,9606.ENSP00000360525,0.0,0.4,0.071,0.481
7737,RNF113A,CDC5L,9606.ENSP00000360497,9606.ENSP00000360532,0.991,0.0,0.78,0.998
64975,MRPL41,ECHDC2,9606.ENSP00000360498,9606.ENSP00000360577,0.445,0.0,0.0,0.458
64975,MRPL41,MRPS2,9606.ENSP00000360498,9606.ENSP00000360850,0.966,0.0,0.419,0.988
8464,SUPT3H,CDC5L,9606.ENSP00000360515,9606.ENSP00000360532,0.0,0.0,0.655,0.661
4116,MAGOH,CDC5L,9606.ENSP00000360525,9606.ENSP00000360532,0.914,0.0,0.202,0.93
4116,MAGOH,SLC25A5,9606.ENSP00000360525,9606.ENSP00000360671,0.509,0.0,0.05,0.524
988,CDC5L,ORC1,9606.ENSP00000360532,9606.ENSP00000360623,0.782,0.0,0.138,0.804
55165,CEP55,KIF20B,9606.ENSP00000360540,9606.ENSP00000360793,0.053,0.0,0.292,0.515
55165,CEP55,STIL,9606.ENSP00000360540,9606.ENSP00000360944,0.0,0.0,0.205,0.559
1376,CPT2,SCP2,9606.ENSP00000360541,9606.ENSP00000360569,0.091,0.0,0.442,0.632
6342,SCP2,ECHDC2,9606.ENSP00000360569,9606.ENSP00000360577,0.086,0.64,0.248,0.81
6342,SCP2,TMEM189,9606.ENSP00000360569,9606.ENSP00000360715,0.0,0.0,0.449,0.449
55268,ECHDC2,DNLZ,9606.ENSP00000360577,9606.ENSP00000360803,0.431,0.0,0.0,0.431
3326,HSP90AB1,TNKS2,9606.ENSP00000360609,9606.ENSP00000360689,0.101,0.0,0.473,0.512
7319,UBE2A,TMEM189,9606.ENSP00000360613,9606.ENSP00000360715,0.284,0.0,0.175,0.422
4998,ORC1,STIL,9606.ENSP00000360623,9606.ENSP00000360944,0.0,0.0,0.132,0.524
3755,KCNG1,MRPS2,9606.ENSP00000360626,9606.ENSP00000360850,0.255,0.0,0.057,0.424
29952,DPP7,RABL6,9606.ENSP00000360635,9606.ENSP00000360727,0.0,0.0,0.451,0.506
8813,DPM1,ADNP,9606.ENSP00000360638,9606.ENSP00000360662,0.0,0.0,0.137,0.565
8813,DPM1,PTGDS,9606.ENSP00000360638,9606.ENSP00000360687,0.0,0.0,0.572,0.572
292,SLC25A5,C8G,9606.ENSP00000360671,9606.ENSP00000360697,0.0,0.54,0.091,0.575
112970,KTI12,TXNDC12,9606.ENSP00000360676,9606.ENSP00000360688,0.0,0.0,0.328,0.5
5770,PTPN1,EPS15,9606.ENSP00000360683,9606.ENSP00000360798,0.299,0.0,0.466,0.613
5730,PTGDS,C8G,9606.ENSP00000360687,9606.ENSP00000360697,0.0,0.0,0.719,0.789
55684,RABL6,PMPCA,9606.ENSP00000360727,9606.ENSP00000360782,0.0,0.0,0.353,0.449
55684,RABL6,UBAC1,9606.ENSP00000360727,9606.ENSP00000360821,0.0,0.0,0.353,0.413
10555,AGPAT2,ARFGEF2,9606.ENSP00000360761,9606.ENSP00000360985,0.437,0.0,0.0,0.437
23203,PMPCA,CARD9,9606.ENSP00000360782,9606.ENSP00000360797,0.0,0.0,0.447,0.457
23203,PMPCA,UBAC1,9606.ENSP00000360782,9606.ENSP00000360821,0.0,0.0,0.401,0.467
23203,PMPCA,MRPS2,9606.ENSP00000360782,9606.ENSP00000360850,0.132,0.0,0.327,0.616
64170,CARD9,DNLZ,9606.ENSP00000360797,9606.ENSP00000360803,0.0,0.0,0.248,0.483
64170,CARD9,VAV2,9606.ENSP00000360797,9606.ENSP00000360916,0.0,0.0,0.422,0.433
57169,ZNFX1,IFIT5,9606.ENSP00000360817,9606.ENSP00000360860,0.0,0.0,0.481,0.606
57169,ZNFX1,IFIT3,9606.ENSP00000360817,9606.ENSP00000360876,0.0,0.0,0.255,0.464
10439,OLFM1,VAV2,9606.ENSP00000360858,9606.ENSP00000360916,0.0,0.0,0.409,0.41
24138,IFIT5,IFIT1,9606.ENSP00000360860,9606.ENSP00000360869,0.292,0.0,0.074,0.846
24138,IFIT5,IFIT3,9606.ENSP00000360860,9606.ENSP00000360876,0.299,0.0,0.108,0.857
3434,IFIT1,IFIT3,9606.ENSP00000360869,9606.ENSP00000360876,0.982,0.0,0.895,0.999
7410,VAV2,SARDH,9606.ENSP00000360916,9606.ENSP00000360938,0.0,0.0,0.104,0.457
57559,STAMBPL1,ANKRD22,9606.ENSP00000360992,9606.ENSP00000360998,0.098,0.0,0.578,0.609
11093,ADAMTS13,SURF6,9606.ENSP00000360997,9606.ENSP00000361092,0.0,0.0,0.491,0.491
57109,REXO4,SURF6,9606.ENSP00000361010,9606.ENSP00000361092,0.227,0.0,0.101,0.673
57109,REXO4,DDX31,9606.ENSP00000361010,9606.ENSP00000361232,0.089,0.0,0.076,0.691
5728,PTEN,MINPP1,9606.ENSP00000361021,9606.ENSP00000361064,0.0,0.0,0.627,0.632
5728,PTEN,NCOA3,9606.ENSP00000361021,9606.ENSP00000361066,0.292,0.0,0.399,0.569
5728,PTEN,BMPR1A,9606.ENSP00000361021,9606.ENSP00000361107,0.092,0.0,0.738,0.753
5728,PTEN,MMP9,9606.ENSP00000361021,9606.ENSP00000361405,0.0,0.0,0.765,0.766
5728,PTEN,ABL1,9606.ENSP00000361021,9606.ENSP00000361423,0.092,0.0,0.627,0.65
5728,PTEN,CDC20,9606.ENSP00000361021,9606.ENSP00000361540,0.095,0.0,0.33,0.406
6835,SURF2,SURF1,9606.ENSP00000361032,9606.ENSP00000361042,0.0,0.0,0.962,0.963
6835,SURF2,SURF4,9606.ENSP00000361032,9606.ENSP00000361057,0.0,0.0,0.982,0.982
6835,SURF2,RPL7A,9606.ENSP00000361032,9606.ENSP00000361076,0.0,0.0,0.392,0.42
6835,SURF2,SURF6,9606.ENSP00000361032,9606.ENSP00000361092,0.0,0.0,0.839,0.847
6834,SURF1,SURF4,9606.ENSP00000361042,9606.ENSP00000361057,0.0,0.0,0.886,0.92
6834,SURF1,RPL7A,9606.ENSP00000361042,9606.ENSP00000361076,0.0,0.0,0.743,0.746
6834,SURF1,SURF6,9606.ENSP00000361042,9606.ENSP00000361092,0.0,0.0,0.797,0.798
8438,RAD54L,KIF2C,9606.ENSP00000361043,9606.ENSP00000361298,0.0,0.0,0.311,0.691
8438,RAD54L,DMAP1,9606.ENSP00000361043,9606.ENSP00000361363,0.287,0.0,0.237,0.434
8438,RAD54L,CDC20,9606.ENSP00000361043,9606.ENSP00000361540,0.1,0.0,0.377,0.685
6836,SURF4,SURF6,9606.ENSP00000361057,9606.ENSP00000361092,0.0,0.0,0.648,0.654
55624,POMGNT1,POMT1,9606.ENSP00000361060,9606.ENSP00000361302,0.0,0.9,0.986,0.998
9562,MINPP1,BMPR1A,9606.ENSP00000361064,9606.ENSP00000361107,0.046,0.0,0.577,0.598
6130,RPL7A,SURF6,9606.ENSP00000361076,9606.ENSP00000361092,0.51,0.0,0.43,0.742
64928,MRPL14,MRPS18A,9606.ENSP00000361084,9606.ENSP00000361206,0.848,0.0,0.0,0.912
6838,SURF6,DDX31,9606.ENSP00000361092,9606.ENSP00000361232,0.217,0.0,0.115,0.563
79812,MMRN2,TIE1,9606.ENSP00000361097,9606.ENSP00000361554,0.0,0.0,0.314,0.479
10420,TESK2,TOE1,9606.ENSP00000361158,9606.ENSP00000361162,0.0,0.0,0.458,0.476
54462,CCSER2,GHITM,9606.ENSP00000361160,9606.ENSP00000361207,0.0,0.0,0.401,0.415
54462,CCSER2,TSPAN14,9606.ENSP00000361160,9606.ENSP00000361231,0.0,0.0,0.457,0.458
9328,GTF3C5,SPACA9,9606.ENSP00000361180,9606.ENSP00000361209,0.0,0.0,0.4,0.405
9328,GTF3C5,GTF3C4,9606.ENSP00000361180,9606.ENSP00000361219,0.758,0.8,0.987,0.999
9328,GTF3C5,DDX31,9606.ENSP00000361180,9606.ENSP00000361232,0.0,0.0,0.428,0.447
9328,GTF3C5,POLR3A,9606.ENSP00000361180,9606.ENSP00000361446,0.091,0.5,0.546,0.783
9329,GTF3C4,POLR3A,9606.ENSP00000361219,9606.ENSP00000361446,0.0,0.5,0.536,0.784
2889,RAPGEF1,ABL1,9606.ENSP00000361264,9606.ENSP00000361423,0.389,0.0,0.603,0.776
1263,PLK3,CDC20,9606.ENSP00000361275,9606.ENSP00000361540,0.127,0.0,0.272,0.555
11004,KIF2C,CDC20,9606.ENSP00000361298,9606.ENSP00000361540,0.0,0.8,0.787,0.995
79639,TMEM53,ERI3,9606.ENSP00000361311,9606.ENSP00000361331,0.0,0.0,0.533,0.534
79639,TMEM53,DMAP1,9606.ENSP00000361311,9606.ENSP00000361363,0.0,0.0,0.453,0.458
79033,ERI3,DMAP1,9606.ENSP00000361331,9606.ENSP00000361363,0.0,0.0,0.319,0.4
79033,ERI3,CCDC24,9606.ENSP00000361331,9606.ENSP00000361392,0.0,0.0,0.525,0.526
958,CD40,MMP9,9606.ENSP00000361359,9606.ENSP00000361405,0.0,0.0,0.613,0.626
4318,MMP9,MPL,9606.ENSP00000361405,9606.ENSP00000361548,0.0,0.0,0.429,0.429
25,ABL1,MPL,9606.ENSP00000361423,9606.ENSP00000361548,0.045,0.0,0.507,0.509
23404,EXOSC2,POLR3A,9606.ENSP00000361433,9606.ENSP00000361446,0.0,0.0,0.293,0.534
4352,MPL,TIE1,9606.ENSP00000361548,9606.ENSP00000361554,0.0,0.0,0.481,0.483
55285,RBM41,YBX1,9606.ENSP00000361557,9606.ENSP00000361626,0.0,0.54,0.051,0.557
51058,ZNF691,C1orf50,9606.ENSP00000361580,9606.ENSP00000361603,0.0,0.0,0.395,0.42
140825,NEURL2,SPATA25,9606.ENSP00000361596,9606.ENSP00000361597,0.0,0.0,0.677,0.72
140825,NEURL2,ZSWIM1,9606.ENSP00000361596,9606.ENSP00000361601,0.0,0.0,0.541,0.551
128497,SPATA25,ZSWIM1,9606.ENSP00000361597,9606.ENSP00000361601,0.0,0.0,0.628,0.634
374969,SVBP,C1orf50,9606.ENSP00000361599,9606.ENSP00000361603,0.0,0.0,0.393,0.454
84858,ZNF503,COMTD1,9606.ENSP00000361602,9606.ENSP00000361616,0.0,0.0,0.414,0.439
57171,DOLPP1,DOLK,9606.ENSP00000361625,9606.ENSP00000361667,0.088,0.9,0.689,0.974
4904,YBX1,VDAC2,9606.ENSP00000361626,9606.ENSP00000361635,0.0,0.0,0.367,0.418
4904,YBX1,HNRNPH2,9606.ENSP00000361626,9606.ENSP00000361927,0.0,0.4,0.289,0.572
4904,YBX1,PABPC4,9606.ENSP00000361626,9606.ENSP00000361949,0.524,0.0,0.312,0.758
22845,DOLK,TBC1D13,9606.ENSP00000361667,9606.ENSP00000361731,0.0,0.0,0.392,0.454
9338,TCEAL1,TCEAL3,9606.ENSP00000361708,9606.ENSP00000361711,0.0,0.0,0.606,0.731
9338,TCEAL1,TCEAL4,9606.ENSP00000361708,9606.ENSP00000361712,0.624,0.0,0.603,0.963
9338,TCEAL1,BEX3,9606.ENSP00000361708,9606.ENSP00000361728,0.0,0.0,0.852,0.866
9338,TCEAL1,TCEAL8,9606.ENSP00000361708,9606.ENSP00000361770,0.0,0.0,0.267,0.44
9338,TCEAL1,BEX4,9606.ENSP00000361708,9606.ENSP00000361780,0.0,0.0,0.29,0.424
9338,TCEAL1,ARMCX1,9606.ENSP00000361708,9606.ENSP00000361917,0.0,0.0,0.216,0.485
85012,TCEAL3,TCEAL4,9606.ENSP00000361711,9606.ENSP00000361712,0.0,0.0,0.099,0.776
85012,TCEAL3,BEX3,9606.ENSP00000361711,9606.ENSP00000361728,0.0,0.0,0.498,0.587
85012,TCEAL3,TCEAL8,9606.ENSP00000361711,9606.ENSP00000361770,0.0,0.0,0.52,0.61
85012,TCEAL3,BEX1,9606.ENSP00000361711,9606.ENSP00000361813,0.0,0.0,0.64,0.65
79921,TCEAL4,BEX3,9606.ENSP00000361712,9606.ENSP00000361728,0.0,0.0,0.466,0.629
79921,TCEAL4,TCEAL8,9606.ENSP00000361712,9606.ENSP00000361770,0.0,0.0,0.463,0.577
79921,TCEAL4,BEX4,9606.ENSP00000361712,9606.ENSP00000361780,0.0,0.0,0.371,0.508
79921,TCEAL4,ARMCX1,9606.ENSP00000361712,9606.ENSP00000361917,0.098,0.0,0.158,0.416
2021,ENDOG,TBC1D13,9606.ENSP00000361725,9606.ENSP00000361731,0.0,0.0,0.838,0.862
27018,BEX3,TCEAL8,9606.ENSP00000361728,9606.ENSP00000361770,0.0,0.0,0.529,0.637
90843,TCEAL8,BEX4,9606.ENSP00000361770,9606.ENSP00000361780,0.0,0.0,0.275,0.435
90843,TCEAL8,BEX1,9606.ENSP00000361770,9606.ENSP00000361813,0.0,0.0,0.424,0.439
56271,BEX4,ARMCX1,9606.ENSP00000361780,9606.ENSP00000361917,0.0,0.0,0.245,0.437
339559,ZFP69,SMAP2,9606.ENSP00000361791,9606.ENSP00000361803,0.053,0.0,0.446,0.452
6385,SDC4,COL9A2,9606.ENSP00000361818,9606.ENSP00000361834,0.0,0.65,0.069,0.66
10269,ZMPSTE24,RLF,9606.ENSP00000361845,9606.ENSP00000361857,0.045,0.0,0.0,0.491
10487,CAP1,YWHAB,9606.ENSP00000361883,9606.ENSP00000361930,0.0,0.0,0.225,0.411
64064,OXCT2,BMP8B,9606.ENSP00000361914,9606.ENSP00000361915,0.0,0.0,0.839,0.841
118487,CHCHD1,MRPS16,9606.ENSP00000361923,9606.ENSP00000362036,0.892,0.8,0.094,0.993
118487,CHCHD1,NDUFS5,9606.ENSP00000361923,9606.ENSP00000362058,0.0,0.0,0.203,0.432
100,ADA,PKIG,9606.ENSP00000361965,9606.ENSP00000361980,0.0,0.0,0.768,0.771
26995,TRUB2,TRMT2B,9606.ENSP00000361982,9606.ENSP00000362027,0.0,0.0,0.481,0.525
26995,TRUB2,MRPS16,9606.ENSP00000361982,9606.ENSP00000362036,0.088,0.0,0.19,0.74
1678,TIMM8A,MRPS16,9606.ENSP00000361993,9606.ENSP00000362036,0.0,0.0,0.234,0.475
51021,MRPS16,DNAJC9,9606.ENSP00000362036,9606.ENSP00000362041,0.309,0.0,0.184,0.461
129685,TAF8,INPP5B,9606.ENSP00000362068,9606.ENSP00000362115,0.0,0.0,0.068,0.786
129685,TAF8,CDK9,9606.ENSP00000362068,9606.ENSP00000362361,0.0,0.5,0.125,0.547
94121,SYTL4,STXBP1,9606.ENSP00000362080,9606.ENSP00000362399,0.67,0.0,0.924,0.974
896,CCND3,AGO3,9606.ENSP00000362082,9606.ENSP00000362287,0.0,0.5,0.054,0.513
896,CCND3,AGO1,9606.ENSP00000362082,9606.ENSP00000362300,0.0,0.5,0.087,0.531
896,CCND3,AGO4,9606.ENSP00000362082,9606.ENSP00000362306,0.0,0.5,0.054,0.513
896,CCND3,MAFB,9606.ENSP00000362082,9606.ENSP00000362410,0.0,0.0,0.747,0.75
64121,RRAGC,EIF4EBP2,9606.ENSP00000362092,9606.ENSP00000362314,0.0,0.0,0.412,0.416
51118,UTP11,SF3A3,9606.ENSP00000362105,9606.ENSP00000362110,0.0,0.0,0.251,0.413
51118,UTP11,GNL2,9606.ENSP00000362105,9606.ENSP00000362153,0.103,0.0,0.103,0.635
51118,UTP11,MRPS15,9606.ENSP00000362105,9606.ENSP00000362208,0.618,0.0,0.0,0.725
51118,UTP11,PSMB2,9606.ENSP00000362105,9606.ENSP00000362334,0.0,0.0,0.115,0.421
10946,SF3A3,GNL2,9606.ENSP00000362110,9606.ENSP00000362153,0.0,0.0,0.093,0.799
10946,SF3A3,PSMB2,9606.ENSP00000362110,9606.ENSP00000362334,0.0,0.0,0.063,0.4
51098,IFT52,TRAF3IP1,9606.ENSP00000362121,9606.ENSP00000362424,0.631,0.8,0.961,0.996
79693,YRDC,GNL2,9606.ENSP00000362135,9606.ENSP00000362153,0.0,0.0,0.176,0.421
79693,YRDC,PPA1,9606.ENSP00000362135,9606.ENSP00000362329,0.0,0.0,0.322,0.422
90550,MCU,SLC25A25,9606.ENSP00000362144,9606.ENSP00000362160,0.0,0.0,0.498,0.531
55143,CDCA8,ATRX,9606.ENSP00000362146,9606.ENSP00000362441,0.268,0.0,0.279,0.469
1441,CSF3R,MRPS15,9606.ENSP00000362195,9606.ENSP00000362208,0.065,0.0,0.267,0.647
64960,MRPS15,STK40,9606.ENSP00000362208,9606.ENSP00000362222,0.064,0.0,0.427,0.44
64960,MRPS15,PPA1,9606.ENSP00000362208,9606.ENSP00000362329,0.0,0.0,0.0,0.4
64960,MRPS15,SLC2A8,9606.ENSP00000362208,9606.ENSP00000362469,0.395,0.0,0.0,0.411
139322,APOOL,SH3BGRL,9606.ENSP00000362268,9606.ENSP00000362308,0.0,0.0,0.526,0.539
139322,APOOL,BRWD3,9606.ENSP00000362268,9606.ENSP00000362372,0.0,0.0,0.34,0.465
192669,AGO3,AGO1,9606.ENSP00000362287,9606.ENSP00000362300,0.72,0.72,0.858,0.988
192669,AGO3,AGO4,9606.ENSP00000362287,9606.ENSP00000362306,0.627,0.72,0.693,0.966
8879,SGPL1,EIF4EBP2,9606.ENSP00000362298,9606.ENSP00000362314,0.0,0.0,0.647,0.662
2022,ENG,ZNF79,9606.ENSP00000362299,9606.ENSP00000362446,0.0,0.0,0.587,0.587
26523,AGO1,AGO4,9606.ENSP00000362300,9606.ENSP00000362306,0.0,0.72,0.975,0.993
6451,SH3BGRL,BRWD3,9606.ENSP00000362308,9606.ENSP00000362372,0.0,0.0,0.364,0.409
5464,PPA1,SAR1A,9606.ENSP00000362329,9606.ENSP00000362339,0.098,0.0,0.082,0.509
5464,PPA1,PGK1,9606.ENSP00000362329,9606.ENSP00000362413,0.0,0.0,0.397,0.553
5464,PPA1,GLO1,9606.ENSP00000362329,9606.ENSP00000362463,0.224,0.0,0.226,0.549
5690,PSMB2,PGK1,9606.ENSP00000362334,9606.ENSP00000362413,0.199,0.0,0.23,0.458
1025,CDK9,ATRX,9606.ENSP00000362361,9606.ENSP00000362441,0.0,0.0,0.437,0.446
254065,BRWD3,ATRX,9606.ENSP00000362372,9606.ENSP00000362441,0.1,0.0,0.364,0.598
5230,PGK1,GLO1,9606.ENSP00000362413,9606.ENSP00000362463,0.0,0.0,0.426,0.498
5230,PGK1,UPRT,9606.ENSP00000362413,9606.ENSP00000362481,0.085,0.0,0.343,0.516
8565,YARS1,HDAC1,9606.ENSP00000362576,9606.ENSP00000362649,0.07,0.0,0.466,0.531
8565,YARS1,EIF3I,9606.ENSP00000362576,9606.ENSP00000362688,0.0,0.0,0.377,0.478
8565,YARS1,KPNA6,9606.ENSP00000362576,9606.ENSP00000362728,0.0,0.0,0.408,0.449
8565,YARS1,RPL10A,9606.ENSP00000362576,9606.ENSP00000363018,0.091,0.0,0.391,0.49
9025,RNF8,RPA2,9606.ENSP00000362578,9606.ENSP00000363017,0.0,0.0,0.414,0.447
9025,RNF8,UBE2D1,9606.ENSP00000362578,9606.ENSP00000363019,0.577,0.0,0.407,0.755
5928,RBBP4,HDAC1,9606.ENSP00000362592,9606.ENSP00000362649,0.998,0.9,0.998,0.999
5928,RBBP4,HDAC8,9606.ENSP00000362592,9606.ENSP00000362674,0.476,0.0,0.916,0.956
5928,RBBP4,TET1,9606.ENSP00000362592,9606.ENSP00000362748,0.091,0.54,0.233,0.66
5928,RBBP4,RBL1,9606.ENSP00000362592,9606.ENSP00000362768,0.382,0.5,0.25,0.768
5928,RBBP4,OGT,9606.ENSP00000362592,9606.ENSP00000362824,0.094,0.54,0.312,0.695
5928,RBBP4,SRPK1,9606.ENSP00000362592,9606.ENSP00000362931,0.0,0.0,0.394,0.419
3065,HDAC1,SRC,9606.ENSP00000362649,9606.ENSP00000362680,0.068,0.0,0.405,0.43
3065,HDAC1,KPNA6,9606.ENSP00000362649,9606.ENSP00000362728,0.439,0.0,0.152,0.517
3065,HDAC1,TET1,9606.ENSP00000362649,9606.ENSP00000362748,0.095,0.54,0.892,0.951
3065,HDAC1,RBL1,9606.ENSP00000362649,9606.ENSP00000362768,0.546,0.5,0.146,0.796
3065,HDAC1,OGT,9606.ENSP00000362649,9606.ENSP00000362824,0.0,0.54,0.315,0.694
3065,HDAC1,TGIF2,9606.ENSP00000362649,9606.ENSP00000362981,0.297,0.5,0.46,0.804
3065,HDAC1,ZNF76,9606.ENSP00000362649,9606.ENSP00000363064,0.328,0.0,0.283,0.502
286205,SCAI,AHDC1,9606.ENSP00000362650,9606.ENSP00000363123,0.491,0.0,0.29,0.623
6714,SRC,CXCR3,9606.ENSP00000362680,9606.ENSP00000362795,0.0,0.5,0.291,0.63
6714,SRC,GSN,9606.ENSP00000362680,9606.ENSP00000362924,0.294,0.0,0.774,0.836
6714,SRC,TRAF1,9606.ENSP00000362680,9606.ENSP00000362994,0.535,0.0,0.238,0.649
6714,SRC,TLR4,9606.ENSP00000362680,9606.ENSP00000363089,0.576,0.0,0.715,0.88
6714,SRC,FGR,9606.ENSP00000362680,9606.ENSP00000363117,0.422,0.0,0.067,0.449
79009,DDX50,SRPK1,9606.ENSP00000362687,9606.ENSP00000362931,0.097,0.0,0.433,0.492
8668,EIF3I,TXLNA,9606.ENSP00000362688,9606.ENSP00000362711,0.0,0.0,0.0,0.403
8668,EIF3I,KPNA6,9606.ENSP00000362688,9606.ENSP00000362728,0.0,0.0,0.224,0.408
8668,EIF3I,RPS4X,9606.ENSP00000362688,9606.ENSP00000362744,0.89,0.0,0.165,0.98
8668,EIF3I,RPL10A,9606.ENSP00000362688,9606.ENSP00000363018,0.0,0.0,0.139,0.649
10783,NEK6,DENND1A,9606.ENSP00000362702,9606.ENSP00000362727,0.0,0.0,0.728,0.733
10783,NEK6,CRB2,9606.ENSP00000362702,9606.ENSP00000362734,0.041,0.0,0.667,0.668
57706,DENND1A,CRB2,9606.ENSP00000362727,9606.ENSP00000362734,0.0,0.0,0.707,0.707
23633,KPNA6,TRNAU1AP,9606.ENSP00000362728,9606.ENSP00000362936,0.398,0.0,0.057,0.424
6191,RPS4X,RPL10A,9606.ENSP00000362744,9606.ENSP00000363018,0.947,0.0,0.502,0.997
80312,TET1,OGT,9606.ENSP00000362748,9606.ENSP00000362824,0.602,0.54,0.742,0.95
23637,RABGAP1,RC3H2,9606.ENSP00000362751,9606.ENSP00000362774,0.0,0.0,0.353,0.498
23637,RABGAP1,RAB14,9606.ENSP00000362751,9606.ENSP00000362946,0.051,0.0,0.393,0.427
57684,ZBTB26,ZBTB6,9606.ENSP00000362760,9606.ENSP00000362763,0.572,0.0,0.071,0.717
54542,RC3H2,OGT,9606.ENSP00000362774,9606.ENSP00000362824,0.406,0.0,0.069,0.428
2833,CXCR3,TLR4,9606.ENSP00000362795,9606.ENSP00000363089,0.0,0.0,0.48,0.49
51645,PPIL1,SRPK1,9606.ENSP00000362803,9606.ENSP00000362931,0.31,0.0,0.159,0.441
553115,PEF1,AAR2,9606.ENSP00000362807,9606.ENSP00000363043,0.209,0.0,0.0,0.453
6428,SRSF3,SRSF4,9606.ENSP00000362820,9606.ENSP00000362900,0.288,0.8,0.573,0.945
6428,SRSF3,SRPK1,9606.ENSP00000362820,9606.ENSP00000362931,0.322,0.9,0.637,0.975
6429,SRSF4,SRPK1,9606.ENSP00000362900,9606.ENSP00000362931,0.477,0.9,0.649,0.98
6429,SRSF4,TRNAU1AP,9606.ENSP00000362900,9606.ENSP00000362936,0.476,0.0,0.145,0.545
51552,RAB14,STX12,9606.ENSP00000362946,9606.ENSP00000363054,0.237,0.0,0.183,0.464
2140,EYA3,FGR,9606.ENSP00000362978,9606.ENSP00000363117,0.073,0.0,0.55,0.565
55113,XKR8,SMPDL3B,9606.ENSP00000362991,9606.ENSP00000363001,0.0,0.0,0.411,0.513
55113,XKR8,THEMIS2,9606.ENSP00000362991,9606.ENSP00000363031,0.0,0.0,0.421,0.437
7185,TRAF1,TLR4,9606.ENSP00000362994,9606.ENSP00000363089,0.303,0.0,0.44,0.624
27293,SMPDL3B,THEMIS2,9606.ENSP00000363001,9606.ENSP00000363031,0.0,0.0,0.415,0.415
7321,UBE2D1,TLR4,9606.ENSP00000363019,9606.ENSP00000363089,0.113,0.4,0.114,0.517
9473,THEMIS2,FGR,9606.ENSP00000363031,9606.ENSP00000363117,0.0,0.0,0.284,0.52
55847,CISD1,STX12,9606.ENSP00000363041,9606.ENSP00000363054,0.459,0.0,0.0,0.465
7099,TLR4,FGR,9606.ENSP00000363089,9606.ENSP00000363117,0.1,0.0,0.225,0.441
51230,PHF20,POLE3,9606.ENSP00000363124,9606.ENSP00000363286,0.354,0.0,0.1,0.41
9966,TNFSF15,EDA,9606.ENSP00000363157,9606.ENSP00000363680,0.0,0.0,0.491,0.491
140823,ROMO1,TIMM23B,9606.ENSP00000363191,9606.ENSP00000363211,0.463,0.54,0.204,0.786
9054,NFS1,UQCC1,9606.ENSP00000363205,9606.ENSP00000363506,0.0,0.0,0.18,0.44
5998,RGS3,GNG10,9606.ENSP00000363255,9606.ENSP00000363411,0.049,0.5,0.069,0.518
5998,RGS3,LPAR1,9606.ENSP00000363255,9606.ENSP00000363553,0.0,0.5,0.086,0.523
84243,ZDHHC18,LYPLA2,9606.ENSP00000363257,9606.ENSP00000363638,0.07,0.0,0.414,0.457
3561,IL2RG,CD52,9606.ENSP00000363318,9606.ENSP00000363330,0.0,0.0,0.271,0.527
1043,CD52,C1QA,9606.ENSP00000363330,9606.ENSP00000363773,0.0,0.0,0.298,0.43
57864,SLC46A2,SUSD1,9606.ENSP00000363345,9606.ENSP00000363382,0.051,0.0,0.506,0.519
4303,FOXO4,TXN,9606.ENSP00000363377,9606.ENSP00000363641,0.0,0.75,0.285,0.813
51042,ZNF593,EIF6,9606.ENSP00000363384,9606.ENSP00000363559,0.98,0.0,0.423,0.991
51042,ZNF593,BMS1,9606.ENSP00000363384,9606.ENSP00000363642,0.0,0.0,0.0,0.42
51042,ZNF593,WDR46,9606.ENSP00000363384,9606.ENSP00000363746,0.0,0.0,0.287,0.785
2790,GNG10,ITPR3,9606.ENSP00000363411,9606.ENSP00000363435,0.0,0.5,0.072,0.516
2790,GNG10,LPAR1,9606.ENSP00000363411,9606.ENSP00000363553,0.12,0.5,0.423,0.724
57134,MAN1C1,NIPAL3,9606.ENSP00000363452,9606.ENSP00000363520,0.0,0.0,0.424,0.429
26119,LDLRAP1,MACO1,9606.ENSP00000363458,9606.ENSP00000363463,0.0,0.0,0.355,0.402
55219,MACO1,TMEM50A,9606.ENSP00000363463,9606.ENSP00000363478,0.0,0.0,0.547,0.601
55245,UQCC1,EDEM2,9606.ENSP00000363506,9606.ENSP00000363616,0.096,0.0,0.348,0.404
57185,NIPAL3,EDA,9606.ENSP00000363520,9606.ENSP00000363680,0.435,0.0,0.0,0.435
57185,NIPAL3,ABITRAM,9606.ENSP00000363520,9606.ENSP00000363753,0.0,0.0,0.406,0.406
220992,ZNF485,RASGEF1A,9606.ENSP00000363558,9606.ENSP00000363583,0.045,0.0,0.475,0.477
2517,FUCA1,HMGCL,9606.ENSP00000363603,9606.ENSP00000363614,0.0,0.0,0.0,0.418
9790,BMS1,WDR46,9606.ENSP00000363642,9606.ENSP00000363746,0.991,0.0,0.402,0.999
3399,ID3,BMPR2,9606.ENSP00000363689,9606.ENSP00000363708,0.0,0.0,0.403,0.403
54942,ABITRAM,ELP1,9606.ENSP00000363753,9606.ENSP00000363779,0.0,0.0,0.385,0.524
6015,RING1,HSD17B8,9606.ENSP00000363787,9606.ENSP00000363794,0.0,0.0,0.784,0.79
6015,RING1,SLC39A7,9606.ENSP00000363787,9606.ENSP00000363809,0.0,0.0,0.723,0.73
6015,RING1,RXRB,9606.ENSP00000363787,9606.ENSP00000363817,0.046,0.0,0.665,0.722
6015,RING1,COL11A2,9606.ENSP00000363787,9606.ENSP00000363840,0.051,0.0,0.66,0.675
6015,RING1,PSMB8,9606.ENSP00000363787,9606.ENSP00000364016,0.0,0.0,0.4,0.404
6015,RING1,PINK1,9606.ENSP00000363787,9606.ENSP00000364204,0.0,0.0,0.569,0.569
6015,RING1,RNF5,9606.ENSP00000363787,9606.ENSP00000364235,0.0,0.0,0.418,0.432
7923,HSD17B8,SLC39A7,9606.ENSP00000363794,9606.ENSP00000363809,0.0,0.0,0.917,0.936
7923,HSD17B8,RXRB,9606.ENSP00000363794,9606.ENSP00000363817,0.0,0.0,0.794,0.798
7923,HSD17B8,COL11A2,9606.ENSP00000363794,9606.ENSP00000363840,0.05,0.0,0.798,0.802
7923,HSD17B8,OXLD1,9606.ENSP00000363794,9606.ENSP00000363873,0.37,0.0,0.0,0.4
7923,HSD17B8,PSMB9,9606.ENSP00000363794,9606.ENSP00000363993,0.046,0.0,0.547,0.556
7923,HSD17B8,PSMB8,9606.ENSP00000363794,9606.ENSP00000364016,0.055,0.0,0.404,0.425
7923,HSD17B8,TAP2,9606.ENSP00000363794,9606.ENSP00000364032,0.057,0.0,0.41,0.42
7923,HSD17B8,HSD17B3,9606.ENSP00000363794,9606.ENSP00000364412,0.059,0.915,0.354,0.964
9314,KLF4,PBX2,9606.ENSP00000363804,9606.ENSP00000364190,0.048,0.0,0.458,0.462
7922,SLC39A7,RXRB,9606.ENSP00000363809,9606.ENSP00000363817,0.045,0.0,0.796,0.803
7922,SLC39A7,COL11A2,9606.ENSP00000363809,9606.ENSP00000363840,0.0,0.0,0.78,0.78
6257,RXRB,COL11A2,9606.ENSP00000363817,9606.ENSP00000363840,0.077,0.0,0.804,0.817
6257,RXRB,ABCA1,9606.ENSP00000363817,9606.ENSP00000363868,0.049,0.5,0.235,0.605
6257,RXRB,PSMB9,9606.ENSP00000363817,9606.ENSP00000363993,0.0,0.0,0.392,0.4
6257,RXRB,TAP2,9606.ENSP00000363817,9606.ENSP00000364032,0.0,0.0,0.422,0.425
3339,HSPG2,COL11A2,9606.ENSP00000363827,9606.ENSP00000363840,0.085,0.0,0.445,0.496
1302,COL11A2,PSMB9,9606.ENSP00000363840,9606.ENSP00000363993,0.0,0.0,0.457,0.457
1302,COL11A2,PSMB8,9606.ENSP00000363840,9606.ENSP00000364016,0.0,0.0,0.45,0.45
1302,COL11A2,HLA-DQA2,9606.ENSP00000363840,9606.ENSP00000364076,0.0,0.0,0.46,0.46
1302,COL11A2,HLA-DQB1,9606.ENSP00000363840,9606.ENSP00000364080,0.239,0.0,0.423,0.545
1302,COL11A2,HLA-DRB5,9606.ENSP00000363840,9606.ENSP00000364114,0.239,0.0,0.245,0.404
1302,COL11A2,NOTCH4,9606.ENSP00000363840,9606.ENSP00000364163,0.091,0.0,0.458,0.487
19,ABCA1,NIPSNAP3B,9606.ENSP00000363868,9606.ENSP00000363894,0.0,0.0,0.715,0.715
19,ABCA1,NIPSNAP3A,9606.ENSP00000363868,9606.ENSP00000363899,0.0,0.0,0.707,0.707
19,ABCA1,NCOA6,9606.ENSP00000363868,9606.ENSP00000363929,0.0,0.4,0.16,0.474
55335,NIPSNAP3B,NIPSNAP3A,9606.ENSP00000363894,9606.ENSP00000363899,0.475,0.0,0.057,0.509
23054,NCOA6,MRTO4,9606.ENSP00000363929,9606.ENSP00000364320,0.0,0.0,0.241,0.555
58476,TP53INP2,MAP1LC3A,9606.ENSP00000363943,9606.ENSP00000363970,0.552,0.0,0.22,0.676
81887,LAS1L,ZC4H2,9606.ENSP00000363944,9606.ENSP00000363972,0.0,0.0,0.476,0.514
81887,LAS1L,TEX10,9606.ENSP00000363944,9606.ENSP00000364037,0.815,0.9,0.924,0.998
81887,LAS1L,MAGED2,9606.ENSP00000363944,9606.ENSP00000364193,0.478,0.0,0.065,0.508
81887,LAS1L,TSR2,9606.ENSP00000363944,9606.ENSP00000364293,0.0,0.0,0.155,0.424
81887,LAS1L,MRTO4,9606.ENSP00000363944,9606.ENSP00000364320,0.0,0.54,0.063,0.614
84557,MAP1LC3A,PINK1,9606.ENSP00000363970,9606.ENSP00000364204,0.292,0.0,0.588,0.728
55906,ZC4H2,MTMR8,9606.ENSP00000363972,9606.ENSP00000363985,0.0,0.0,0.379,0.433
3108,HLA-DMA,PSMB9,9606.ENSP00000363976,9606.ENSP00000363993,0.0,0.0,0.505,0.64
3108,HLA-DMA,PSMB8,9606.ENSP00000363976,9606.ENSP00000364016,0.0,0.0,0.48,0.621
3108,HLA-DMA,HLA-DQA2,9606.ENSP00000363976,9606.ENSP00000364076,0.0,0.65,0.522,0.909
3108,HLA-DMA,HLA-DQB1,9606.ENSP00000363976,9606.ENSP00000364080,0.26,0.54,0.674,0.95
3108,HLA-DMA,HLA-DRB5,9606.ENSP00000363976,9606.ENSP00000364114,0.26,0.65,0.605,0.927
5698,PSMB9,PSMB8,9606.ENSP00000363993,9606.ENSP00000364016,0.999,0.72,0.988,0.999
5698,PSMB9,TAP2,9606.ENSP00000363993,9606.ENSP00000364032,0.23,0.0,0.858,0.948
5698,PSMB9,HLA-DQA2,9606.ENSP00000363993,9606.ENSP00000364076,0.0,0.0,0.302,0.424
5698,PSMB9,NOTCH4,9606.ENSP00000363993,9606.ENSP00000364163,0.0,0.4,0.135,0.458
5696,PSMB8,TAP2,9606.ENSP00000364016,9606.ENSP00000364032,0.233,0.0,0.811,0.917
5696,PSMB8,HLA-DQB1,9606.ENSP00000364016,9606.ENSP00000364080,0.071,0.0,0.4,0.475
5696,PSMB8,NOTCH4,9606.ENSP00000364016,9606.ENSP00000364163,0.076,0.4,0.313,0.586
6891,TAP2,HLA-DQB1,9606.ENSP00000364032,9606.ENSP00000364080,0.078,0.0,0.436,0.49
54881,TEX10,MRTO4,9606.ENSP00000364037,9606.ENSP00000364320,0.513,0.0,0.061,0.648
3118,HLA-DQA2,HLA-DQB1,9606.ENSP00000364076,9606.ENSP00000364080,0.417,0.54,0.92,0.985
3118,HLA-DQA2,HLA-DRB5,9606.ENSP00000364076,9606.ENSP00000364114,0.417,0.65,0.589,0.931
3118,HLA-DQA2,NOTCH4,9606.ENSP00000364076,9606.ENSP00000364163,0.0,0.0,0.368,0.409
3119,HLA-DQB1,HLA-DRB5,9606.ENSP00000364080,9606.ENSP00000364114,0.0,0.54,0.432,0.763
3119,HLA-DQB1,NOTCH4,9606.ENSP00000364080,9606.ENSP00000364163,0.074,0.0,0.371,0.42
8894,EIF2S2,MRTO4,9606.ENSP00000364119,9606.ENSP00000364320,0.226,0.0,0.065,0.457
27301,APEX2,XPA,9606.ENSP00000364126,9606.ENSP00000364270,0.185,0.0,0.448,0.531
79695,GALNT12,HABP4,9606.ENSP00000364150,9606.ENSP00000364398,0.0,0.0,0.419,0.418
79695,GALNT12,ZNF367,9606.ENSP00000364150,9606.ENSP00000364405,0.0,0.0,0.475,0.479
4855,NOTCH4,PBX2,9606.ENSP00000364163,9606.ENSP00000364190,0.0,0.0,0.738,0.738
4855,NOTCH4,AGER,9606.ENSP00000364163,9606.ENSP00000364210,0.071,0.0,0.436,0.501
63940,GPSM3,PBX2,9606.ENSP00000364183,9606.ENSP00000364190,0.163,0.0,0.378,0.488
63940,GPSM3,FKBPL,9606.ENSP00000364183,9606.ENSP00000364298,0.07,0.0,0.422,0.439
5089,PBX2,AGER,9606.ENSP00000364190,9606.ENSP00000364210,0.0,0.0,0.597,0.615
5089,PBX2,ATF6B,9606.ENSP00000364190,9606.ENSP00000364349,0.0,0.0,0.201,0.406
7507,XPA,NCBP1,9606.ENSP00000364270,9606.ENSP00000364289,0.0,0.0,0.44,0.447
4686,NCBP1,UPF3A,9606.ENSP00000364289,9606.ENSP00000364448,0.0,0.0,0.909,0.909
90121,TSR2,MRTO4,9606.ENSP00000364293,9606.ENSP00000364320,0.0,0.0,0.243,0.805
54896,SLC66A1,MRTO4,9606.ENSP00000364295,9606.ENSP00000364320,0.0,0.0,0.432,0.432
63943,FKBPL,ATF6B,9606.ENSP00000364298,9606.ENSP00000364349,0.0,0.0,0.409,0.537
51154,MRTO4,HABP4,9606.ENSP00000364320,9606.ENSP00000364398,0.598,0.0,0.153,0.702
22869,ZNF510,PRXL2C,9606.ENSP00000364379,9606.ENSP00000364382,0.045,0.0,0.422,0.424
22869,ZNF510,DCAF17,9606.ENSP00000364379,9606.ENSP00000364404,0.0,0.0,0.0,0.479
195827,PRXL2C,ZNF367,9606.ENSP00000364382,9606.ENSP00000364405,0.045,0.0,0.567,0.576
22927,HABP4,ZNF367,9606.ENSP00000364398,9606.ENSP00000364405,0.052,0.0,0.506,0.511
1797,DXO,SKIV2L,9606.ENSP00000364498,9606.ENSP00000364543,0.088,0.0,0.863,0.88
1797,DXO,NELFE,9606.ENSP00000364498,9606.ENSP00000364578,0.062,0.0,0.37,0.457
1797,DXO,C6orf47,9606.ENSP00000364498,9606.ENSP00000365076,0.0,0.0,0.487,0.49
7027,TFDP1,GRTP1,9606.ENSP00000364519,9606.ENSP00000364579,0.0,0.0,0.396,0.413
7027,TFDP1,CUL4A,9606.ENSP00000364519,9606.ENSP00000364589,0.0,0.0,0.278,0.534
6499,SKIV2L,NELFE,9606.ENSP00000364543,9606.ENSP00000364578,0.094,0.0,0.689,0.723
6499,SKIV2L,RBM7,9606.ENSP00000364543,9606.ENSP00000364639,0.0,0.0,0.471,0.485
8242,KDM5C,TSPYL2,9606.ENSP00000364550,9606.ENSP00000364591,0.482,0.0,0.408,0.715
7936,NELFE,RBM7,9606.ENSP00000364578,9606.ENSP00000364639,0.0,0.0,0.439,0.442
7936,NELFE,LSM2,9606.ENSP00000364578,9606.ENSP00000364813,0.091,0.0,0.536,0.617
7936,NELFE,CSNK2B,9606.ENSP00000364578,9606.ENSP00000365042,0.0,0.0,0.282,0.479
7936,NELFE,C6orf47,9606.ENSP00000364578,9606.ENSP00000365076,0.0,0.0,0.474,0.495
7936,NELFE,BAG6,9606.ENSP00000364578,9606.ENSP00000365131,0.0,0.0,0.355,0.557
55920,RCC2,MAPRE1,9606.ENSP00000364585,9606.ENSP00000364721,0.0,0.0,0.621,0.67
23569,PADI4,SYK,9606.ENSP00000364597,9606.ENSP00000364898,0.0,0.0,0.519,0.535
84270,CARD19,SUSD3,9606.ENSP00000364613,9606.ENSP00000364621,0.0,0.0,0.0,0.541
10179,RBM7,LSM2,9606.ENSP00000364639,9606.ENSP00000364813,0.0,0.5,0.094,0.538
6390,SDHB,SDHD,9606.ENSP00000364649,9606.ENSP00000364699,0.97,0.979,0.999,0.999
6390,SDHB,ISCA1,9606.ENSP00000364649,9606.ENSP00000365159,0.0,0.0,0.417,0.527
6390,SDHB,BCL2L1,9606.ENSP00000364649,9606.ENSP00000365230,0.0,0.0,0.429,0.468
6392,SDHD,ISCA1,9606.ENSP00000364699,9606.ENSP00000365159,0.0,0.0,0.439,0.499
3376,IARS1,VARS1,9606.ENSP00000364794,9606.ENSP00000364815,0.119,0.0,0.582,0.9
3304,HSPA1B,HSPA1A,9606.ENSP00000364801,9606.ENSP00000364802,0.9,0.5,0.551,0.994
3304,HSPA1B,HSPA1L,9606.ENSP00000364801,9606.ENSP00000364805,0.618,0.5,0.386,0.879
3304,HSPA1B,VARS1,9606.ENSP00000364801,9606.ENSP00000364815,0.115,0.0,0.327,0.411
3304,HSPA1B,DNAJC16,9606.ENSP00000364801,9606.ENSP00000365007,0.439,0.162,0.164,0.66
3304,HSPA1B,BAG6,9606.ENSP00000364801,9606.ENSP00000365131,0.292,0.0,0.188,0.4
3303,HSPA1A,HSPA1L,9606.ENSP00000364802,9606.ENSP00000364805,0.0,0.5,0.387,0.705
3303,HSPA1A,VARS1,9606.ENSP00000364802,9606.ENSP00000364815,0.115,0.0,0.345,0.426
3303,HSPA1A,DNAJC16,9606.ENSP00000364802,9606.ENSP00000365007,0.142,0.162,0.175,0.486
3305,HSPA1L,DNAJC16,9606.ENSP00000364805,9606.ENSP00000365007,0.142,0.162,0.192,0.496
57819,LSM2,VARS1,9606.ENSP00000364813,9606.ENSP00000364815,0.0,0.0,0.518,0.62
57819,LSM2,C6orf47,9606.ENSP00000364813,9606.ENSP00000365076,0.0,0.0,0.419,0.434
7407,VARS1,VWA7,9606.ENSP00000364815,9606.ENSP00000364840,0.052,0.0,0.969,0.969
171023,ASXL1,KIF3B,9606.ENSP00000364839,9606.ENSP00000364864,0.0,0.0,0.752,0.811
80737,VWA7,MSH5,9606.ENSP00000364840,9606.ENSP00000364855,0.0,0.0,0.472,0.472
80737,VWA7,LY6G6F,9606.ENSP00000364840,9606.ENSP00000364992,0.0,0.0,0.465,0.477
80737,VWA7,PRRC2A,9606.ENSP00000364840,9606.ENSP00000365201,0.0,0.0,0.422,0.422
4439,MSH5,BAG6,9606.ENSP00000364855,9606.ENSP00000365131,0.0,0.0,0.517,0.524
114769,CARD16,CARD17,9606.ENSP00000364858,9606.ENSP00000364859,0.0,0.9,0.076,0.909
114769,CARD16,TNFSF13B,9606.ENSP00000364858,9606.ENSP00000365048,0.0,0.0,0.072,0.431
9371,KIF3B,POFUT1,9606.ENSP00000364864,9606.ENSP00000364902,0.0,0.0,0.748,0.77
6850,SYK,HCK,9606.ENSP00000364898,9606.ENSP00000365012,0.105,0.8,0.527,0.934
6850,SYK,TNFSF13B,9606.ENSP00000364898,9606.ENSP00000365048,0.071,0.0,0.512,0.599
6850,SYK,BCL2L1,9606.ENSP00000364898,9606.ENSP00000365230,0.0,0.0,0.434,0.434
23509,POFUT1,POGLUT2,9606.ENSP00000364902,9606.ENSP00000365172,0.111,0.0,0.642,0.694
1192,CLIC1,CKS2,9606.ENSP00000364935,9606.ENSP00000364976,0.0,0.0,0.343,0.402
79814,AGMAT,DNAJC16,9606.ENSP00000364986,9606.ENSP00000365007,0.0,0.0,0.433,0.444
259215,LY6G6F,LY6G5B,9606.ENSP00000364992,9606.ENSP00000365024,0.0,0.0,0.609,0.611
1903,S1PR3,APOM,9606.ENSP00000365006,9606.ENSP00000365081,0.0,0.0,0.614,0.614
3055,HCK,AIF1,9606.ENSP00000365012,9606.ENSP00000365227,0.099,0.0,0.108,0.449
58496,LY6G5B,CSNK2B,9606.ENSP00000365024,9606.ENSP00000365042,0.0,0.0,0.604,0.877
58496,LY6G5B,GPANK1,9606.ENSP00000365024,9606.ENSP00000365071,0.0,0.0,0.591,0.591
58496,LY6G5B,PRRC2A,9606.ENSP00000365024,9606.ENSP00000365201,0.0,0.0,0.402,0.412
1460,CSNK2B,BAG6,9606.ENSP00000365042,9606.ENSP00000365131,0.057,0.0,0.251,0.428
10673,TNFSF13B,BCL2L1,9606.ENSP00000365048,9606.ENSP00000365230,0.0,0.0,0.433,0.433
91452,ACBD5,MASTL,9606.ENSP00000365049,9606.ENSP00000365107,0.162,0.0,0.359,0.459
84945,ABHD13,TEX30,9606.ENSP00000365063,9606.ENSP00000365200,0.0,0.0,0.39,0.409
7918,GPANK1,C6orf47,9606.ENSP00000365071,9606.ENSP00000365076,0.0,0.0,0.662,0.669
7918,GPANK1,APOM,9606.ENSP00000365071,9606.ENSP00000365081,0.0,0.0,0.967,0.967
7918,GPANK1,PRRC2A,9606.ENSP00000365071,9606.ENSP00000365201,0.0,0.0,0.715,0.72
57827,C6orf47,BAG6,9606.ENSP00000365076,9606.ENSP00000365131,0.0,0.0,0.404,0.412
57827,C6orf47,PRRC2A,9606.ENSP00000365076,9606.ENSP00000365201,0.0,0.0,0.451,0.453
7917,BAG6,PRRC2A,9606.ENSP00000365131,9606.ENSP00000365201,0.0,0.0,0.71,0.844
1184,CLCN5,GRIPAP1,9606.ENSP00000365256,9606.ENSP00000365606,0.0,0.0,0.407,0.435
1184,CLCN5,MSRB2,9606.ENSP00000365256,9606.ENSP00000365693,0.0,0.0,0.408,0.408
1184,CLCN5,TBC1D25,9606.ENSP00000365256,9606.ENSP00000365962,0.0,0.0,0.574,0.609
7940,LST1,NFKBIL1,9606.ENSP00000365261,9606.ENSP00000365318,0.0,0.0,0.716,0.716
3397,ID1,FOXP3,9606.ENSP00000365280,9606.ENSP00000365380,0.0,0.0,0.469,0.469
10006,ABI1,APBB1IP,9606.ENSP00000365312,9606.ENSP00000365411,0.279,0.0,0.326,0.521
10006,ABI1,HNRNPK,9606.ENSP00000365312,9606.ENSP00000365458,0.23,0.0,0.857,0.892
10006,ABI1,CTTN,9606.ENSP00000365312,9606.ENSP00000365745,0.408,0.0,0.475,0.677
10006,ABI1,WAS,9606.ENSP00000365312,9606.ENSP00000365891,0.286,0.4,0.773,0.894
4795,NFKBIL1,HLA-C,9606.ENSP00000365318,9606.ENSP00000365402,0.0,0.0,0.517,0.532
50943,FOXP3,TNFRSF1B,9606.ENSP00000365380,9606.ENSP00000365435,0.0,0.0,0.507,0.507
50943,FOXP3,PIM2,9606.ENSP00000365380,9606.ENSP00000365692,0.0,0.0,0.559,0.574
50943,FOXP3,HLA-E,9606.ENSP00000365380,9606.ENSP00000365817,0.0,0.0,0.474,0.474
50943,FOXP3,GATA1,9606.ENSP00000365380,9606.ENSP00000365858,0.071,0.0,0.657,0.679
50943,FOXP3,HLA-G,9606.ENSP00000365380,9606.ENSP00000366024,0.0,0.0,0.541,0.551
23590,PDSS1,UBIAD1,9606.ENSP00000365388,9606.ENSP00000366006,0.0,0.429,0.346,0.637
28952,CCDC22,CCDC93,9606.ENSP00000365401,9606.ENSP00000365477,0.904,0.0,0.997,0.999
28952,CCDC22,WAS,9606.ENSP00000365401,9606.ENSP00000365891,0.0,0.0,0.46,0.495
28952,CCDC22,COMMD3,9606.ENSP00000365401,9606.ENSP00000366032,0.868,0.5,0.725,0.98
3107,HLA-C,TCF19,9606.ENSP00000365402,9606.ENSP00000365433,0.0,0.0,0.757,0.757
3107,HLA-C,GNL1,9606.ENSP00000365402,9606.ENSP00000365806,0.0,0.0,0.464,0.463
3107,HLA-C,HLA-E,9606.ENSP00000365402,9606.ENSP00000365817,0.598,0.9,0.57,0.989
3107,HLA-C,HLA-G,9606.ENSP00000365402,9606.ENSP00000366024,0.629,0.65,0.386,0.95
54518,APBB1IP,WAS,9606.ENSP00000365411,9606.ENSP00000365891,0.0,0.0,0.315,0.507
6941,TCF19,GNL1,9606.ENSP00000365433,9606.ENSP00000365806,0.0,0.0,0.508,0.509
3190,HNRNPK,C9orf64,9606.ENSP00000365458,9606.ENSP00000365522,0.0,0.0,0.185,0.432
3190,HNRNPK,UBQLN1,9606.ENSP00000365458,9606.ENSP00000365576,0.0,0.0,0.299,0.459
3190,HNRNPK,PPP1R10,9606.ENSP00000365458,9606.ENSP00000365694,0.292,0.0,0.12,0.466
3190,HNRNPK,PRR3,9606.ENSP00000365458,9606.ENSP00000365744,0.629,0.0,0.214,0.704
3190,HNRNPK,BMI1,9606.ENSP00000365458,9606.ENSP00000365851,0.292,0.4,0.182,0.63
3190,HNRNPK,GATA1,9606.ENSP00000365458,9606.ENSP00000365858,0.0,0.0,0.878,0.878
3190,HNRNPK,RBM3,9606.ENSP00000365458,9606.ENSP00000365950,0.715,0.0,0.321,0.825
54520,CCDC93,WAS,9606.ENSP00000365477,9606.ENSP00000365891,0.0,0.0,0.54,0.546
54520,CCDC93,COMMD3,9606.ENSP00000365477,9606.ENSP00000366032,0.851,0.0,0.524,0.929
5355,PLP2,ANXA1,9606.ENSP00000365505,9606.ENSP00000366109,0.0,0.0,0.071,0.404
84267,C9orf64,GKAP1,9606.ENSP00000365522,9606.ENSP00000365550,0.0,0.0,0.526,0.557
80318,GKAP1,UBQLN1,9606.ENSP00000365550,9606.ENSP00000365576,0.165,0.0,0.208,0.483
10211,FLOT1,SOWAHC,9606.ENSP00000365569,9606.ENSP00000365830,0.071,0.4,0.0,0.418
8449,DHX16,PRR3,9606.ENSP00000365625,9606.ENSP00000365744,0.076,0.0,0.415,0.455
8449,DHX16,GNL1,9606.ENSP00000365625,9606.ENSP00000365806,0.095,0.0,0.427,0.503
23348,DOCK9,STK24,9606.ENSP00000365643,9606.ENSP00000365730,0.0,0.0,0.396,0.413
4878,NPPA,NUDT8,9606.ENSP00000365663,9606.ENSP00000365883,0.413,0.0,0.0,0.412
7088,TLE1,TLE4,9606.ENSP00000365682,9606.ENSP00000365720,0.832,0.9,0.057,0.983
5514,PPP1R10,HLA-E,9606.ENSP00000365694,9606.ENSP00000365817,0.0,0.0,0.674,0.676
5514,PPP1R10,RBM3,9606.ENSP00000365694,9606.ENSP00000365950,0.079,0.0,0.468,0.508
5514,PPP1R10,PPP1R11,9606.ENSP00000365694,9606.ENSP00000365963,0.0,0.0,0.459,0.466
26090,ABHD12,CEP78,9606.ENSP00000365725,9606.ENSP00000365782,0.0,0.0,0.474,0.479
80742,PRR3,GNL1,9606.ENSP00000365744,9606.ENSP00000365806,0.0,0.0,0.447,0.463
80742,PRR3,RBM3,9606.ENSP00000365744,9606.ENSP00000365950,0.421,0.0,0.083,0.447
80742,PRR3,PPP1R11,9606.ENSP00000365744,9606.ENSP00000365963,0.0,0.0,0.522,0.526
2017,CTTN,HDAC6,9606.ENSP00000365745,9606.ENSP00000365804,0.704,0.0,0.988,0.996
2017,CTTN,WAS,9606.ENSP00000365745,9606.ENSP00000365891,0.314,0.0,0.994,0.996
5305,PIP4K2A,BMI1,9606.ENSP00000365757,9606.ENSP00000365851,0.0,0.0,0.531,0.531
4524,MTHFR,RFK,9606.ENSP00000365770,9606.ENSP00000365926,0.0,0.0,0.412,0.421
29968,PSAT1,CEP78,9606.ENSP00000365773,9606.ENSP00000365782,0.0,0.0,0.245,0.752
10013,HDAC6,GATA1,9606.ENSP00000365804,9606.ENSP00000365858,0.133,0.0,0.309,0.522
2794,GNL1,HLA-E,9606.ENSP00000365806,9606.ENSP00000365817,0.0,0.0,0.62,0.621
2794,GNL1,PPP1R11,9606.ENSP00000365806,9606.ENSP00000365963,0.0,0.0,0.531,0.538
3133,HLA-E,HLA-G,9606.ENSP00000365817,9606.ENSP00000366024,0.593,0.65,0.781,0.98
56658,TRIM39,PPP1R11,9606.ENSP00000365844,9606.ENSP00000365963,0.0,0.0,0.52,0.52
648,BMI1,COMMD3,9606.ENSP00000365851,9606.ENSP00000366032,0.0,0.0,0.3,0.482
2623,GATA1,WDR13,9606.ENSP00000365858,9606.ENSP00000365919,0.094,0.0,0.619,0.648
2623,GATA1,TBC1D25,9606.ENSP00000365858,9606.ENSP00000365962,0.0,0.0,0.487,0.497
7454,WAS,TBC1D25,9606.ENSP00000365891,9606.ENSP00000365962,0.0,0.0,0.419,0.446
64743,WDR13,TBC1D25,9606.ENSP00000365919,9606.ENSP00000365962,0.0,0.0,0.613,0.644
5935,RBM3,TBC1D25,9606.ENSP00000365950,9606.ENSP00000365962,0.0,0.0,0.645,0.657
54981,NMRK1,CARNMT1,9606.ENSP00000366007,9606.ENSP00000366030,0.0,0.0,0.0,0.559
5394,EXOSC10,SRM,9606.ENSP00000366135,9606.ENSP00000366156,0.0,0.0,0.224,0.464
5394,EXOSC10,XRN2,9606.ENSP00000366135,9606.ENSP00000366396,0.358,0.0,0.761,0.856
5394,EXOSC10,NSUN6,9606.ENSP00000366135,9606.ENSP00000366519,0.07,0.0,0.0,0.559
5394,EXOSC10,ALDH1B1,9606.ENSP00000366135,9606.ENSP00000366927,0.591,0.0,0.0,0.6
5394,EXOSC10,NOL9,9606.ENSP00000366135,9606.ENSP00000366934,0.0,0.4,0.204,0.516
5394,EXOSC10,DIS3,9606.ENSP00000366135,9606.ENSP00000366997,0.999,0.956,0.998,0.999
347344,ZNF81,ZNF41,9606.ENSP00000366153,9606.ENSP00000366265,0.0,0.0,0.083,0.432
2550,GABBR1,KCTD12,9606.ENSP00000366233,9606.ENSP00000366694,0.0,0.0,0.624,0.634
10253,SPRY2,STAM,9606.ENSP00000366306,9606.ENSP00000366746,0.0,0.5,0.0,0.506
84447,SYVN1,AUP1,9606.ENSP00000366395,9606.ENSP00000366748,0.784,0.54,0.882,0.987
22803,XRN2,CRNKL1,9606.ENSP00000366396,9606.ENSP00000366557,0.095,0.0,0.46,0.631
22803,XRN2,ALDH1B1,9606.ENSP00000366396,9606.ENSP00000366927,0.425,0.0,0.064,0.446
22803,XRN2,NOL9,9606.ENSP00000366396,9606.ENSP00000366934,0.473,0.0,0.371,0.683
22803,XRN2,DIS3,9606.ENSP00000366396,9606.ENSP00000366997,0.0,0.0,0.687,0.715
5987,TRIM27,BTN3A2,9606.ENSP00000366404,9606.ENSP00000366937,0.0,0.0,0.597,0.666
64802,NMNAT1,LZIC,9606.ENSP00000366410,9606.ENSP00000366430,0.0,0.0,0.515,0.568
64802,NMNAT1,SLC25A51,9606.ENSP00000366410,9606.ENSP00000366945,0.0,0.0,0.48,0.533
84328,LZIC,CLSTN1,9606.ENSP00000366430,9606.ENSP00000366513,0.0,0.0,0.479,0.516
84328,LZIC,GPR157,9606.ENSP00000366430,9606.ENSP00000366628,0.069,0.0,0.654,0.664
29907,SNX15,SNX5,9606.ENSP00000366452,9606.ENSP00000366998,0.0,0.0,0.541,0.541
80317,ZKSCAN3,ZKSCAN4,9606.ENSP00000366465,9606.ENSP00000366509,0.785,0.0,0.049,0.833
221079,ARL5B,NSUN6,9606.ENSP00000366487,9606.ENSP00000366519,0.0,0.0,0.395,0.41
2512,FTL,SNX5,9606.ENSP00000366525,9606.ENSP00000366998,0.0,0.5,0.0,0.504
51160,VPS28,STAM,9606.ENSP00000366565,9606.ENSP00000366746,0.0,0.9,0.669,0.965
644019,CBWD6,CBWD1,9606.ENSP00000366608,9606.ENSP00000366617,0.61,0.0,0.054,0.626
6518,SLC2A5,CA6,9606.ENSP00000366641,9606.ENSP00000366654,0.0,0.0,0.863,0.866
4008,LMO7,UCHL3,9606.ENSP00000366757,9606.ENSP00000366819,0.0,0.0,0.856,0.876
9903,KLHL21,NOL9,9606.ENSP00000366886,9606.ENSP00000366934,0.0,0.0,0.532,0.581
3104,ZBTB48,NOL9,9606.ENSP00000366902,9606.ENSP00000366934,0.0,0.0,0.625,0.625
79707,NOL9,DIS3,9606.ENSP00000366934,9606.ENSP00000366997,0.0,0.4,0.334,0.674
8718,TNFRSF25,ZFAT,9606.ENSP00000367013,9606.ENSP00000367069,0.0,0.0,0.401,0.4
8334,H2AC6,POLR1E,9606.ENSP00000367022,9606.ENSP00000367029,0.071,0.4,0.0,0.423
8334,H2AC6,H4C3,9606.ENSP00000367022,9606.ENSP00000367034,0.938,0.0,0.441,0.969
8334,H2AC6,KDM6A,9606.ENSP00000367022,9606.ENSP00000367203,0.395,0.5,0.072,0.7
1787,TRDMT1,NMT2,9606.ENSP00000367030,9606.ENSP00000367407,0.0,0.0,0.378,0.405
8364,H4C3,TAF2,9606.ENSP00000367034,9606.ENSP00000367406,0.8,0.0,0.0,0.8
6238,RRBP1,CKAP4,9606.ENSP00000367038,9606.ENSP00000367265,0.162,0.0,0.288,0.405
10313,RTN3,CKAP4,9606.ENSP00000367050,9606.ENSP00000367265,0.163,0.0,0.435,0.519
11332,ACOT7,GPR153,9606.ENSP00000367086,9606.ENSP00000367125,0.0,0.0,0.405,0.418
11332,ACOT7,KCNAB2,9606.ENSP00000367086,9606.ENSP00000367323,0.0,0.0,0.442,0.47
387509,GPR153,RNF207,9606.ENSP00000367125,9606.ENSP00000367173,0.058,0.0,0.447,0.462
387509,GPR153,TPRG1L,9606.ENSP00000367125,9606.ENSP00000367595,0.125,0.0,0.377,0.436
7403,KDM6A,CAMKMT,9606.ENSP00000367203,9606.ENSP00000367755,0.0,0.0,0.434,0.439
7403,KDM6A,RPS16,9606.ENSP00000367203,9606.ENSP00000367806,0.057,0.0,0.205,0.486
51028,VPS36,C6orf62,9606.ENSP00000367299,9606.ENSP00000367359,0.451,0.0,0.0,0.455
8514,KCNAB2,PRKCZ,9606.ENSP00000367323,9606.ENSP00000367830,0.094,0.0,0.769,0.783
221061,FAM171A1,NMT2,9606.ENSP00000367356,9606.ENSP00000367407,0.0,0.0,0.187,0.491
81688,C6orf62,TDP2,9606.ENSP00000367359,9606.ENSP00000367440,0.0,0.0,0.267,0.605
51567,TDP2,DCLRE1C,9606.ENSP00000367440,9606.ENSP00000367527,0.0,0.4,0.262,0.548
9731,CEP104,LRRC47,9606.ENSP00000367476,9606.ENSP00000367498,0.0,0.0,0.445,0.716
57470,LRRC47,RPS16,9606.ENSP00000367498,9606.ENSP00000367806,0.829,0.0,0.138,0.899
55213,RCBTB1,PHF11,9606.ENSP00000367552,9606.ENSP00000367570,0.053,0.0,0.601,0.624
51131,PHF11,LPAR6,9606.ENSP00000367570,9606.ENSP00000367691,0.0,0.0,0.386,0.419
51182,HSPA14,NUP160,9606.ENSP00000367623,9606.ENSP00000367721,0.0,0.4,0.0,0.44
1536,CYBB,XK,9606.ENSP00000367851,9606.ENSP00000367879,0.0,0.0,0.556,0.569
1536,CYBB,GATA3,9606.ENSP00000367851,9606.ENSP00000368632,0.051,0.0,0.437,0.465
7504,XK,LANCL3,9606.ENSP00000367879,9606.ENSP00000367882,0.0,0.0,0.213,0.458
84720,PIGO,NADK,9606.ENSP00000367880,9606.ENSP00000367890,0.0,0.385,0.0,0.404
84720,PIGO,FANCG,9606.ENSP00000367880,9606.ENSP00000367910,0.0,0.0,0.093,0.535
65220,NADK,GPCPD1,9606.ENSP00000367890,9606.ENSP00000368305,0.0,0.429,0.055,0.447
9167,COX7A2L,UQCRQ,9606.ENSP00000367938,9606.ENSP00000367939,0.849,0.36,0.395,0.941
27089,UQCRQ,LYRM7,9606.ENSP00000367939,9606.ENSP00000368688,0.0,0.0,0.526,0.526
10111,RAD50,PCNA,9606.ENSP00000368100,9606.ENSP00000368458,0.095,0.4,0.072,0.461
54675,CRLS1,MCM8,9606.ENSP00000368140,9606.ENSP00000368164,0.0,0.0,0.756,0.795
54675,CRLS1,GPCPD1,9606.ENSP00000368140,9606.ENSP00000368305,0.099,0.0,0.358,0.404
84515,MCM8,POLA1,9606.ENSP00000368164,9606.ENSP00000368358,0.159,0.5,0.388,0.824
84515,MCM8,PCNA,9606.ENSP00000368164,9606.ENSP00000368458,0.0,0.0,0.116,0.677
644096,SDHAF1,LYRM9,9606.ENSP00000368165,9606.ENSP00000368397,0.0,0.0,0.593,0.596
644096,SDHAF1,LYRM7,9606.ENSP00000368165,9606.ENSP00000368688,0.0,0.0,0.727,0.727
1855,DVL1,LGR4,9606.ENSP00000368166,9606.ENSP00000368516,0.05,0.0,0.528,0.534
1855,DVL1,AGRN,9606.ENSP00000368166,9606.ENSP00000368678,0.088,0.0,0.511,0.574
56261,GPCPD1,PCYT1B,9606.ENSP00000368305,9606.ENSP00000368439,0.0,0.0,0.464,0.471
126789,PUSL1,GFOD1,9606.ENSP00000368318,9606.ENSP00000368589,0.406,0.0,0.0,0.406
5422,POLA1,PCYT1B,9606.ENSP00000368358,9606.ENSP00000368439,0.0,0.0,0.339,0.423
5422,POLA1,PCNA,9606.ENSP00000368358,9606.ENSP00000368458,0.844,0.72,0.339,0.987
5422,POLA1,ZFX,9606.ENSP00000368358,9606.ENSP00000368486,0.0,0.0,0.427,0.492
5422,POLA1,APOO,9606.ENSP00000368358,9606.ENSP00000368528,0.0,0.0,0.299,0.432
201229,LYRM9,LYRM7,9606.ENSP00000368397,9606.ENSP00000368688,0.0,0.0,0.641,0.643
9468,PCYT1B,APOO,9606.ENSP00000368439,9606.ENSP00000368528,0.0,0.0,0.419,0.46
9468,PCYT1B,ACOT9,9606.ENSP00000368439,9606.ENSP00000368605,0.088,0.0,0.369,0.489
5111,PCNA,E2F4,9606.ENSP00000368458,9606.ENSP00000368686,0.0,0.5,0.137,0.59
7543,ZFX,E2F4,9606.ENSP00000368486,9606.ENSP00000368686,0.052,0.0,0.622,0.626
126792,B3GALT6,AGRN,9606.ENSP00000368496,9606.ENSP00000368678,0.0,0.4,0.259,0.548
29103,DNAJC15,DNAJC2,9606.ENSP00000368523,9606.ENSP00000368565,0.0,0.0,0.412,0.412
79135,APOO,ACOT9,9606.ENSP00000368528,9606.ENSP00000368605,0.0,0.0,0.477,0.553
79135,APOO,PRDX4,9606.ENSP00000368528,9606.ENSP00000368646,0.0,0.0,0.385,0.516
7293,TNFRSF4,GATA3,9606.ENSP00000368538,9606.ENSP00000368632,0.0,0.0,0.48,0.48
54438,GFOD1,HIVEP1,9606.ENSP00000368589,9606.ENSP00000368698,0.063,0.0,0.438,0.455
23597,ACOT9,PRDX4,9606.ENSP00000368605,9606.ENSP00000368646,0.0,0.0,0.419,0.505
79612,NAA16,MTRF1,9606.ENSP00000368716,9606.ENSP00000368793,0.0,0.0,0.392,0.491
9617,MTRF1,WBP4,9606.ENSP00000368793,9606.ENSP00000368801,0.0,0.0,0.54,0.617
84078,KBTBD7,KBTBD6,9606.ENSP00000368797,9606.ENSP00000368799,0.809,0.9,0.05,0.995
89890,KBTBD6,ARIH1,9606.ENSP00000368799,9606.ENSP00000369217,0.396,0.0,0.0,0.407
11193,WBP4,UFM1,9606.ENSP00000368801,9606.ENSP00000368970,0.0,0.0,0.384,0.477
6643,SNX2,TXNDC5,9606.ENSP00000368831,9606.ENSP00000369081,0.045,0.5,0.072,0.527
4799,NFX1,EEF1E1,9606.ENSP00000368856,9606.ENSP00000369038,0.328,0.0,0.135,0.411
55003,PAK1IP1,EXOSC9,9606.ENSP00000368887,9606.ENSP00000368984,0.0,0.0,0.0,0.407
55003,PAK1IP1,RIOK1,9606.ENSP00000368887,9606.ENSP00000369162,0.0,0.0,0.191,0.588
1964,EIF1AX,RIOK1,9606.ENSP00000368927,9606.ENSP00000369162,0.094,0.0,0.185,0.706
1964,EIF1AX,TXLNG,9606.ENSP00000368927,9606.ENSP00000369465,0.0,0.0,0.484,0.574
51000,SLC35B3,EEF1E1,9606.ENSP00000368981,9606.ENSP00000369038,0.0,0.0,0.406,0.411
5393,EXOSC9,IPO7,9606.ENSP00000368984,9606.ENSP00000369042,0.408,0.0,0.204,0.53
5393,EXOSC9,CENPB,9606.ENSP00000368984,9606.ENSP00000369075,0.0,0.0,0.4,0.4
9521,EEF1E1,RPP40,9606.ENSP00000369038,9606.ENSP00000369391,0.051,0.0,0.161,0.414
23309,SIN3B,RBBP7,9606.ENSP00000369131,9606.ENSP00000369424,0.898,0.54,0.971,0.998
83732,RIOK1,RPP40,9606.ENSP00000369162,9606.ENSP00000369391,0.061,0.0,0.294,0.422
23586,DDX58,ARIH1,9606.ENSP00000369213,9606.ENSP00000369217,0.047,0.4,0.173,0.487
23586,DDX58,SAMD9,9606.ENSP00000369213,9606.ENSP00000369292,0.045,0.0,0.475,0.882
23586,DDX58,TRIM22,9606.ENSP00000369213,9606.ENSP00000369299,0.071,0.0,0.476,0.718
23586,DDX58,FBH1,9606.ENSP00000369213,9606.ENSP00000369335,0.419,0.0,0.268,0.556
23586,DDX58,TRIM5,9606.ENSP00000369213,9606.ENSP00000369373,0.071,0.0,0.717,0.821
54809,SAMD9,TRIM22,9606.ENSP00000369292,9606.ENSP00000369299,0.05,0.0,0.229,0.565
2745,GLRX,ITPA,9606.ENSP00000369314,9606.ENSP00000369456,0.0,0.733,0.052,0.741
6792,CDKL5,NHS,9606.ENSP00000369325,9606.ENSP00000369400,0.0,0.0,0.685,0.73
84893,FBH1,ANKRD16,9606.ENSP00000369335,9606.ENSP00000369436,0.042,0.0,0.636,0.639
675,BRCA2,CNTROB,9606.ENSP00000369497,9606.ENSP00000369614,0.0,0.0,0.771,0.771
675,BRCA2,ABRAXAS1,9606.ENSP00000369497,9606.ENSP00000369857,0.0,0.0,0.754,0.755
675,BRCA2,WRNIP1,9606.ENSP00000369497,9606.ENSP00000370150,0.0,0.0,0.447,0.447
2665,GDI2,SBF1,9606.ENSP00000369538,9606.ENSP00000370196,0.0,0.4,0.0,0.413
2665,GDI2,RABGEF1,9606.ENSP00000369538,9606.ENSP00000370208,0.05,0.4,0.393,0.627
79035,NABP2,ABRAXAS1,9606.ENSP00000369545,9606.ENSP00000369857,0.0,0.0,0.411,0.411
79035,NABP2,SNAPC3,9606.ENSP00000369545,9606.ENSP00000370200,0.0,0.0,0.437,0.442
116840,CNTROB,CNTLN,9606.ENSP00000369614,9606.ENSP00000370021,0.0,0.0,0.845,0.845
60493,FASTKD5,PTCD2,9606.ENSP00000369618,9606.ENSP00000370013,0.0,0.0,0.441,0.441
26240,FAM50B,PXDC1,9606.ENSP00000369627,9606.ENSP00000369636,0.0,0.0,0.505,0.518
9960,USP3,TAF9,9606.ENSP00000369681,9606.ENSP00000370193,0.325,0.0,0.164,0.427
4300,MLLT3,PSIP1,9606.ENSP00000369695,9606.ENSP00000370114,0.0,0.0,0.519,0.53
5786,PTPRA,VPS16,9606.ENSP00000369756,9606.ENSP00000369810,0.0,0.0,0.407,0.447
6194,RPS6,RRAGA,9606.ENSP00000369757,9606.ENSP00000369899,0.0,0.0,0.593,0.6
6194,RPS6,NAP1L4,9606.ENSP00000369757,9606.ENSP00000369915,0.429,0.0,0.115,0.592
6194,RPS6,BTF3,9606.ENSP00000369757,9606.ENSP00000369965,0.331,0.0,0.162,0.805
6194,RPS6,HMGN1,9606.ENSP00000369757,9606.ENSP00000370125,0.701,0.0,0.27,0.931
6194,RPS6,EIF3CL,9606.ENSP00000369757,9606.ENSP00000370258,0.843,0.0,0.203,0.889
284390,ZNF763,RABGEF1,9606.ENSP00000369774,9606.ENSP00000370208,0.094,0.0,0.399,0.432
64601,VPS16,RABGEF1,9606.ENSP00000369810,9606.ENSP00000370208,0.046,0.0,0.531,0.54
140462,ASB9,MOSPD2,9606.ENSP00000369855,9606.ENSP00000369860,0.046,0.0,0.504,0.514
54960,GEMIN8,SMN1,9606.ENSP00000369895,9606.ENSP00000370083,0.873,0.9,0.496,0.993
833,CARS1,NAP1L4,9606.ENSP00000369897,9606.ENSP00000369915,0.0,0.0,0.325,0.4
4676,NAP1L4,SLC22A18,9606.ENSP00000369915,9606.ENSP00000369948,0.0,0.0,0.67,0.67
4676,NAP1L4,BTF3,9606.ENSP00000369915,9606.ENSP00000369965,0.292,0.0,0.05,0.432
203238,CCDC171,SNAPC3,9606.ENSP00000370077,9606.ENSP00000370200,0.0,0.0,0.475,0.484
5141,PDE4A,AK6,9606.ENSP00000370078,9606.ENSP00000370201,0.0,0.65,0.0,0.65
6880,TAF9,SNAPC3,9606.ENSP00000370193,9606.ENSP00000370200,0.0,0.5,0.077,0.539
6880,TAF9,AK6,9606.ENSP00000370193,9606.ENSP00000370201,0.0,0.0,0.371,0.417
2762,GMDS,HUS1B,9606.ENSP00000370194,9606.ENSP00000370293,0.0,0.0,0.404,0.404
6305,SBF1,SELENOO,9606.ENSP00000370196,9606.ENSP00000370288,0.0,0.0,0.459,0.51
1183,CLCN4,WWC3,9606.ENSP00000370213,9606.ENSP00000370242,0.0,0.0,0.433,0.601
22995,CEP152,CCP110,9606.ENSP00000370337,9606.ENSP00000370803,0.0,0.0,0.842,0.852
3662,IRF4,CD274,9606.ENSP00000370343,9606.ENSP00000370989,0.0,0.0,0.505,0.509
3662,IRF4,JAK2,9606.ENSP00000370343,9606.ENSP00000371067,0.094,0.0,0.371,0.448
57486,NLN,PITRM1,9606.ENSP00000370372,9606.ENSP00000370377,0.091,0.0,0.505,0.532
8228,PNPLA4,ARSD,9606.ENSP00000370430,9606.ENSP00000370546,0.0,0.0,0.594,0.612
8228,PNPLA4,ASMTL,9606.ENSP00000370430,9606.ENSP00000370718,0.0,0.0,0.432,0.47
8228,PNPLA4,RDH11,9606.ENSP00000370430,9606.ENSP00000370750,0.0,0.9,0.135,0.91
3486,IGFBP3,JAK2,9606.ENSP00000370473,9606.ENSP00000371067,0.0,0.0,0.548,0.548
219402,MTIF3,GTF3A,9606.ENSP00000370508,9606.ENSP00000370532,0.0,0.0,0.668,0.685
1827,RCAN1,ITSN1,9606.ENSP00000370527,9606.ENSP00000370719,0.0,0.0,0.521,0.525
414,ARSD,CD99,9606.ENSP00000370546,9606.ENSP00000370588,0.0,0.0,0.618,0.618
4267,CD99,ASMT,9606.ENSP00000370588,9606.ENSP00000370639,0.0,0.0,0.618,0.618
4267,CD99,ASMTL,9606.ENSP00000370588,9606.ENSP00000370718,0.0,0.0,0.468,0.478
4267,CD99,SLC25A6,9606.ENSP00000370588,9606.ENSP00000370808,0.0,0.0,0.625,0.65
10528,NOP56,POLR2B,9606.ENSP00000370589,9606.ENSP00000370625,0.0,0.0,0.126,0.442
10528,NOP56,MYBBP1A,9606.ENSP00000370589,9606.ENSP00000370968,0.315,0.0,0.201,0.737
10528,NOP56,NOL10,9606.ENSP00000370589,9606.ENSP00000371101,0.979,0.54,0.334,0.996
10528,NOP56,RCL1,9606.ENSP00000370589,9606.ENSP00000371169,0.976,0.0,0.616,0.993
9189,ZBED1,ASMT,9606.ENSP00000370621,9606.ENSP00000370639,0.0,0.0,0.483,0.483
9189,ZBED1,ASMTL,9606.ENSP00000370621,9606.ENSP00000370718,0.0,0.0,0.667,0.737
9189,ZBED1,SLC25A6,9606.ENSP00000370621,9606.ENSP00000370808,0.0,0.0,0.418,0.444
9189,ZBED1,PLCXD1,9606.ENSP00000370621,9606.ENSP00000371073,0.0,0.0,0.595,0.598
5431,POLR2B,DDX1,9606.ENSP00000370625,9606.ENSP00000370745,0.091,0.0,0.135,0.474
5431,POLR2B,MYBBP1A,9606.ENSP00000370625,9606.ENSP00000370968,0.091,0.0,0.273,0.544
5431,POLR2B,NOL10,9606.ENSP00000370625,9606.ENSP00000371101,0.059,0.0,0.0,0.4
438,ASMT,P2RY8,9606.ENSP00000370639,9606.ENSP00000370697,0.045,0.0,0.473,0.475
438,ASMT,SLC25A6,9606.ENSP00000370639,9606.ENSP00000370808,0.0,0.0,0.849,0.849
438,ASMT,PLCXD1,9606.ENSP00000370639,9606.ENSP00000371073,0.0,0.0,0.624,0.624
57542,KLHL42,COMMD8,9606.ENSP00000370671,9606.ENSP00000370984,0.0,0.5,0.053,0.507
57542,KLHL42,HMG20A,9606.ENSP00000370671,9606.ENSP00000371133,0.0,0.0,0.474,0.478
286530,P2RY8,ASMTL,9606.ENSP00000370697,9606.ENSP00000370718,0.045,0.0,0.667,0.669
286530,P2RY8,JAK2,9606.ENSP00000370697,9606.ENSP00000371067,0.084,0.0,0.741,0.759
286530,P2RY8,PLCXD1,9606.ENSP00000370697,9606.ENSP00000371073,0.0,0.0,0.44,0.451
3572,IL6ST,JAK2,9606.ENSP00000370698,9606.ENSP00000371067,0.292,0.9,0.916,0.993
8623,ASMTL,SLC25A6,9606.ENSP00000370718,9606.ENSP00000370808,0.0,0.0,0.885,0.89
8623,ASMTL,PLCXD1,9606.ENSP00000370718,9606.ENSP00000371073,0.0,0.0,0.742,0.743
81553,FAM49A,DDX1,9606.ENSP00000370724,9606.ENSP00000370745,0.0,0.0,0.473,0.473
2731,GLDC,ATP8A2,9606.ENSP00000370737,9606.ENSP00000371070,0.0,0.0,0.418,0.419
2731,GLDC,GCAT,9606.ENSP00000370737,9606.ENSP00000371110,0.0,0.0,0.568,0.594
293,SLC25A6,PLCXD1,9606.ENSP00000370808,9606.ENSP00000371073,0.0,0.0,0.432,0.445
7006,TEC,JAK2,9606.ENSP00000370912,9606.ENSP00000371067,0.51,0.0,0.072,0.564
1876,E2F6,COMMD8,9606.ENSP00000370936,9606.ENSP00000370984,0.535,0.0,0.0,0.535
10514,MYBBP1A,NOL10,9606.ENSP00000370968,9606.ENSP00000371101,0.0,0.0,0.0,0.83
10514,MYBBP1A,RCL1,9606.ENSP00000370968,9606.ENSP00000371169,0.0,0.0,0.125,0.402
29126,CD274,JAK2,9606.ENSP00000370989,9606.ENSP00000371067,0.0,0.0,0.661,0.69
6049,RNF6,ATP8A2,9606.ENSP00000371000,9606.ENSP00000371070,0.0,0.0,0.852,0.853
51761,ATP8A2,ATP8A1,9606.ENSP00000371070,9606.ENSP00000371084,0.0,0.54,0.06,0.568
79954,NOL10,RCL1,9606.ENSP00000371101,9606.ENSP00000371169,0.976,0.0,0.432,0.991
117155,CATSPER2,CACNA2D4,9606.ENSP00000371180,9606.ENSP00000372169,0.284,0.72,0.092,0.807
84254,CAMKK1,YWHAQ,9606.ENSP00000371188,9606.ENSP00000371267,0.403,0.0,0.072,0.422
55313,CPPED1,SEPSECS,9606.ENSP00000371193,9606.ENSP00000371535,0.496,0.0,0.0,0.506
4046,LSP1,TNNI2,9606.ENSP00000371194,9606.ENSP00000371336,0.0,0.0,0.352,0.417
79730,NSUN7,NOP2,9606.ENSP00000371201,9606.ENSP00000371858,0.0,0.0,0.806,0.84
399,RHOH,TMEM156,9606.ENSP00000371219,9606.ENSP00000371364,0.0,0.0,0.354,0.423
50808,AK3,GART,9606.ENSP00000371230,9606.ENSP00000371253,0.0,0.0,0.421,0.452
50808,AK3,PGM2,9606.ENSP00000371230,9606.ENSP00000371393,0.082,0.0,0.481,0.519
27111,SDCBP2,CD9,9606.ENSP00000371233,9606.ENSP00000371958,0.0,0.0,0.786,0.786
2618,GART,PGM2,9606.ENSP00000371253,9606.ENSP00000371393,0.0,0.0,0.404,0.457
2618,GART,OLIG1,9606.ENSP00000371253,9606.ENSP00000371785,0.0,0.0,0.405,0.413
10971,YWHAQ,VLDLR,9606.ENSP00000371267,9606.ENSP00000371532,0.0,0.0,0.788,0.791
55835,CENPJ,NIN,9606.ENSP00000371308,9606.ENSP00000371472,0.167,0.0,0.558,0.626
5981,RFC1,TMEM156,9606.ENSP00000371321,9606.ENSP00000371364,0.0,0.0,0.576,0.576
5981,RFC1,RAD1,9606.ENSP00000371321,9606.ENSP00000371469,0.309,0.0,0.307,0.549
5981,RFC1,CHEK2,9606.ENSP00000371321,9606.ENSP00000372023,0.289,0.0,0.195,0.476
3822,KLRC2,KLRC3,9606.ENSP00000371327,9606.ENSP00000371328,0.0,0.0,0.774,0.999
79091,METTL22,EEF1AKMT1,9606.ENSP00000371345,9606.ENSP00000372206,0.0,0.0,0.547,0.547
133686,NADK2,SIRT3,9606.ENSP00000371362,9606.ENSP00000372191,0.0,0.9,0.165,0.914
5991,RFX3,CHEK2,9606.ENSP00000371434,9606.ENSP00000372023,0.458,0.0,0.169,0.538
134218,DNAJC21,DNAJC19,9606.ENSP00000371451,9606.ENSP00000372005,0.0,0.0,0.423,0.458
5810,RAD1,TP53BP1,9606.ENSP00000371469,9606.ENSP00000371475,0.583,0.0,0.395,0.738
5810,RAD1,CHEK2,9606.ENSP00000371469,9606.ENSP00000372023,0.496,0.0,0.422,0.74
7158,TP53BP1,SMARCA2,9606.ENSP00000371475,9606.ENSP00000371638,0.0,0.0,0.375,0.402
7158,TP53BP1,CHEK2,9606.ENSP00000371475,9606.ENSP00000372023,0.883,0.5,0.951,0.996
7158,TP53BP1,SIRT3,9606.ENSP00000371475,9606.ENSP00000372191,0.34,0.0,0.2,0.453
7158,TP53BP1,NSD2,9606.ENSP00000371475,9606.ENSP00000372351,0.097,0.5,0.506,0.761
4285,MIPEP,DNAJC19,9606.ENSP00000371607,9606.ENSP00000372005,0.0,0.0,0.474,0.48
6595,SMARCA2,BAZ1A,9606.ENSP00000371638,9606.ENSP00000371859,0.313,0.0,0.797,0.862
254251,LCORL,DCAF16,9606.ENSP00000371661,9606.ENSP00000371682,0.0,0.0,0.713,0.716
26278,SACS,DNAJC19,9606.ENSP00000371729,9606.ENSP00000372005,0.0,0.0,0.471,0.472
2254,FGF9,MICU2,9606.ENSP00000371790,9606.ENSP00000371811,0.0,0.0,0.762,0.763
2254,FGF9,CD9,9606.ENSP00000371790,9606.ENSP00000371958,0.0,0.0,0.424,0.441
221154,MICU2,EEF1AKMT1,9606.ENSP00000371811,9606.ENSP00000372206,0.0,0.0,0.524,0.552
4839,NOP2,URB1,9606.ENSP00000371858,9606.ENSP00000372199,0.517,0.0,0.188,0.746
11200,CHEK2,NSD2,9606.ENSP00000372023,9606.ENSP00000372351,0.093,0.5,0.204,0.641
64745,METTL17,RPUSD3,9606.ENSP00000372445,9606.ENSP00000373331,0.088,0.0,0.454,0.544
9811,CTIF,NCBP3,9606.ENSP00000372459,9606.ENSP00000373657,0.0,0.0,0.461,0.461
9811,CTIF,LRCH1,9606.ENSP00000372459,9606.ENSP00000374447,0.0,0.0,0.446,0.446
80741,LY6G5C,LY6G6E,9606.ENSP00000372724,9606.ENSP00000372910,0.0,0.0,0.546,0.55
29083,GTPBP8,RPUSD3,9606.ENSP00000373176,9606.ENSP00000373331,0.584,0.0,0.378,0.739
285367,RPUSD3,MRPL2,9606.ENSP00000373331,9606.ENSP00000373404,0.269,0.0,0.044,0.445
6419,SETMAR,TRIP12,9606.ENSP00000373354,9606.ENSP00000373696,0.0,0.0,0.436,0.442
57721,METTL14,TRMT61A,9606.ENSP00000373474,9606.ENSP00000374399,0.0,0.0,0.418,0.425
3875,KRT18,SQSTM1,9606.ENSP00000373489,9606.ENSP00000374455,0.075,0.0,0.456,0.475
9320,TRIP12,RNF20,9606.ENSP00000373696,9606.ENSP00000373772,0.0,0.0,0.446,0.563
9320,TRIP12,EP400,9606.ENSP00000373696,9606.ENSP00000374212,0.091,0.0,0.409,0.496
1729,DIAPH1,FAM169A,9606.ENSP00000373706,9606.ENSP00000373808,0.051,0.4,0.056,0.443
167227,DCP2,EXOSC8,9606.ENSP00000373715,9606.ENSP00000374354,0.0,0.5,0.264,0.622
167227,DCP2,SQSTM1,9606.ENSP00000373715,9606.ENSP00000374455,0.48,0.0,0.063,0.499
56254,RNF20,EP400,9606.ENSP00000373772,9606.ENSP00000374212,0.31,0.0,0.289,0.571
56254,RNF20,RTF1,9606.ENSP00000373772,9606.ENSP00000374280,0.114,0.5,0.84,0.953
1768,DNAH6,DNAH17,9606.ENSP00000374045,9606.ENSP00000374490,0.0,0.36,0.148,0.448
23168,RTF1,CCNK,9606.ENSP00000374280,9606.ENSP00000374529,0.166,0.54,0.314,0.832
152992,TRMT44,TRMT61A,9606.ENSP00000374387,9606.ENSP00000374399,0.0,0.0,0.589,0.671
28227,PPP2R3B,AKT2,9606.ENSP00000375080,9606.ENSP00000375892,0.052,0.65,0.044,0.655
11006,LILRB4,LILRA2,9606.ENSP00000375616,9606.ENSP00000375618,0.126,0.0,0.493,0.655
11006,LILRB4,LAIR1,9606.ENSP00000375616,9606.ENSP00000375622,0.12,0.0,0.305,0.513
11006,LILRB4,LILRB2,9606.ENSP00000375616,9606.ENSP00000375629,0.475,0.0,0.33,0.747
11027,LILRA2,LAIR1,9606.ENSP00000375618,9606.ENSP00000375622,0.132,0.0,0.47,0.592
11027,LILRA2,LILRB2,9606.ENSP00000375618,9606.ENSP00000375629,0.0,0.0,0.302,0.521
11027,LILRA2,NLRP12,9606.ENSP00000375618,9606.ENSP00000375653,0.0,0.0,0.123,0.402
3903,LAIR1,LILRB2,9606.ENSP00000375622,9606.ENSP00000375629,0.132,0.0,0.151,0.437
3903,LAIR1,RPS9,9606.ENSP00000375622,9606.ENSP00000375632,0.0,0.0,0.425,0.425
6203,RPS9,RPL13A,9606.ENSP00000375632,9606.ENSP00000375730,0.977,0.5,0.56,0.999
6203,RPS9,EEF1B2,9606.ENSP00000375632,9606.ENSP00000376055,0.114,0.0,0.293,0.976
29844,TFPT,GPS1,9606.ENSP00000375639,9606.ENSP00000376167,0.0,0.4,0.0,0.454
84335,AKT1S1,AKT2,9606.ENSP00000375711,9606.ENSP00000375892,0.096,0.9,0.654,0.967
23521,RPL13A,EEF1B2,9606.ENSP00000375730,9606.ENSP00000376055,0.095,0.0,0.19,0.93
29888,STRN4,EEF1B2,9606.ENSP00000375777,9606.ENSP00000376055,0.551,0.0,0.0,0.552
2068,ERCC2,XRCC5,9606.ENSP00000375809,9606.ENSP00000375978,0.0,0.0,0.681,0.683
2068,ERCC2,SUMO1,9606.ENSP00000375809,9606.ENSP00000376077,0.0,0.5,0.089,0.528
2068,ERCC2,GPS1,9606.ENSP00000375809,9606.ENSP00000376167,0.0,0.5,0.0,0.522
3069,HDLBP,XRCC5,9606.ENSP00000375836,9606.ENSP00000375978,0.292,0.0,0.445,0.604
55054,ATG16L1,WDR45B,9606.ENSP00000375873,9606.ENSP00000376139,0.0,0.0,0.562,0.575
55054,ATG16L1,STX2,9606.ENSP00000375873,9606.ENSP00000376178,0.497,0.0,0.063,0.509
55054,ATG16L1,TFRC,9606.ENSP00000375873,9606.ENSP00000376197,0.226,0.0,0.223,0.402
11262,SP140,SUMO1,9606.ENSP00000375899,9606.ENSP00000376077,0.078,0.0,0.497,0.517
11262,SP140,ASH1L,9606.ENSP00000375899,9606.ENSP00000376204,0.046,0.0,0.413,0.421
7520,XRCC5,SUMO1,9606.ENSP00000375978,9606.ENSP00000376077,0.093,0.0,0.225,0.492
7520,XRCC5,RFC4,9606.ENSP00000375978,9606.ENSP00000376272,0.146,0.0,0.331,0.471
51429,SNX9,TFRC,9606.ENSP00000376024,9606.ENSP00000376197,0.0,0.5,0.312,0.641
8725,URI1,C19orf12,9606.ENSP00000376097,9606.ENSP00000376103,0.0,0.0,0.478,0.495
54842,MFSD6,INPP1,9606.ENSP00000376141,9606.ENSP00000376142,0.0,0.0,0.442,0.46
622,BDH1,TFRC,9606.ENSP00000376184,9606.ENSP00000376197,0.0,0.0,0.439,0.452
8655,DYNLL1,GRB2,9606.ENSP00000376297,9606.ENSP00000376345,0.124,0.0,0.449,0.498
8655,DYNLL1,BCL2L11,9606.ENSP00000376297,9606.ENSP00000376943,0.787,0.9,0.965,0.999
80757,TMEM121,TEDC1,9606.ENSP00000376304,9606.ENSP00000376307,0.0,0.0,0.515,0.526
7456,WIPF1,GRB2,9606.ENSP00000376330,9606.ENSP00000376345,0.684,0.5,0.954,0.992
7456,WIPF1,WASF1,9606.ENSP00000376330,9606.ENSP00000376367,0.0,0.4,0.674,0.797
90135,BTBD6,NUDT14,9606.ENSP00000376337,9606.ENSP00000376349,0.0,0.0,0.395,0.406
2885,GRB2,WASF1,9606.ENSP00000376345,9606.ENSP00000376367,0.095,0.5,0.243,0.627
2885,GRB2,PRKAR1A,9606.ENSP00000376345,9606.ENSP00000376475,0.292,0.5,0.35,0.756
2885,GRB2,CD79B,9606.ENSP00000376345,9606.ENSP00000376544,0.0,0.4,0.311,0.6
2885,GRB2,PICALM,9606.ENSP00000376345,9606.ENSP00000377015,0.0,0.5,0.125,0.552
342510,CD300E,CD300LB,9606.ENSP00000376395,9606.ENSP00000376397,0.51,0.4,0.13,0.768
64423,INF2,SPOP,9606.ENSP00000376410,9606.ENSP00000377001,0.786,0.0,0.227,0.83
114609,TIRAP,TRAF3,9606.ENSP00000376445,9606.ENSP00000376500,0.0,0.0,0.617,0.643
1894,ECT2,CENPN,9606.ENSP00000376457,9606.ENSP00000377007,0.0,0.0,0.199,0.51
974,CD79B,POU2AF1,9606.ENSP00000376544,9606.ENSP00000376786,0.0,0.0,0.506,0.812
4291,MLF1,CENPN,9606.ENSP00000376568,9606.ENSP00000377007,0.0,0.0,0.631,0.633
51466,EVL,PICALM,9606.ENSP00000376652,9606.ENSP00000377015,0.0,0.0,0.478,0.479
10755,GIPC1,PLXNA1,9606.ENSP00000376753,9606.ENSP00000377061,0.17,0.0,0.295,0.418
143187,VTI1A,TGFBRAP1,9606.ENSP00000376792,9606.ENSP00000377027,0.514,0.0,0.216,0.653
8065,CUL5,SPOP,9606.ENSP00000376808,9606.ENSP00000377001,0.0,0.0,0.359,0.476
55240,STEAP3,PLXNA1,9606.ENSP00000376822,9606.ENSP00000377061,0.0,0.4,0.0,0.413
23023,TMCC1,PLXNA1,9606.ENSP00000376930,9606.ENSP00000377061,0.0,0.0,0.688,0.688
164,AP1G1,PPP6R3,9606.ENSP00000377148,9606.ENSP00000377390,0.0,0.0,0.049,0.493
2539,G6PD,KEAP1,9606.ENSP00000377192,9606.ENSP00000377245,0.0,0.0,0.511,0.529
2539,G6PD,SUCLG1,9606.ENSP00000377192,9606.ENSP00000377446,0.0,0.0,0.421,0.44
2539,G6PD,MTHFD2,9606.ENSP00000377192,9606.ENSP00000377617,0.0,0.0,0.509,0.531
1627,DBN1,JUP,9606.ENSP00000377195,9606.ENSP00000377508,0.239,0.4,0.057,0.541
1627,DBN1,SYNPO,9606.ENSP00000377195,9606.ENSP00000377789,0.173,0.0,0.383,0.469
1627,DBN1,ACTN1,9606.ENSP00000377195,9606.ENSP00000377941,0.187,0.4,0.366,0.702
1032,CDKN2D,KEAP1,9606.ENSP00000377224,9606.ENSP00000377245,0.045,0.0,0.512,0.514
2804,GOLGB1,NUMA1,9606.ENSP00000377275,9606.ENSP00000377298,0.079,0.0,0.184,0.43
4926,NUMA1,PRC1,9606.ENSP00000377298,9606.ENSP00000377793,0.311,0.0,0.152,0.458
112812,FDX2,CNP,9606.ENSP00000377311,9606.ENSP00000377470,0.406,0.0,0.0,0.42
112812,FDX2,SUOX,9606.ENSP00000377311,9606.ENSP00000377668,0.0,0.0,0.309,0.413
112812,FDX2,CIAPIN1,9606.ENSP00000377311,9606.ENSP00000377914,0.0,0.0,0.502,0.51
55601,DDX60,UTP14A,9606.ENSP00000377344,9606.ENSP00000377944,0.251,0.0,0.116,0.459
55291,PPP6R3,CCT4,9606.ENSP00000377390,9606.ENSP00000377958,0.052,0.0,0.39,0.402
55779,CFAP44,CLDND1,9606.ENSP00000377428,9606.ENSP00000377735,0.0,0.0,0.445,0.445
8802,SUCLG1,MTHFD2,9606.ENSP00000377446,9606.ENSP00000377617,0.0,0.0,0.348,0.409
8802,SUCLG1,SUOX,9606.ENSP00000377446,9606.ENSP00000377668,0.0,0.0,0.365,0.414
8802,SUCLG1,NIT2,9606.ENSP00000377446,9606.ENSP00000377696,0.162,0.0,0.09,0.453
9801,MRPL19,HDDC3,9606.ENSP00000377486,9606.ENSP00000377814,0.943,0.0,0.057,0.948
3728,JUP,ARL13B,9606.ENSP00000377508,9606.ENSP00000377769,0.0,0.4,0.043,0.401
9232,PTTG1,MTHFD2,9606.ENSP00000377536,9606.ENSP00000377617,0.0,0.0,0.391,0.452
9232,PTTG1,PRC1,9606.ENSP00000377536,9606.ENSP00000377793,0.0,0.0,0.287,0.846
10797,MTHFD2,SUOX,9606.ENSP00000377617,9606.ENSP00000377668,0.103,0.0,0.371,0.411
10797,MTHFD2,ASNS,9606.ENSP00000377617,9606.ENSP00000377845,0.0,0.0,0.612,0.717
10146,G3BP1,CCT4,9606.ENSP00000377681,9606.ENSP00000377958,0.0,0.0,0.055,0.625
11346,SYNPO,ACTN1,9606.ENSP00000377789,9606.ENSP00000377941,0.477,0.0,0.203,0.565
116224,FAM122A,PPP2R2B,9606.ENSP00000377807,9606.ENSP00000377936,0.457,0.0,0.0,0.457
782,CACNB1,PPP2R2B,9606.ENSP00000377840,9606.ENSP00000377936,0.0,0.65,0.081,0.664
440,ASNS,LARS1,9606.ENSP00000377845,9606.ENSP00000377954,0.184,0.0,0.233,0.486
57019,CIAPIN1,LARS1,9606.ENSP00000377914,9606.ENSP00000377954,0.468,0.0,0.0,0.472
5521,PPP2R2B,CCT4,9606.ENSP00000377936,9606.ENSP00000377958,0.613,0.0,0.0,0.63
2962,GTF2F1,SMARCD1,9606.ENSP00000377969,9606.ENSP00000378414,0.0,0.0,0.587,0.629
572,BAD,PPP3CB,9606.ENSP00000378040,9606.ENSP00000378306,0.0,0.9,0.0,0.9
572,BAD,PPP3CA,9606.ENSP00000378040,9606.ENSP00000378323,0.0,0.9,0.0,0.9
83707,TRPT1,VKORC1,9606.ENSP00000378050,9606.ENSP00000378426,0.0,0.0,0.394,0.434
55013,MCUB,VDAC1,9606.ENSP00000378145,9606.ENSP00000378487,0.0,0.0,0.463,0.463
29117,BRD7,SMARCD1,9606.ENSP00000378181,9606.ENSP00000378414,0.987,0.8,0.648,0.999
29117,BRD7,BRD2,9606.ENSP00000378181,9606.ENSP00000378702,0.606,0.0,0.26,0.696
9255,AIMP1,CDC23,9606.ENSP00000378191,9606.ENSP00000378350,0.0,0.0,0.181,0.434
9255,AIMP1,PFDN6,9606.ENSP00000378191,9606.ENSP00000378563,0.0,0.0,0.0,0.442
3306,HSPA2,DNAJA4,9606.ENSP00000378199,9606.ENSP00000378324,0.274,0.563,0.259,0.874
3306,HSPA2,POM121,9606.ENSP00000378199,9606.ENSP00000378687,0.102,0.4,0.0,0.438
3619,INCENP,KIF20A,9606.ENSP00000378295,9606.ENSP00000378356,0.317,0.0,0.986,0.995
3619,INCENP,FZR1,9606.ENSP00000378295,9606.ENSP00000378529,0.0,0.0,0.211,0.45
3619,INCENP,POM121,9606.ENSP00000378295,9606.ENSP00000378687,0.0,0.4,0.064,0.457
3619,INCENP,CDK1,9606.ENSP00000378295,9606.ENSP00000378699,0.292,0.4,0.845,0.947
5532,PPP3CB,PPP3CA,9606.ENSP00000378306,9606.ENSP00000378323,0.616,0.9,0.868,0.994
5532,PPP3CB,CDC23,9606.ENSP00000378306,9606.ENSP00000378350,0.045,0.65,0.0,0.659
64116,SLC39A8,SLC11A2,9606.ENSP00000378310,9606.ENSP00000378364,0.0,0.0,0.761,0.773
5530,PPP3CA,CDC23,9606.ENSP00000378323,9606.ENSP00000378350,0.045,0.65,0.091,0.672
55466,DNAJA4,KIF20A,9606.ENSP00000378324,9606.ENSP00000378356,0.084,0.0,0.439,0.464
7041,TGFB1I1,GIT1,9606.ENSP00000378332,9606.ENSP00000378338,0.609,0.0,0.618,0.847
8697,CDC23,FZR1,9606.ENSP00000378350,9606.ENSP00000378529,0.993,0.8,0.764,0.999
8697,CDC23,CDK1,9606.ENSP00000378350,9606.ENSP00000378699,0.433,0.65,0.491,0.895
10112,KIF20A,CDK1,9606.ENSP00000378356,9606.ENSP00000378699,0.0,0.0,0.737,0.958
26007,TKFC,ALDOC,9606.ENSP00000378360,9606.ENSP00000378731,0.0,0.9,0.158,0.915
4891,SLC11A2,ALAS1,9606.ENSP00000378364,9606.ENSP00000378416,0.0,0.0,0.398,0.419
145957,NRG4,MATK,9606.ENSP00000378367,9606.ENSP00000378485,0.056,0.5,0.044,0.509
2319,FLOT2,DAAM1,9606.ENSP00000378368,9606.ENSP00000378557,0.0,0.4,0.076,0.421
6602,SMARCD1,BRD2,9606.ENSP00000378414,9606.ENSP00000378702,0.625,0.0,0.166,0.679
7416,VDAC1,TIMM9,9606.ENSP00000378487,9606.ENSP00000378588,0.091,0.0,0.379,0.425
7416,VDAC1,CDK1,9606.ENSP00000378487,9606.ENSP00000378699,0.292,0.0,0.222,0.477
51343,FZR1,CDK1,9606.ENSP00000378529,9606.ENSP00000378699,0.723,0.75,0.67,0.983
9883,POM121,CDK1,9606.ENSP00000378687,9606.ENSP00000378699,0.071,0.4,0.084,0.452
205,AK4,RPS29,9606.ENSP00000378743,9606.ENSP00000379339,0.0,0.0,0.071,0.422
9961,MVP,TYMP,9606.ENSP00000378760,9606.ENSP00000379038,0.0,0.0,0.167,0.416
3122,HLA-DRA,LAT,9606.ENSP00000378786,9606.ENSP00000378845,0.0,0.5,0.0,0.522
3122,HLA-DRA,CXCL1,9606.ENSP00000378786,9606.ENSP00000379110,0.0,0.0,0.404,0.419
27040,LAT,NFATC2,9606.ENSP00000378845,9606.ENSP00000379330,0.0,0.0,0.51,0.518
5723,PSPH,MTHFD2L,9606.ENSP00000378854,9606.ENSP00000379108,0.0,0.0,0.491,0.544
3965,LGALS9,ITGB1,9606.ENSP00000378856,9606.ENSP00000379350,0.42,0.0,0.141,0.493
51535,PPHLN1,COA1,9606.ENSP00000378935,9606.ENSP00000379218,0.0,0.0,0.347,0.498
11158,RABL2B,CASC1,9606.ENSP00000378958,9606.ENSP00000379310,0.0,0.0,0.0,0.469
6817,SULT1A1,SULT1A2,9606.ENSP00000378972,9606.ENSP00000378992,0.793,0.9,0.054,0.998
5599,MAPK8,YWHAZ,9606.ENSP00000378974,9606.ENSP00000379287,0.292,0.0,0.245,0.446
5599,MAPK8,NFATC2,9606.ENSP00000378974,9606.ENSP00000379330,0.434,0.0,0.253,0.56
5599,MAPK8,RPS29,9606.ENSP00000378974,9606.ENSP00000379339,0.453,0.0,0.0,0.483
2132,EXT2,TRPS1,9606.ENSP00000379032,9606.ENSP00000379065,0.0,0.0,0.491,0.491
374,AREG,CXCL1,9606.ENSP00000379097,9606.ENSP00000379110,0.0,0.0,0.449,0.5
2919,CXCL1,IL4R,9606.ENSP00000379110,9606.ENSP00000379111,0.0,0.0,0.591,0.616
51074,APIP,ELP4,9606.ENSP00000379133,9606.ENSP00000379267,0.0,0.0,0.154,0.415
55744,COA1,NDUFAF6,9606.ENSP00000379218,9606.ENSP00000379430,0.0,0.5,0.085,0.532
55233,MOB1A,MOB1B,9606.ENSP00000379364,9606.ENSP00000379366,0.815,0.9,0.105,0.982
55293,UEVLD,GAPDH,9606.ENSP00000379500,9606.ENSP00000380070,0.071,0.0,0.32,0.579
54704,PDP1,ILK,9606.ENSP00000379503,9606.ENSP00000379975,0.091,0.0,0.505,0.538
9045,RPL14,RPS8,9606.ENSP00000379506,9606.ENSP00000379888,0.995,0.0,0.923,0.999
9045,RPL14,GAPDH,9606.ENSP00000379506,9606.ENSP00000380070,0.0,0.0,0.277,0.401
706,TSPO,GAPDH,9606.ENSP00000379563,9606.ENSP00000380070,0.0,0.0,0.356,0.427
6843,VAMP1,NDE1,9606.ENSP00000379602,9606.ENSP00000379643,0.0,0.0,0.495,0.495
4629,MYH11,MARF1,9606.ENSP00000379616,9606.ENSP00000379654,0.091,0.0,0.406,0.45
4629,MYH11,ETV6,9606.ENSP00000379616,9606.ENSP00000379658,0.0,0.0,0.474,0.482
4629,MYH11,GAPDH,9606.ENSP00000379616,9606.ENSP00000380070,0.0,0.0,0.423,0.439
54820,NDE1,MARF1,9606.ENSP00000379643,9606.ENSP00000379654,0.0,0.0,0.7,0.706
54820,NDE1,PDXDC1,9606.ENSP00000379643,9606.ENSP00000379691,0.0,0.0,0.445,0.448
54820,NDE1,CENPK,9606.ENSP00000379643,9606.ENSP00000379911,0.0,0.0,0.437,0.437
79168,LILRA6,HLA-A,9606.ENSP00000379651,9606.ENSP00000379873,0.093,0.5,0.522,0.772
9665,MARF1,PDXDC1,9606.ENSP00000379654,9606.ENSP00000379691,0.0,0.0,0.54,0.541
2120,ETV6,ZNF384,9606.ENSP00000379658,9606.ENSP00000380019,0.068,0.0,0.63,0.645
91661,ZNF765,PDXDC1,9606.ENSP00000379689,9606.ENSP00000379691,0.0,0.0,0.516,0.516
23042,PDXDC1,CARHSP1,9606.ENSP00000379691,9606.ENSP00000379838,0.0,0.0,0.42,0.424
1285,COL4A3,COL4A4,9606.ENSP00000379823,9606.ENSP00000379866,0.0,0.9,0.535,0.995
10020,GNE,GAPDH,9606.ENSP00000379839,9606.ENSP00000380070,0.0,0.0,0.435,0.445
18,ABAT,ADHFE1,9606.ENSP00000379845,9606.ENSP00000379865,0.0,0.414,0.188,0.557
18,ABAT,GATM,9606.ENSP00000379845,9606.ENSP00000379895,0.048,0.8,0.075,0.814
137872,ADHFE1,GAPDH,9606.ENSP00000379865,9606.ENSP00000380070,0.0,0.0,0.282,0.505
3105,HLA-A,AP1S3,9606.ENSP00000379873,9606.ENSP00000379891,0.8,0.65,0.0,0.927
3105,HLA-A,IRF9,9606.ENSP00000379873,9606.ENSP00000380073,0.0,0.5,0.22,0.703
6202,RPS8,CSNK1E,9606.ENSP00000379888,9606.ENSP00000380044,0.155,0.8,0.047,0.827
6202,RPS8,GAPDH,9606.ENSP00000379888,9606.ENSP00000380070,0.103,0.0,0.28,0.457
10124,ARL4A,TMEM106B,9606.ENSP00000379898,9606.ENSP00000379901,0.0,0.0,0.398,0.407
1822,ATN1,GAPDH,9606.ENSP00000379915,9606.ENSP00000380070,0.095,0.0,0.485,0.513
3611,ILK,GAPDH,9606.ENSP00000379975,9606.ENSP00000380070,0.084,0.0,0.443,0.493
51147,ING4,GAPDH,9606.ENSP00000380024,9606.ENSP00000380070,0.0,0.0,0.456,0.456
10521,DDX17,GAPDH,9606.ENSP00000380033,9606.ENSP00000380070,0.046,0.114,0.335,0.402
54925,ZSCAN32,ZNF213,9606.ENSP00000380061,9606.ENSP00000380087,0.828,0.0,0.0,0.839
2597,GAPDH,IRF9,9606.ENSP00000380070,9606.ENSP00000380073,0.0,0.0,0.401,0.402
91151,TIGD7,ZNF213,9606.ENSP00000380071,9606.ENSP00000380087,0.0,0.0,0.419,0.423
3676,ITGA4,PTK2B,9606.ENSP00000380227,9606.ENSP00000380638,0.0,0.9,0.175,0.917
1781,DYNC1I2,PAFAH1B1,9606.ENSP00000380308,9606.ENSP00000380378,0.734,0.8,0.409,0.972
1781,DYNC1I2,MRPL23,9606.ENSP00000380308,9606.ENSP00000380466,0.0,0.0,0.497,0.51
1781,DYNC1I2,BICDL1,9606.ENSP00000380308,9606.ENSP00000380690,0.9,0.0,0.247,0.921
7289,TULP3,TCTN1,9606.ENSP00000380321,9606.ENSP00000380779,0.0,0.0,0.406,0.419
317781,DDX51,ARL16,9606.ENSP00000380495,9606.ENSP00000380635,0.071,0.0,0.0,0.421
283232,TMEM80,TCTN1,9606.ENSP00000380646,9606.ENSP00000380779,0.0,0.0,0.417,0.428
92558,BICDL1,HOOK2,9606.ENSP00000380690,9606.ENSP00000380785,0.0,0.0,0.451,0.462
4784,NFIX,POLR3D,9606.ENSP00000380781,9606.ENSP00000380904,0.0,0.4,0.107,0.441
23365,ARHGEF12,KSR1,9606.ENSP00000380942,9606.ENSP00000381958,0.063,0.0,0.42,0.433
3689,ITGB2,MBP,9606.ENSP00000380948,9606.ENSP00000380958,0.0,0.0,0.498,0.538
3689,ITGB2,BCL2,9606.ENSP00000380948,9606.ENSP00000381185,0.0,0.0,0.559,0.589
3689,ITGB2,LCP1,9606.ENSP00000380948,9606.ENSP00000381581,0.292,0.0,0.233,0.741
3689,ITGB2,SHARPIN,9606.ENSP00000380948,9606.ENSP00000381698,0.292,0.0,0.175,0.406
4155,MBP,CTDSP2,9606.ENSP00000380958,9606.ENSP00000381148,0.45,0.0,0.0,0.451
339210,C17orf67,DOT1L,9606.ENSP00000380959,9606.ENSP00000381657,0.0,0.0,0.46,0.46
9933,PUM3,WDR4,9606.ENSP00000380982,9606.ENSP00000381266,0.0,0.0,0.0,0.427
162993,ZNF846,ZNF596,9606.ENSP00000380999,9606.ENSP00000381613,0.0,0.0,0.0,0.451
755,CFAP410,MX1,9606.ENSP00000381047,9606.ENSP00000381601,0.0,0.0,0.773,0.773
2047,EPHB1,GRIP1,9606.ENSP00000381097,9606.ENSP00000381098,0.097,0.0,0.523,0.551
23426,GRIP1,RGPD2,9606.ENSP00000381098,9606.ENSP00000381214,0.0,0.0,0.581,0.581
23426,GRIP1,NSF,9606.ENSP00000381098,9606.ENSP00000381293,0.069,0.4,0.305,0.577
596,BCL2,CST3,9606.ENSP00000381185,9606.ENSP00000381448,0.294,0.0,0.281,0.47
596,BCL2,GSTP1,9606.ENSP00000381185,9606.ENSP00000381607,0.0,0.0,0.433,0.433
81502,HM13,SELENOS,9606.ENSP00000381237,9606.ENSP00000381282,0.0,0.72,0.0,0.729
6925,TCF4,RPRD1A,9606.ENSP00000381382,9606.ENSP00000381984,0.0,0.0,0.462,0.462
8545,CGGBP1,GIN1,9606.ENSP00000381429,9606.ENSP00000381970,0.077,0.0,0.491,0.518
4356,MPP3,TTC3,9606.ENSP00000381430,9606.ENSP00000381981,0.084,0.126,0.32,0.408
5634,PRPS2,ATP5F1A,9606.ENSP00000381504,9606.ENSP00000381736,0.047,0.0,0.217,0.434
1453,CSNK1D,SEC24A,9606.ENSP00000381531,9606.ENSP00000381823,0.112,0.4,0.101,0.489
7322,UBE2D2,TTC3,9606.ENSP00000381717,9606.ENSP00000381981,0.494,0.0,0.12,0.544
498,ATP5F1A,TOMM6,9606.ENSP00000381736,9606.ENSP00000381859,0.0,0.4,0.0,0.403
1500,CTNND1,ROCK1,9606.ENSP00000382004,9606.ENSP00000382697,0.046,0.0,0.665,0.675
51451,LCMT1,PPP4R1,9606.ENSP00000382021,9606.ENSP00000383402,0.122,0.0,0.448,0.495
9980,DOP1B,MRPS6,9606.ENSP00000382104,9606.ENSP00000382250,0.0,0.0,0.517,0.517
9980,DOP1B,MORC3,9606.ENSP00000382104,9606.ENSP00000383333,0.0,0.0,0.278,0.413
150209,AIFM3,MRPS6,9606.ENSP00000382120,9606.ENSP00000382250,0.319,0.0,0.091,0.4
150209,AIFM3,ZNF74,9606.ENSP00000382120,9606.ENSP00000383301,0.062,0.0,0.42,0.435
150209,AIFM3,TXNRD2,9606.ENSP00000382120,9606.ENSP00000383365,0.046,0.265,0.272,0.479
221037,JMJD1C,KDM5A,9606.ENSP00000382204,9606.ENSP00000382688,0.0,0.0,0.426,0.444
221037,JMJD1C,KDM1A,9606.ENSP00000382204,9606.ENSP00000383042,0.0,0.0,0.482,0.486
221037,JMJD1C,TXNRD2,9606.ENSP00000382204,9606.ENSP00000383365,0.0,0.0,0.426,0.426
125150,ZSWIM7,KDM1A,9606.ENSP00000382218,9606.ENSP00000383042,0.0,0.9,0.0,0.9
3753,KCNE1,NEDD4L,9606.ENSP00000382226,9606.ENSP00000383199,0.0,0.0,0.616,0.616
25831,HECTD1,USP47,9606.ENSP00000382269,9606.ENSP00000382382,0.0,0.0,0.135,0.463
55031,USP47,USP25,9606.ENSP00000382382,9606.ENSP00000383044,0.0,0.0,0.227,0.436
128977,C22orf39,L3MBTL4,9606.ENSP00000382474,9606.ENSP00000382976,0.089,0.0,0.489,0.515
128977,C22orf39,COLEC12,9606.ENSP00000382474,9606.ENSP00000383115,0.095,0.0,0.397,0.43
128977,C22orf39,ZNF74,9606.ENSP00000382474,9606.ENSP00000383301,0.0,0.0,0.419,0.43
5927,KDM5A,KDM1A,9606.ENSP00000382688,9606.ENSP00000383042,0.112,0.0,0.814,0.836
6093,ROCK1,MYL5,9606.ENSP00000382697,9606.ENSP00000383023,0.099,0.9,0.046,0.906
571,BACH1,RFPL2,9606.ENSP00000382805,9606.ENSP00000383096,0.422,0.0,0.0,0.422
57096,RPGRIP1,L3MBTL4,9606.ENSP00000382895,9606.ENSP00000382976,0.06,0.0,0.408,0.42
2280,FKBP1A,RBM11,9606.ENSP00000383003,9606.ENSP00000383421,0.432,0.0,0.064,0.453
29761,USP25,NEDD4L,9606.ENSP00000383044,9606.ENSP00000383199,0.289,0.0,0.231,0.444
54039,PCBP3,RBM11,9606.ENSP00000383168,9606.ENSP00000383421,0.0,0.0,0.473,0.473
23327,NEDD4L,UBE2J2,9606.ENSP00000383199,9606.ENSP00000383719,0.359,0.0,0.168,0.444
51686,OAZ3,PSME4,9606.ENSP00000383784,9606.ENSP00000384211,0.0,0.4,0.156,0.472
26099,SZRD1,SNU13,9606.ENSP00000383866,9606.ENSP00000383949,0.0,0.0,0.0,0.511
55252,ASXL2,CBX6,9606.ENSP00000383920,9606.ENSP00000384490,0.089,0.54,0.068,0.593
55252,ASXL2,ZBTB40,9606.ENSP00000383920,9606.ENSP00000384527,0.046,0.0,0.107,0.434
643418,LIPN,POMC,9606.ENSP00000383923,9606.ENSP00000384092,0.0,0.0,0.498,0.498
79174,CRELD2,DERL3,9606.ENSP00000383938,9606.ENSP00000384744,0.0,0.0,0.53,0.623
4809,SNU13,WDR43,9606.ENSP00000383949,9606.ENSP00000384302,0.977,0.5,0.562,0.996
4809,SNU13,XPO1,9606.ENSP00000383949,9606.ENSP00000384863,0.069,0.0,0.315,0.419
9612,NCOR2,RELA,9606.ENSP00000384018,9606.ENSP00000384273,0.63,0.0,0.344,0.76
9612,NCOR2,BCL6,9606.ENSP00000384018,9606.ENSP00000384371,0.989,0.0,0.991,0.999
9612,NCOR2,CDKN1A,9606.ENSP00000384018,9606.ENSP00000384849,0.292,0.0,0.305,0.487
9612,NCOR2,ESRRA,9606.ENSP00000384018,9606.ENSP00000384851,0.289,0.5,0.216,0.705
22976,PAXIP1,PARG,9606.ENSP00000384048,9606.ENSP00000384408,0.0,0.0,0.326,0.407
1439,CSF2RB,SOS1,9606.ENSP00000384053,9606.ENSP00000384675,0.0,0.4,0.0,0.409
5443,POMC,HCRTR1,9606.ENSP00000384092,9606.ENSP00000384387,0.094,0.0,0.653,0.684
5443,POMC,ADCY3,9606.ENSP00000384092,9606.ENSP00000384484,0.0,0.0,0.554,0.554
5443,POMC,ARNTL,9606.ENSP00000384092,9606.ENSP00000384517,0.0,0.0,0.49,0.52
8450,CUL4B,INO80D,9606.ENSP00000384109,9606.ENSP00000384198,0.0,0.4,0.0,0.4
8450,CUL4B,KMT5A,9606.ENSP00000384109,9606.ENSP00000384629,0.099,0.0,0.455,0.493
388284,C16orf86,CASTOR1,9606.ENSP00000384117,9606.ENSP00000384183,0.0,0.0,0.518,0.519
55614,KIF16B,BTBD3,9606.ENSP00000384164,9606.ENSP00000384545,0.0,0.0,0.43,0.443
23198,PSME4,RELA,9606.ENSP00000384211,9606.ENSP00000384273,0.041,0.4,0.047,0.413
23198,PSME4,FBXO11,9606.ENSP00000384211,9606.ENSP00000384823,0.0,0.0,0.363,0.446
5970,RELA,BCL6,9606.ENSP00000384273,9606.ENSP00000384371,0.095,0.0,0.384,0.433
5970,RELA,IFRD1,9606.ENSP00000384273,9606.ENSP00000384477,0.0,0.0,0.474,0.478
5970,RELA,CDKN1A,9606.ENSP00000384273,9606.ENSP00000384849,0.512,0.0,0.439,0.745
129787,TMEM18,ADCY3,9606.ENSP00000384347,9606.ENSP00000384484,0.0,0.0,0.447,0.447
200315,APOBEC3A,CBX6,9606.ENSP00000384359,9606.ENSP00000384490,0.0,0.0,0.543,0.595
604,BCL6,FBXO11,9606.ENSP00000384371,9606.ENSP00000384823,0.626,0.0,0.494,0.805
604,BCL6,CDKN1A,9606.ENSP00000384371,9606.ENSP00000384849,0.045,0.0,0.624,0.636
140606,SELENOM,PSTK,9606.ENSP00000384564,9606.ENSP00000384653,0.0,0.0,0.487,0.487
10437,IFI30,CD14,9606.ENSP00000384886,9606.ENSP00000385519,0.0,0.0,0.0,0.478
54815,GATAD2A,MTA3,9606.ENSP00000384899,9606.ENSP00000385823,0.844,0.72,0.913,0.995
5831,PYCR1,POLR2F,9606.ENSP00000384949,9606.ENSP00000385725,0.0,0.0,0.608,0.643
5831,PYCR1,SMS,9606.ENSP00000384949,9606.ENSP00000385746,0.0,0.0,0.415,0.447
6183,MRPS12,SLC25A19,9606.ENSP00000384952,9606.ENSP00000385312,0.268,0.0,0.115,0.405
6183,MRPS12,POLR2F,9606.ENSP00000384952,9606.ENSP00000385725,0.429,0.0,0.327,0.928
3796,KIF2A,KIF3A,9606.ENSP00000385000,9606.ENSP00000385808,0.0,0.54,0.248,0.652
51078,THAP4,ANKMY1,9606.ENSP00000385006,9606.ENSP00000385887,0.0,0.0,0.562,0.565
8911,CACNA1I,RASGRP3,9606.ENSP00000385019,9606.ENSP00000385886,0.0,0.65,0.0,0.65
60489,APOBEC3G,APOBEC3H,9606.ENSP00000385057,9606.ENSP00000385741,0.0,0.0,0.342,0.42
130540,FLACC1,ZNF155,9606.ENSP00000385098,9606.ENSP00000385163,0.0,0.0,0.431,0.431
8648,NCOA1,PPARA,9606.ENSP00000385216,9606.ENSP00000385523,0.985,0.5,0.784,0.998
1994,ELAVL1,IL6,9606.ENSP00000385269,9606.ENSP00000385675,0.0,0.0,0.611,0.611
24146,CLDN15,CLDN5,9606.ENSP00000385300,9606.ENSP00000385477,0.0,0.65,0.15,0.694
9221,NOLC1,POP1,9606.ENSP00000385410,9606.ENSP00000385787,0.0,0.36,0.0,0.422
58484,NLRC4,IL6,9606.ENSP00000385428,9606.ENSP00000385675,0.0,0.0,0.59,0.59
4192,MDK,IL6,9606.ENSP00000385451,9606.ENSP00000385675,0.0,0.0,0.407,0.407
7122,CLDN5,IL6,9606.ENSP00000385477,9606.ENSP00000385675,0.0,0.0,0.708,0.708
929,CD14,IL6,9606.ENSP00000385519,9606.ENSP00000385675,0.0,0.0,0.39,0.403
5465,PPARA,IL6,9606.ENSP00000385523,9606.ENSP00000385675,0.0,0.0,0.712,0.722
26173,INTS1,POLR2F,9606.ENSP00000385722,9606.ENSP00000385725,0.835,0.0,0.0,0.836
5435,POLR2F,PRKAR1B,9606.ENSP00000385725,9606.ENSP00000385749,0.412,0.0,0.114,0.456
51281,ANKMY1,NUCB1,9606.ENSP00000385887,9606.ENSP00000385923,0.0,0.0,0.4,0.4
6208,RPS14,NGDN,9606.ENSP00000385958,9606.ENSP00000386134,0.967,0.0,0.0,0.97
6208,RPS14,MCC,9606.ENSP00000385958,9606.ENSP00000386227,0.482,0.0,0.0,0.482
6208,RPS14,PSMD14,9606.ENSP00000385958,9606.ENSP00000386541,0.255,0.0,0.212,0.518
6208,RPS14,RPL36A-HNRNPH2,9606.ENSP00000385958,9606.ENSP00000386655,0.58,0.0,0.072,0.837
6208,RPS14,RPL31,9606.ENSP00000385958,9606.ENSP00000386717,0.985,0.0,0.59,0.999
55777,MBD5,ZC3H6,9606.ENSP00000386049,9606.ENSP00000386764,0.091,0.0,0.116,0.585
25983,NGDN,RBM34,9606.ENSP00000386134,9606.ENSP00000386226,0.045,0.0,0.047,0.639
25983,NGDN,MCC,9606.ENSP00000386134,9606.ENSP00000386227,0.747,0.0,0.217,0.912
441150,C6orf226,MZT2B,9606.ENSP00000386146,9606.ENSP00000386419,0.0,0.0,0.48,0.504
1052,CEBPD,ZNF638,9606.ENSP00000386165,9606.ENSP00000386433,0.045,0.0,0.527,0.528
23029,RBM34,SSB,9606.ENSP00000386226,9606.ENSP00000386636,0.219,0.0,0.044,0.571
84173,ELMOD3,TGOLN2,9606.ENSP00000386248,9606.ENSP00000386443,0.0,0.0,0.279,0.556
50489,CD207,CD8A,9606.ENSP00000386378,9606.ENSP00000386559,0.0,0.0,0.624,0.629
3554,IL1R1,CD8A,9606.ENSP00000386380,9606.ENSP00000386559,0.0,0.0,0.583,0.583
27332,ZNF638,SETD2,9606.ENSP00000386433,9606.ENSP00000386759,0.071,0.0,0.114,0.402
10618,TGOLN2,ATG9A,9606.ENSP00000386443,9606.ENSP00000386710,0.238,0.0,0.403,0.529
55660,PRPF40A,PBRM1,9606.ENSP00000386458,9606.ENSP00000386593,0.069,0.0,0.383,0.578
55660,PRPF40A,SSB,9606.ENSP00000386458,9606.ENSP00000386636,0.0,0.0,0.049,0.516
55660,PRPF40A,SETD2,9606.ENSP00000386458,9606.ENSP00000386759,0.077,0.0,0.797,0.823
84524,ZC3H8,AFF3,9606.ENSP00000386488,9606.ENSP00000386834,0.091,0.54,0.116,0.6
10213,PSMD14,SSB,9606.ENSP00000386541,9606.ENSP00000386636,0.0,0.0,0.0,0.475
9581,PREPL,DPAGT1,9606.ENSP00000386543,9606.ENSP00000386597,0.0,0.0,0.581,0.583
55193,PBRM1,SETD2,9606.ENSP00000386593,9606.ENSP00000386759,0.091,0.0,0.857,0.906
6741,SSB,RPL31,9606.ENSP00000386636,9606.ENSP00000386717,0.444,0.0,0.0,0.563
100529097,RPL36A-HNRNPH2,RPL31,9606.ENSP00000386655,9606.ENSP00000386717,0.785,0.0,0.314,0.968
55818,KDM3A,SETD2,9606.ENSP00000386660,9606.ENSP00000386759,0.0,0.0,0.376,0.446
6160,RPL31,TBC1D8,9606.ENSP00000386717,9606.ENSP00000386856,0.0,0.0,0.434,0.434
64708,COPS7B,UBA52,9606.ENSP00000386880,9606.ENSP00000388107,0.0,0.5,0.0,0.504
7852,CXCR4,ITGA6,9606.ENSP00000386884,9606.ENSP00000386896,0.0,0.0,0.474,0.482
7852,CXCR4,CREB1,9606.ENSP00000386884,9606.ENSP00000387699,0.045,0.0,0.37,0.403
7852,CXCR4,EOMES,9606.ENSP00000386884,9606.ENSP00000388620,0.0,0.0,0.405,0.41
2274,FHL2,CREB1,9606.ENSP00000386892,9606.ENSP00000387699,0.292,0.0,0.473,0.613
57533,TBC1D14,RAB1A,9606.ENSP00000386921,9606.ENSP00000387286,0.0,0.0,0.472,0.476
151525,WDSUB1,UBE4A,9606.ENSP00000387078,9606.ENSP00000387362,0.0,0.0,0.398,0.414
501,ALDH7A1,CREB1,9606.ENSP00000387123,9606.ENSP00000387699,0.0,0.0,0.541,0.541
84984,CEP19,RABL2A,9606.ENSP00000387209,9606.ENSP00000387229,0.741,0.0,0.808,0.948
8809,IL18R1,EOMES,9606.ENSP00000387211,9606.ENSP00000388620,0.0,0.0,0.418,0.47
27247,NFU1,CIAO2B,9606.ENSP00000387219,9606.ENSP00000387471,0.0,0.0,0.472,0.481
10746,MAP3K2,CREB1,9606.ENSP00000387246,9606.ENSP00000387699,0.0,0.0,0.291,0.404
10989,IMMT,UBE4A,9606.ENSP00000387262,9606.ENSP00000387362,0.0,0.0,0.254,0.41
10989,IMMT,OGDH,9606.ENSP00000387262,9606.ENSP00000388183,0.094,0.0,0.263,0.517
3267,AGFG1,RAB1A,9606.ENSP00000387282,9606.ENSP00000387286,0.0,0.0,0.712,0.732
3267,AGFG1,UBA52,9606.ENSP00000387282,9606.ENSP00000388107,0.0,0.5,0.0,0.499
5861,RAB1A,FUT2,9606.ENSP00000387286,9606.ENSP00000387498,0.052,0.0,0.394,0.4
1385,CREB1,RARG,9606.ENSP00000387699,9606.ENSP00000388510,0.046,0.0,0.451,0.463
5073,PARN,CSTF2,9606.ENSP00000387911,9606.ENSP00000387996,0.292,0.0,0.257,0.467
84942,WDR73,UBA52,9606.ENSP00000387982,9606.ENSP00000388107,0.45,0.0,0.0,0.454
4938,OAS1,SEC61G,9606.ENSP00000388001,9606.ENSP00000388337,0.0,0.0,0.4,0.403
7311,UBA52,SEC61G,9606.ENSP00000388107,9606.ENSP00000388337,0.858,0.0,0.0,0.883
1975,EIF4B,RPSA,9606.ENSP00000388806,9606.ENSP00000389351,0.429,0.0,0.149,0.563
65250,CPLANE1,TMEM67,9606.ENSP00000389014,9606.ENSP00000389998,0.0,0.0,0.72,0.729
6147,RPL23A,RPSA,9606.ENSP00000389103,9606.ENSP00000389351,0.995,0.0,0.695,0.999
6147,RPL23A,RPL39L,9606.ENSP00000389103,9606.ENSP00000389356,0.842,0.0,0.468,0.985
6147,RPL23A,C12orf65,9606.ENSP00000389103,9606.ENSP00000390647,0.513,0.0,0.236,0.628
126328,NDUFA11,ATP5PF,9606.ENSP00000389160,9606.ENSP00000389649,0.0,0.0,0.408,0.588
126328,NDUFA11,CTU1,9606.ENSP00000389160,9606.ENSP00000390011,0.0,0.467,0.109,0.505
56913,C1GALT1,SLC14A1,9606.ENSP00000389176,9606.ENSP00000390637,0.0,0.0,0.435,0.473
56913,C1GALT1,B3GALT4,9606.ENSP00000389176,9606.ENSP00000390784,0.0,0.0,0.578,0.578
3921,RPSA,RPL39L,9606.ENSP00000389351,9606.ENSP00000389356,0.842,0.0,0.392,0.968
3921,RPSA,C12orf65,9606.ENSP00000389351,9606.ENSP00000390647,0.401,0.0,0.081,0.494
404281,YY2,UBAP2L,9606.ENSP00000389381,9606.ENSP00000389445,0.112,0.54,0.046,0.576
5701,PSMC2,RPS18,9606.ENSP00000391211,9606.ENSP00000393241,0.071,0.0,0.078,0.686
10801,SEPTIN9,SEPTIN5,9606.ENSP00000391249,9606.ENSP00000391311,0.753,0.72,0.183,0.942
7086,TKT,EFTUD2,9606.ENSP00000391481,9606.ENSP00000392094,0.124,0.0,0.181,0.512
64098,PARVG,PTPN6,9606.ENSP00000391583,9606.ENSP00000391592,0.047,0.0,0.305,0.479
5777,PTPN6,HLA-DPA1,9606.ENSP00000391592,9606.ENSP00000393566,0.0,0.5,0.125,0.602
55707,NECAP2,REPS1,9606.ENSP00000391942,9606.ENSP00000392065,0.0,0.5,0.0,0.504
55707,NECAP2,EPS15L1,9606.ENSP00000391942,9606.ENSP00000393313,0.453,0.54,0.376,0.832
55636,CHD7,EFTUD2,9606.ENSP00000392028,9606.ENSP00000392094,0.095,0.0,0.401,0.446
55636,CHD7,SMARCD2,9606.ENSP00000392028,9606.ENSP00000392617,0.339,0.0,0.174,0.431
55636,CHD7,FGFR1,9606.ENSP00000392028,9606.ENSP00000393312,0.053,0.0,0.713,0.719
9343,EFTUD2,RPS18,9606.ENSP00000392094,9606.ENSP00000393241,0.767,0.0,0.281,0.949
9343,EFTUD2,SNRPG,9606.ENSP00000392094,9606.ENSP00000393388,0.996,0.9,0.299,0.999
5537,PPP6C,PPP5D1,9606.ENSP00000392147,9606.ENSP00000392262,0.087,0.0,0.0,0.477
11171,STRAP,SNRPG,9606.ENSP00000392270,9606.ENSP00000393388,0.097,0.9,0.0,0.916
10134,BCAP31,PACS2,9606.ENSP00000392330,9606.ENSP00000393559,0.0,0.0,0.99,0.99
6399,TRAPPC2,EPS15L1,9606.ENSP00000392495,9606.ENSP00000393313,0.455,0.0,0.052,0.466
119016,AGAP4,POTEI,9606.ENSP00000392513,9606.ENSP00000392718,0.0,0.0,0.403,0.403
84513,PLPP5,FGFR1,9606.ENSP00000392553,9606.ENSP00000393312,0.0,0.0,0.4,0.415
4719,NDUFS1,HTATIP2,9606.ENSP00000392709,9606.ENSP00000392985,0.571,0.253,0.163,0.806
23533,PIK3R5,LPAR5,9606.ENSP00000392812,9606.ENSP00000393098,0.0,0.65,0.05,0.673
26086,GPSM1,LPAR5,9606.ENSP00000392828,9606.ENSP00000393098,0.0,0.4,0.0,0.4
81542,TMX1,PACS2,9606.ENSP00000393316,9606.ENSP00000393559,0.0,0.0,0.412,0.412
57448,BIRC6,NSD1,9606.ENSP00000393596,9606.ENSP00000395929,0.085,0.0,0.075,0.46
285172,FAM126B,BZW1,9606.ENSP00000393667,9606.ENSP00000394316,0.0,0.0,0.479,0.486
374986,MIGA1,CDKN2AIPNL,9606.ENSP00000393675,9606.ENSP00000394183,0.0,0.0,0.311,0.461
2664,GDI1,MECP2,9606.ENSP00000394071,9606.ENSP00000395535,0.0,0.0,0.739,0.781
28991,COMMD5,IFI35,9606.ENSP00000394331,9606.ENSP00000395590,0.477,0.0,0.0,0.481
23603,CORO1C,DHFR,9606.ENSP00000394496,9606.ENSP00000396308,0.0,0.352,0.177,0.455
5601,MAPK9,BTBD19,9606.ENSP00000394560,9606.ENSP00000395461,0.451,0.0,0.066,0.478
5601,MAPK9,RAPGEF3,9606.ENSP00000394560,9606.ENSP00000395708,0.0,0.9,0.104,0.907
4988,OPRM1,IPCEF1,9606.ENSP00000394624,9606.ENSP00000394751,0.0,0.0,0.605,0.608
4988,OPRM1,MECP2,9606.ENSP00000394624,9606.ENSP00000395535,0.0,0.4,0.349,0.592
79137,RETREG2,GNL3,9606.ENSP00000395249,9606.ENSP00000395772,0.212,0.0,0.116,0.511
4204,MECP2,NSD1,9606.ENSP00000395535,9606.ENSP00000395929,0.29,0.0,0.332,0.528
6924,ELOA,IFI35,9606.ENSP00000395574,9606.ENSP00000395590,0.439,0.0,0.0,0.439
3430,IFI35,GNL3,9606.ENSP00000395590,9606.ENSP00000395772,0.54,0.0,0.257,0.656
27037,TRMT2A,GNL3,9606.ENSP00000395738,9606.ENSP00000395772,0.0,0.0,0.108,0.428
26354,GNL3,GPATCH4,9606.ENSP00000395772,9606.ENSP00000396441,0.091,0.0,0.048,0.475
51368,TEX264,CALCOCO2,9606.ENSP00000396628,9606.ENSP00000398523,0.0,0.0,0.435,0.439
721,C4A,TNF,9606.ENSP00000396688,9606.ENSP00000398698,0.0,0.0,0.506,0.506
721,C4A,HLA-B,9606.ENSP00000396688,9606.ENSP00000399168,0.0,0.0,0.87,0.875
55683,KANSL3,ACTL6A,9606.ENSP00000396749,9606.ENSP00000397552,0.0,0.72,0.0,0.731
5719,PSMD13,TNF,9606.ENSP00000396937,9606.ENSP00000398698,0.0,0.4,0.071,0.418
22893,BAHD1,ATXN7L3,9606.ENSP00000396976,9606.ENSP00000397259,0.0,0.0,0.0,0.772
64282,TENT4B,TENT2,9606.ENSP00000396995,9606.ENSP00000397563,0.0,0.0,0.512,0.528
64282,TENT4B,EXOSC6,9606.ENSP00000396995,9606.ENSP00000398597,0.087,0.0,0.513,0.561
28969,BZW2,SNX13,9606.ENSP00000397249,9606.ENSP00000398789,0.0,0.0,0.56,0.57
91801,ALKBH8,ALKBH2,9606.ENSP00000397673,9606.ENSP00000398181,0.0,0.0,0.832,0.835
100303755,PET117,HIGD1A,9606.ENSP00000397881,9606.ENSP00000398064,0.0,0.0,0.467,0.467
56616,DIABLO-2,TNF,9606.ENSP00000398495,9606.ENSP00000398698,0.0,0.0,0.635,0.635
10241,CALCOCO2,TNF,9606.ENSP00000398523,9606.ENSP00000398698,0.292,0.0,0.262,0.455
5551,PRF1,CD44,9606.ENSP00000398568,9606.ENSP00000398632,0.0,0.0,0.548,0.57
5551,PRF1,ITK,9606.ENSP00000398568,9606.ENSP00000398655,0.084,0.0,0.371,0.602
5551,PRF1,TNF,9606.ENSP00000398568,9606.ENSP00000398698,0.065,0.0,0.793,0.808
5551,PRF1,HLA-B,9606.ENSP00000398568,9606.ENSP00000399168,0.0,0.0,0.507,0.643
960,CD44,ITK,9606.ENSP00000398632,9606.ENSP00000398655,0.0,0.0,0.549,0.571
960,CD44,TNF,9606.ENSP00000398632,9606.ENSP00000398698,0.0,0.0,0.811,0.822
3702,ITK,TNF,9606.ENSP00000398655,9606.ENSP00000398698,0.057,0.0,0.349,0.407
7124,TNF,HLA-B,9606.ENSP00000398698,9606.ENSP00000399168,0.0,0.0,0.733,0.761
3109,HLA-DMB,HLA-B,9606.ENSP00000398890,9606.ENSP00000399168,0.0,0.9,0.538,0.965
64837,KLC2,RHOA,9606.ENSP00000399403,9606.ENSP00000400175,0.095,0.5,0.116,0.566
64837,KLC2,CAPZB,9606.ENSP00000399403,9606.ENSP00000401010,0.068,0.5,0.042,0.518
883,KYAT1,MBIP,9606.ENSP00000399415,9606.ENSP00000399718,0.628,0.0,0.0,0.628
139716,GAB3,SHC1,9606.ENSP00000399588,9606.ENSP00000401303,0.0,0.5,0.259,0.613
51562,MBIP,TAF6,9606.ENSP00000399718,9606.ENSP00000399982,0.0,0.72,0.067,0.727
51562,MBIP,CAPZB,9606.ENSP00000399718,9606.ENSP00000401010,0.186,0.0,0.371,0.466
4343,MOV10,EWSR1,9606.ENSP00000399797,9606.ENSP00000400142,0.0,0.0,0.389,0.401
25904,CNOT10,CAPZB,9606.ENSP00000399862,9606.ENSP00000401010,0.56,0.0,0.0,0.563
79567,RIPOR1,RHOA,9606.ENSP00000400099,9606.ENSP00000400175,0.045,0.0,0.561,0.574
2130,EWSR1,HNRNPF,9606.ENSP00000400142,9606.ENSP00000400433,0.199,0.0,0.247,0.647
2130,EWSR1,SNRPE,9606.ENSP00000400142,9606.ENSP00000400591,0.166,0.0,0.061,0.572
2130,EWSR1,USP19,9606.ENSP00000400142,9606.ENSP00000401197,0.292,0.0,0.2,0.435
2130,EWSR1,TIA1,9606.ENSP00000400142,9606.ENSP00000401371,0.23,0.0,0.531,0.651
387,RHOA,GNA13,9606.ENSP00000400175,9606.ENSP00000400717,0.247,0.9,0.893,0.991
387,RHOA,SHC1,9606.ENSP00000400175,9606.ENSP00000401303,0.0,0.0,0.419,0.444
387,RHOA,LDB3,9606.ENSP00000400175,9606.ENSP00000401437,0.455,0.0,0.0,0.455
3185,HNRNPF,SNRPE,9606.ENSP00000400433,9606.ENSP00000400591,0.0,0.0,0.178,0.742
3185,HNRNPF,TIA1,9606.ENSP00000400433,9606.ENSP00000401371,0.091,0.5,0.369,0.709
79675,FASTKD1,PNPT1,9606.ENSP00000400513,9606.ENSP00000400646,0.0,0.0,0.377,0.404
6635,SNRPE,TIA1,9606.ENSP00000400591,9606.ENSP00000401371,0.315,0.0,0.216,0.46
87178,PNPT1,CTPS2,9606.ENSP00000400646,9606.ENSP00000401264,0.0,0.0,0.24,0.69
5905,RANGAP1,RANBP1,9606.ENSP00000401470,9606.ENSP00000401564,0.788,0.0,0.998,0.999
5905,RANGAP1,SENP6,9606.ENSP00000401470,9606.ENSP00000402527,0.055,0.0,0.847,0.85
5902,RANBP1,TANGO2,9606.ENSP00000401564,9606.ENSP00000403645,0.0,0.0,0.47,0.47
5894,RAF1,WDR83,9606.ENSP00000401888,9606.ENSP00000402653,0.292,0.5,0.213,0.697
5894,RAF1,BRAP,9606.ENSP00000401888,9606.ENSP00000403524,0.299,0.4,0.204,0.639
5894,RAF1,ARRB2,9606.ENSP00000401888,9606.ENSP00000403701,0.328,0.9,0.571,0.969
84154,RPF2,RPL6,9606.ENSP00000402338,9606.ENSP00000403172,0.634,0.0,0.207,0.746
84154,RPF2,AAMP,9606.ENSP00000402338,9606.ENSP00000403343,0.0,0.0,0.13,0.589
84154,RPF2,GAMT,9606.ENSP00000402338,9606.ENSP00000403536,0.0,0.0,0.0,0.77
84292,WDR83,AP4M1,9606.ENSP00000402653,9606.ENSP00000403663,0.0,0.0,0.0,0.534
7866,IFRD2,RPL6,9606.ENSP00000402849,9606.ENSP00000403172,0.75,0.0,0.0,0.758
9779,TBC1D5,AP2M1,9606.ENSP00000402935,9606.ENSP00000403362,0.481,0.0,0.0,0.495
6128,RPL6,MRPL55,9606.ENSP00000403172,9606.ENSP00000403614,0.0,0.0,0.554,0.586
1173,AP2M1,AP4M1,9606.ENSP00000403362,9606.ENSP00000403663,0.135,0.9,0.186,0.925
1173,AP2M1,ARRB2,9606.ENSP00000403362,9606.ENSP00000403701,0.292,0.5,0.232,0.717
4957,ODF2,CC2D2A,9606.ENSP00000403453,9606.ENSP00000403465,0.051,0.0,0.632,0.636
409,ARRB2,DISC1,9606.ENSP00000403701,9606.ENSP00000403888,0.0,0.0,0.534,0.55
219899,TBCEL,HEMK1,9606.ENSP00000403925,9606.ENSP00000404843,0.0,0.0,0.461,0.461
119710,C11orf74,IFT140,9606.ENSP00000403937,9606.ENSP00000406012,0.833,0.0,0.108,0.844
222068,TMED4,TMED7,9606.ENSP00000404042,9606.ENSP00000405926,0.338,0.0,0.318,0.594
25822,DNAJB5,VGLL4,9606.ENSP00000404079,9606.ENSP00000404251,0.0,0.0,0.418,0.418
25822,DNAJB5,DNAJC7,9606.ENSP00000404079,9606.ENSP00000406463,0.477,0.0,0.172,0.556
79677,SMC6,SUMO2,9606.ENSP00000404092,9606.ENSP00000405965,0.185,0.0,0.362,0.473
79677,SMC6,PMS1,9606.ENSP00000404092,9606.ENSP00000406490,0.0,0.0,0.29,0.453
3609,ILF3,DHX30,9606.ENSP00000404121,9606.ENSP00000405620,0.428,0.0,0.233,0.688
3609,ILF3,PRMT1,9606.ENSP00000404121,9606.ENSP00000406162,0.614,0.0,0.209,0.777
80173,IFT74,IFT140,9606.ENSP00000404122,9606.ENSP00000406012,0.0,0.54,0.729,0.876
7039,TGFA,TRPV4,9606.ENSP00000404131,9606.ENSP00000406191,0.0,0.0,0.408,0.41
7039,TGFA,EPN1,9606.ENSP00000404131,9606.ENSP00000406209,0.0,0.5,0.104,0.532
29127,RACGAP1,CDC45,9606.ENSP00000404190,9606.ENSP00000405726,0.0,0.0,0.165,0.544
79982,DNAJB14,DNAJC7,9606.ENSP00000404381,9606.ENSP00000406463,0.482,0.0,0.174,0.583
27113,BBC3,EZH1,9606.ENSP00000404503,9606.ENSP00000404658,0.0,0.0,0.423,0.427
51409,HEMK1,TMEM120B,9606.ENSP00000404843,9606.ENSP00000404991,0.0,0.0,0.0,0.426
55074,OXR1,PRMT1,9606.ENSP00000405424,9606.ENSP00000406162,0.0,0.0,0.45,0.459
84148,KAT8,TAF1,9606.ENSP00000406037,9606.ENSP00000406549,0.071,0.9,0.389,0.939
64943,NT5DC2,BRD1,9606.ENSP00000406933,9606.ENSP00000410042,0.421,0.0,0.0,0.421
54900,LAX1,NUGGC,9606.ENSP00000406970,9606.ENSP00000408697,0.0,0.0,0.416,0.45
10969,EBNA1BP2,CMSS1,9606.ENSP00000407323,9606.ENSP00000410396,0.0,0.0,0.0,0.534
10908,PNPLA6,OTUD4,9606.ENSP00000407509,9606.ENSP00000409279,0.0,0.0,0.542,0.546
10908,PNPLA6,ZFYVE27,9606.ENSP00000407509,9606.ENSP00000409594,0.0,0.0,0.419,0.501
9278,ZBTB22,FBP1,9606.ENSP00000407545,9606.ENSP00000408025,0.045,0.0,0.811,0.812
3265,HRAS,PRKCA,9606.ENSP00000407586,9606.ENSP00000408695,0.0,0.9,0.373,0.937
3265,HRAS,ARRB1,9606.ENSP00000407586,9606.ENSP00000409581,0.0,0.5,0.136,0.558
64854,USP46,USP53,9606.ENSP00000407818,9606.ENSP00000409906,0.0,0.0,0.422,0.434
9351,SLC9A3R2,PRKCA,9606.ENSP00000408005,9606.ENSP00000408695,0.341,0.0,0.569,0.709
9351,SLC9A3R2,TOMM40,9606.ENSP00000408005,9606.ENSP00000410339,0.424,0.0,0.0,0.425
5985,RFC5,CHTF8,9606.ENSP00000408295,9606.ENSP00000408367,0.795,0.9,0.978,0.999
5578,PRKCA,MAP2K4,9606.ENSP00000408695,9606.ENSP00000410402,0.0,0.9,0.121,0.909
84897,TBRG1,ZNF740,9606.ENSP00000409016,9606.ENSP00000409463,0.055,0.0,0.625,0.634
80006,TRAPPC13,RBM18,9606.ENSP00000409231,9606.ENSP00000409315,0.0,0.0,0.0,0.443
54726,OTUD4,USP53,9606.ENSP00000409279,9606.ENSP00000409906,0.0,0.0,0.403,0.431
92400,RBM18,CFAP97,9606.ENSP00000409315,9606.ENSP00000409964,0.0,0.0,0.439,0.463
408,ARRB1,MAP2K4,9606.ENSP00000409581,9606.ENSP00000410402,0.198,0.9,0.527,0.958
55591,VEZT,AK9,9606.ENSP00000410083,9606.ENSP00000410186,0.046,0.0,0.133,0.448
79101,TAF1D,MBD3,9606.ENSP00000410409,9606.ENSP00000412302,0.0,0.4,0.0,0.4
3925,STMN1,TOP2A,9606.ENSP00000410452,9606.ENSP00000411532,0.046,0.0,0.415,0.588
4050,LTB,PTPRC,9606.ENSP00000410481,9606.ENSP00000411355,0.0,0.0,0.399,0.559
1018,CDK3,TOP2A,9606.ENSP00000410561,9606.ENSP00000411532,0.053,0.0,0.175,0.439
60312,AFAP1,FNDC3B,9606.ENSP00000410689,9606.ENSP00000411242,0.0,0.0,0.492,0.493
9732,DOCK4,DNTTIP2,9606.ENSP00000410746,9606.ENSP00000411010,0.44,0.0,0.052,0.489
23658,LSM5,SNRPB,9606.ENSP00000410758,9606.ENSP00000412566,0.931,0.9,0.444,0.996
8439,NSMAF,GABARAPL1,9606.ENSP00000411012,9606.ENSP00000411256,0.383,0.0,0.145,0.456
64778,FNDC3B,RAB3GAP1,9606.ENSP00000411242,9606.ENSP00000411418,0.0,0.0,0.421,0.437
4140,MARK3,PPP2R5C,9606.ENSP00000411397,9606.ENSP00000412324,0.0,0.4,0.081,0.445
100534599,ISY1-RAB43,SNRPB,9606.ENSP00000411822,9606.ENSP00000412566,0.866,0.0,0.116,0.887
220929,ZNF438,IKZF2,9606.ENSP00000412363,9606.ENSP00000412869,0.0,0.0,0.425,0.425
390980,ZNF805,INTS2,9606.ENSP00000412999,9606.ENSP00000414237,0.0,0.0,0.477,0.499
23543,RBFOX2,PTBP3,9606.ENSP00000413035,9606.ENSP00000414921,0.292,0.0,0.298,0.481
80235,PIGZ,PIGG,9606.ENSP00000413405,9606.ENSP00000415203,0.071,0.0,0.741,0.749
85446,ZFHX2,INPP5K,9606.ENSP00000413418,9606.ENSP00000413937,0.0,0.0,0.423,0.423
6134,RPL10,RPS24,9606.ENSP00000413436,9606.ENSP00000414321,0.977,0.0,0.116,0.998
8453,CUL2,PSMA1,9606.ENSP00000414095,9606.ENSP00000414359,0.0,0.4,0.105,0.478
8453,CUL2,CBFB,9606.ENSP00000414095,9606.ENSP00000415151,0.188,0.0,0.458,0.548
8776,MTMR1,MAMLD1,9606.ENSP00000414178,9606.ENSP00000414517,0.047,0.0,0.875,0.882
8776,MTMR1,PRPSAP1,9606.ENSP00000414178,9606.ENSP00000414624,0.0,0.0,0.463,0.467
51164,DCTN4,KLC1,9606.ENSP00000414906,9606.ENSP00000414982,0.0,0.5,0.053,0.516
2650,GCNT1,GALNT11,9606.ENSP00000415454,9606.ENSP00000416787,0.0,0.9,0.29,0.926
5437,POLR2H,NDUFA5,9606.ENSP00000415536,9606.ENSP00000417142,0.507,0.0,0.115,0.548
5437,POLR2H,RRP1,9606.ENSP00000415536,9606.ENSP00000417464,0.0,0.0,0.0,0.409
948,CD36,SLC2A1,9606.ENSP00000415743,9606.ENSP00000416293,0.0,0.0,0.511,0.517
948,CD36,PHACTR2,9606.ENSP00000415743,9606.ENSP00000417038,0.0,0.4,0.064,0.423
948,CD36,HELZ2,9606.ENSP00000415743,9606.ENSP00000417401,0.0,0.5,0.066,0.513
5270,SERPINE2,SLC2A1,9606.ENSP00000415786,9606.ENSP00000416293,0.0,0.0,0.407,0.423
5265,SERPINA1,GOLGA2,9606.ENSP00000416066,9606.ENSP00000416097,0.0,0.5,0.1,0.53
5265,SERPINA1,HFE,9606.ENSP00000416066,9606.ENSP00000417404,0.0,0.0,0.419,0.423
2801,GOLGA2,GOLIM4,9606.ENSP00000416097,9606.ENSP00000417354,0.0,0.0,0.507,0.518
1981,EIF4G1,RPL32,9606.ENSP00000416255,9606.ENSP00000416429,0.0,0.0,0.416,0.426
1981,EIF4G1,DHX36,9606.ENSP00000416255,9606.ENSP00000417078,0.071,0.0,0.351,0.417
1981,EIF4G1,PUS7,9606.ENSP00000416255,9606.ENSP00000417402,0.427,0.0,0.177,0.555
7919,DDX39B,TRA2B,9606.ENSP00000416269,9606.ENSP00000416959,0.207,0.0,0.254,0.789
7919,DDX39B,DHX36,9606.ENSP00000416269,9606.ENSP00000417078,0.122,0.0,0.428,0.493
9927,MFN2,VAPB,9606.ENSP00000416338,9606.ENSP00000417175,0.0,0.0,0.855,0.87
6161,RPL32,RRP1,9606.ENSP00000416429,9606.ENSP00000417464,0.789,0.0,0.062,0.804
6161,RPL32,NMD3,9606.ENSP00000416429,9606.ENSP00000417559,0.919,0.0,0.074,0.926
9879,DDX46,ZC3H18,9606.ENSP00000416534,9606.ENSP00000416951,0.331,0.0,0.05,0.419
9879,DDX46,TRA2B,9606.ENSP00000416534,9606.ENSP00000416959,0.113,0.0,0.361,0.465
9879,DDX46,DHX36,9606.ENSP00000416534,9606.ENSP00000417078,0.122,0.0,0.365,0.476
9879,DDX46,PUS7,9606.ENSP00000416534,9606.ENSP00000417402,0.16,0.0,0.364,0.485
124245,ZC3H18,TRA2B,9606.ENSP00000416951,9606.ENSP00000416959,0.616,0.0,0.184,0.681
124245,ZC3H18,RRP1,9606.ENSP00000416951,9606.ENSP00000417464,0.292,0.0,0.044,0.405
10682,EBP,ATP6V1F,9606.ENSP00000417052,9606.ENSP00000417378,0.513,0.0,0.166,0.584
54517,PUS7,NMD3,9606.ENSP00000417402,9606.ENSP00000417559,0.184,0.0,0.144,0.484
8568,RRP1,NMD3,9606.ENSP00000417464,9606.ENSP00000417559,0.0,0.0,0.073,0.465
57620,STIM2,CALML4,9606.ENSP00000417569,9606.ENSP00000419081,0.0,0.0,0.707,0.707
286451,YIPF6,ALG2,9606.ENSP00000417573,9606.ENSP00000417764,0.091,0.0,0.349,0.453
286451,YIPF6,VAMP2,9606.ENSP00000417573,9606.ENSP00000418572,0.0,0.5,0.392,0.683
57129,MRPL47,MRPS22,9606.ENSP00000417602,9606.ENSP00000418008,0.829,0.0,0.337,0.934
57129,MRPL47,BTBD9,9606.ENSP00000417602,9606.ENSP00000418751,0.638,0.0,0.116,0.694
28988,DBNL,UBN2,9606.ENSP00000417653,9606.ENSP00000418648,0.442,0.0,0.0,0.442
8260,NAA10,RPL37A,9606.ENSP00000417763,9606.ENSP00000418082,0.319,0.0,0.0,0.425
440957,SMIM4,TIMMDC1,9606.ENSP00000417806,9606.ENSP00000418803,0.0,0.0,0.398,0.403
100130771,EFCAB10,TAFA1,9606.ENSP00000417841,9606.ENSP00000418575,0.0,0.0,0.403,0.403
8125,ANP32A,PPP2CA,9606.ENSP00000417864,9606.ENSP00000418447,0.292,0.0,0.784,0.851
5528,PPP2R5D,CACNA2D2,9606.ENSP00000417963,9606.ENSP00000418081,0.0,0.65,0.0,0.65
5528,PPP2R5D,PPP2CA,9606.ENSP00000417963,9606.ENSP00000418447,0.996,0.8,0.83,0.999
5528,PPP2R5D,BRAF,9606.ENSP00000417963,9606.ENSP00000419060,0.095,0.4,0.07,0.46
5528,PPP2R5D,CACNA2D3,9606.ENSP00000417963,9606.ENSP00000419101,0.0,0.65,0.0,0.65
79813,EHMT1,SMYD3,9606.ENSP00000417980,9606.ENSP00000419184,0.0,0.0,0.516,0.517
256356,GK5,SLC45A1,9606.ENSP00000418001,9606.ENSP00000418096,0.0,0.0,0.458,0.458
256356,GK5,CIAO1,9606.ENSP00000418001,9606.ENSP00000418287,0.0,0.0,0.367,0.403
256356,GK5,PSMD6,9606.ENSP00000418001,9606.ENSP00000418695,0.451,0.0,0.166,0.598
256356,GK5,MYSM1,9606.ENSP00000418001,9606.ENSP00000418734,0.304,0.0,0.166,0.467
9254,CACNA2D2,PPP2CA,9606.ENSP00000418081,9606.ENSP00000418447,0.0,0.65,0.052,0.66
9254,CACNA2D2,VAMP2,9606.ENSP00000418081,9606.ENSP00000418572,0.0,0.4,0.066,0.436
9254,CACNA2D2,CACNA2D3,9606.ENSP00000418081,9606.ENSP00000419101,0.07,0.54,0.516,0.779
6168,RPL37A,RPL7L1,9606.ENSP00000418082,9606.ENSP00000418221,0.904,0.0,0.25,0.987
6168,RPL37A,SRPRB,9606.ENSP00000418082,9606.ENSP00000418401,0.813,0.0,0.0,0.816
55388,MCM10,CDKN2A,9606.ENSP00000418268,9606.ENSP00000418915,0.689,0.0,0.441,0.824
55388,MCM10,BRCA1,9606.ENSP00000418268,9606.ENSP00000418960,0.439,0.0,0.55,0.849
58477,SRPRB,MYSM1,9606.ENSP00000418401,9606.ENSP00000418734,0.0,0.0,0.409,0.418
4696,NDUFA3,TIMMDC1,9606.ENSP00000418438,9606.ENSP00000418803,0.629,0.5,0.679,0.935
4696,NDUFA3,NDUFB2,9606.ENSP00000418438,9606.ENSP00000419087,0.812,0.967,0.37,0.996
5515,PPP2CA,BRAF,9606.ENSP00000418447,9606.ENSP00000419060,0.333,0.4,0.182,0.647
5515,PPP2CA,CALML4,9606.ENSP00000418447,9606.ENSP00000419081,0.147,0.0,0.358,0.429
5515,PPP2CA,CACNA2D3,9606.ENSP00000418447,9606.ENSP00000419101,0.0,0.65,0.052,0.663
55968,NSFL1C,PSMD6,9606.ENSP00000418529,9606.ENSP00000418695,0.0,0.0,0.0,0.41
6844,VAMP2,CALML4,9606.ENSP00000418572,9606.ENSP00000419081,0.0,0.0,0.641,0.643
2272,FHIT,CDKN2A,9606.ENSP00000418582,9606.ENSP00000418915,0.047,0.0,0.7,0.701
2272,FHIT,BRCA1,9606.ENSP00000418582,9606.ENSP00000418960,0.0,0.0,0.492,0.492
84626,KRBA1,WDR86,9606.ENSP00000418647,9606.ENSP00000419162,0.074,0.0,0.438,0.47
22928,SEPHS2,SELENOK,9606.ENSP00000418669,9606.ENSP00000418813,0.0,0.0,0.844,0.844
22928,SEPHS2,SELENOT,9606.ENSP00000418669,9606.ENSP00000418910,0.0,0.0,0.874,0.877
9861,PSMD6,MYSM1,9606.ENSP00000418695,9606.ENSP00000418734,0.481,0.0,0.242,0.816
51300,TIMMDC1,NDUFB2,9606.ENSP00000418803,9606.ENSP00000419087,0.0,0.5,0.113,0.549
58515,SELENOK,SELENOT,9606.ENSP00000418813,9606.ENSP00000418910,0.0,0.0,0.918,0.919
79068,FTO,CDKN2A,9606.ENSP00000418823,9606.ENSP00000418915,0.045,0.0,0.447,0.456
1029,CDKN2A,BRCA1,9606.ENSP00000418915,9606.ENSP00000418960,0.309,0.0,0.766,0.832
1029,CDKN2A,BRAF,9606.ENSP00000418915,9606.ENSP00000419060,0.095,0.0,0.886,0.892
672,BRCA1,BRAF,9606.ENSP00000418960,9606.ENSP00000419060,0.0,0.0,0.678,0.678
673,BRAF,CALML4,9606.ENSP00000419060,9606.ENSP00000419081,0.099,0.0,0.437,0.471
2395,FXN,TFR2,9606.ENSP00000419243,9606.ENSP00000420525,0.0,0.0,0.434,0.435
2395,FXN,MFN1,9606.ENSP00000419243,9606.ENSP00000420617,0.068,0.0,0.414,0.446
5294,PIK3CG,SUCLG2,9606.ENSP00000419260,9606.ENSP00000419325,0.0,0.0,0.769,0.769
5294,PIK3CG,THOC5,9606.ENSP00000419260,9606.ENSP00000420306,0.0,0.5,0.049,0.504
115416,MALSU1,PPIA,9606.ENSP00000419370,9606.ENSP00000419425,0.386,0.0,0.0,0.447
115416,MALSU1,SSBP1,9606.ENSP00000419370,9606.ENSP00000419665,0.208,0.0,0.104,0.437
115416,MALSU1,NSUN4,9606.ENSP00000419370,9606.ENSP00000419740,0.8,0.0,0.84,0.968
115416,MALSU1,RPL23,9606.ENSP00000419370,9606.ENSP00000420311,0.966,0.0,0.353,0.977
100131827,ZNF717,GCNT2,9606.ENSP00000419377,9606.ENSP00000419411,0.0,0.0,0.41,0.41
2651,GCNT2,B4GALT4,9606.ENSP00000419411,9606.ENSP00000420161,0.0,0.9,0.301,0.927
5478,PPIA,RPL23,9606.ENSP00000419425,9606.ENSP00000420311,0.343,0.0,0.119,0.594
10209,EIF1,MRPS14,9606.ENSP00000419449,9606.ENSP00000420714,0.507,0.0,0.041,0.575
51122,COMMD2,KLHL13,9606.ENSP00000419475,9606.ENSP00000419803,0.0,0.5,0.0,0.501
23429,RYBP,PHC3,9606.ENSP00000419494,9606.ENSP00000420294,0.305,0.5,0.498,0.81
23429,RYBP,TFDP2,9606.ENSP00000419494,9606.ENSP00000420616,0.361,0.5,0.125,0.696
6742,SSBP1,TFAM,9606.ENSP00000419665,9606.ENSP00000420588,0.292,0.0,0.939,0.958
6742,SSBP1,MRPS14,9606.ENSP00000419665,9606.ENSP00000420714,0.329,0.0,0.125,0.53
387338,NSUN4,RPL23,9606.ENSP00000419740,9606.ENSP00000420311,0.398,0.0,0.0,0.419
387338,NSUN4,QTRT2,9606.ENSP00000419740,9606.ENSP00000420682,0.0,0.0,0.316,0.463
8833,GMPS,PDE6B,9606.ENSP00000419851,9606.ENSP00000420295,0.0,0.9,0.069,0.902
8833,GMPS,RPL23,9606.ENSP00000419851,9606.ENSP00000420311,0.0,0.0,0.353,0.46
5890,RAD51B,POLE4,9606.ENSP00000419881,9606.ENSP00000420176,0.052,0.4,0.168,0.485
7881,KCNAB1,KCNIP2,9606.ENSP00000419952,9606.ENSP00000420040,0.111,0.0,0.552,0.605
7881,KCNAB1,FLNB,9606.ENSP00000419952,9606.ENSP00000420213,0.0,0.0,0.652,0.652
30819,KCNIP2,UHMK1,9606.ENSP00000420040,9606.ENSP00000420270,0.129,0.0,0.737,0.768
27230,SERP1,SSR3,9606.ENSP00000420076,9606.ENSP00000420641,0.0,0.0,0.411,0.483
141,ADPRH,OARD1,9606.ENSP00000420200,9606.ENSP00000420484,0.0,0.0,0.431,0.431
80012,PHC3,TFDP2,9606.ENSP00000420294,9606.ENSP00000420616,0.0,0.5,0.067,0.524
9349,RPL23,MRPS14,9606.ENSP00000420311,9606.ENSP00000420714,0.955,0.0,0.353,0.994
7019,TFAM,MFN1,9606.ENSP00000420588,9606.ENSP00000420617,0.093,0.0,0.754,0.773
5164,PDK2,RPS6KA2,9606.ENSP00000420927,9606.ENSP00000422435,0.0,0.0,0.394,0.41
389206,BEND4,TMEM33,9606.ENSP00000421169,9606.ENSP00000422473,0.0,0.0,0.481,0.482
7518,XRCC4,UIMC1,9606.ENSP00000421491,9606.ENSP00000421926,0.0,0.0,0.418,0.422
10189,ALYREF,LARP7,9606.ENSP00000421592,9606.ENSP00000422626,0.359,0.0,0.173,0.463
10189,ALYREF,PLRG1,9606.ENSP00000421592,9606.ENSP00000424417,0.348,0.0,0.105,0.439
441273,SPDYE2,SPDYE2B,9606.ENSP00000421686,9606.ENSP00000424058,0.0,0.0,0.0,0.626
96459,FNIP1,LAMTOR3,9606.ENSP00000421985,9606.ENSP00000424183,0.059,0.4,0.365,0.615
51574,LARP7,MRPS30,9606.ENSP00000422626,9606.ENSP00000424328,0.51,0.0,0.0,0.514
51574,LARP7,PLRG1,9606.ENSP00000422626,9606.ENSP00000424417,0.471,0.0,0.091,0.543
64979,MRPL36,PACRGL,9606.ENSP00000423399,9606.ENSP00000423881,0.429,0.0,0.0,0.429
64979,MRPL36,MRPS30,9606.ENSP00000423399,9606.ENSP00000424328,0.829,0.0,0.125,0.851
27071,DAPP1,LAMTOR3,9606.ENSP00000423602,9606.ENSP00000424183,0.05,0.098,0.36,0.407
51088,KLHL5,KLHL2,9606.ENSP00000423897,9606.ENSP00000424198,0.0,0.4,0.134,0.497
55345,ZGRF1,SMG7,9606.ENSP00000424737,9606.ENSP00000425133,0.24,0.0,0.298,0.456
4734,NEDD4,WWP1,9606.ENSP00000424827,9606.ENSP00000427793,0.126,0.0,0.469,0.519
6728,SRP19,RACK1,9606.ENSP00000424870,9606.ENSP00000426909,0.838,0.0,0.0,0.85
6728,SRP19,SPCS3,9606.ENSP00000424870,9606.ENSP00000427463,0.0,0.0,0.491,0.564
6728,SRP19,RPL30,9606.ENSP00000424870,9606.ENSP00000428085,0.895,0.0,0.0,0.904
246175,CNOT6L,EIF4E,9606.ENSP00000424896,9606.ENSP00000425561,0.0,0.4,0.258,0.543
246175,CNOT6L,TOB1,9606.ENSP00000424896,9606.ENSP00000427695,0.788,0.9,0.266,0.983
9887,SMG7,EIF4E,9606.ENSP00000425133,9606.ENSP00000425561,0.074,0.0,0.602,0.632
9887,SMG7,RAD17,9606.ENSP00000425133,9606.ENSP00000426191,0.0,0.0,0.395,0.404
285521,COX18,COX7C,9606.ENSP00000425261,9606.ENSP00000425759,0.0,0.0,0.462,0.462
285521,COX18,GFM2,9606.ENSP00000425261,9606.ENSP00000427004,0.0,0.0,0.219,0.629
1977,EIF4E,DROSHA,9606.ENSP00000425561,9606.ENSP00000425979,0.061,0.0,0.382,0.4
1977,EIF4E,RACK1,9606.ENSP00000425561,9606.ENSP00000426909,0.248,0.0,0.594,0.751
3035,HARS1,TMEM161B,9606.ENSP00000425634,9606.ENSP00000426354,0.0,0.0,0.406,0.417
1350,COX7C,CEBPA,9606.ENSP00000425759,9606.ENSP00000427514,0.245,0.261,0.178,0.553
1350,COX7C,RPL30,9606.ENSP00000425759,9606.ENSP00000428085,0.0,0.0,0.181,0.642
6414,SELENOP,RACK1,9606.ENSP00000425915,9606.ENSP00000426909,0.743,0.0,0.134,0.768
58505,OSTC,RPL30,9606.ENSP00000426167,9606.ENSP00000428085,0.507,0.0,0.0,0.53
55914,ERBIN,PIK3R1,9606.ENSP00000426632,9606.ENSP00000428056,0.0,0.4,0.126,0.46
10399,RACK1,CLOCK,9606.ENSP00000426909,9606.ENSP00000426983,0.0,0.0,0.579,0.58
10399,RACK1,PIK3R1,9606.ENSP00000426909,9606.ENSP00000428056,0.579,0.0,0.176,0.64
10399,RACK1,RPL30,9606.ENSP00000426909,9606.ENSP00000428085,0.997,0.0,0.341,0.999
60559,SPCS3,RPL30,9606.ENSP00000427463,9606.ENSP00000428085,0.0,0.4,0.0,0.432
1050,CEBPA,ANKAR,9606.ENSP00000427514,9606.ENSP00000427882,0.062,0.0,0.405,0.418
27,ABL2,PIK3R1,9606.ENSP00000427562,9606.ENSP00000428056,0.185,0.0,0.421,0.508
5295,PIK3R1,ERLIN2,9606.ENSP00000428056,9606.ENSP00000428112,0.0,0.5,0.0,0.5
57210,SLC45A4,DENND3,9606.ENSP00000428137,9606.ENSP00000428714,0.0,0.0,0.541,0.585
7336,UBE2V2,RPS20,9606.ENSP00000428209,9606.ENSP00000429374,0.0,0.0,0.0,0.439
51121,RPL26L1,RPS20,9606.ENSP00000428223,9606.ENSP00000429374,0.967,0.0,0.64,0.998
51121,RPL26L1,COX6C,9606.ENSP00000428223,9606.ENSP00000429707,0.0,0.0,0.148,0.52
51121,RPL26L1,EIF3H,9606.ENSP00000428223,9606.ENSP00000429931,0.0,0.0,0.157,0.411
1070,CETN3,ENY2,9606.ENSP00000428259,9606.ENSP00000429986,0.949,0.9,0.898,0.999
23484,LEPROTL1,SMIM12,9606.ENSP00000428281,9606.ENSP00000428585,0.0,0.0,0.428,0.44
6917,TCEA1,CCNC,9606.ENSP00000428426,9606.ENSP00000428982,0.0,0.0,0.345,0.412
6917,TCEA1,UBR5,9606.ENSP00000428426,9606.ENSP00000429084,0.488,0.0,0.132,0.56
10427,SEC24B,CLINT1,9606.ENSP00000428564,9606.ENSP00000429824,0.0,0.0,0.371,0.462
4061,LY6E,RPS20,9606.ENSP00000428572,9606.ENSP00000429374,0.0,0.0,0.452,0.452
113444,SMIM12,AP3M2,9606.ENSP00000428585,9606.ENSP00000428787,0.045,0.0,0.381,0.404
9724,UTP14C,ALG11,9606.ENSP00000428619,9606.ENSP00000430236,0.0,0.0,0.51,0.521
4671,NAIP,RNF19A,9606.ENSP00000428657,9606.ENSP00000428968,0.0,0.0,0.41,0.42
4067,LYN,DOCK2,9606.ENSP00000428924,9606.ENSP00000429283,0.045,0.9,0.176,0.927
55756,INTS9,INTS8,9606.ENSP00000429065,9606.ENSP00000430338,0.8,0.8,0.883,0.995
51366,UBR5,INTS8,9606.ENSP00000429084,9606.ENSP00000430338,0.0,0.0,0.081,0.444
7163,TPD52,CLINT1,9606.ENSP00000429309,9606.ENSP00000429824,0.0,0.5,0.104,0.54
6224,RPS20,MYBL1,9606.ENSP00000429374,9606.ENSP00000429633,0.401,0.0,0.165,0.478
6224,RPS20,COX6C,9606.ENSP00000429374,9606.ENSP00000429707,0.0,0.0,0.209,0.486
6224,RPS20,EIF3H,9606.ENSP00000429374,9606.ENSP00000429931,0.845,0.0,0.167,0.917
8992,ATP6V0E1,ATP6V1C1,9606.ENSP00000429690,9606.ENSP00000430282,0.99,0.5,0.49,0.997
56943,ENY2,ATXN7L3B,9606.ENSP00000429986,9606.ENSP00000430000,0.586,0.0,0.641,0.846
7381,UQCRB,MRPL22,9606.ENSP00000430494,9606.ENSP00000431040,0.0,0.0,0.335,0.488
7381,UQCRB,KBTBD3,9606.ENSP00000430494,9606.ENSP00000432163,0.0,0.0,0.492,0.505
7381,UQCRB,UQCC3,9606.ENSP00000430494,9606.ENSP00000432692,0.0,0.0,0.443,0.456
475,ATOX1,MRPL22,9606.ENSP00000430598,9606.ENSP00000431040,0.507,0.0,0.0,0.546
475,ATOX1,HSF1,9606.ENSP00000430598,9606.ENSP00000431512,0.0,0.0,0.435,0.436
3551,IKBKB,TYK2,9606.ENSP00000430684,9606.ENSP00000431885,0.0,0.0,0.164,0.545
3551,IKBKB,CASP1,9606.ENSP00000430684,9606.ENSP00000433138,0.067,0.0,0.511,0.549
143244,EIF5AL1,MRPL22,9606.ENSP00000430706,9606.ENSP00000431040,0.507,0.0,0.171,0.811
143244,EIF5AL1,RPLP2,9606.ENSP00000430706,9606.ENSP00000431240,0.096,0.0,0.168,0.509
143244,EIF5AL1,FAU,9606.ENSP00000430706,9606.ENSP00000431822,0.967,0.0,0.074,0.985
3299,HSF4,HSF1,9606.ENSP00000430947,9606.ENSP00000431512,0.614,0.0,0.074,0.649
3620,IDO1,CASP1,9606.ENSP00000430950,9606.ENSP00000433138,0.0,0.0,0.369,0.436
29093,MRPL22,RPLP2,9606.ENSP00000431040,9606.ENSP00000431240,0.702,0.0,0.046,0.903
29093,MRPL22,FAU,9606.ENSP00000431040,9606.ENSP00000431822,0.976,0.0,0.244,0.994
29093,MRPL22,WDR74,9606.ENSP00000431040,9606.ENSP00000432119,0.622,0.0,0.056,0.656
6181,RPLP2,EIF3F,9606.ENSP00000431240,9606.ENSP00000431800,0.0,0.0,0.244,0.529
6181,RPLP2,FAU,9606.ENSP00000431240,9606.ENSP00000431822,0.993,0.0,0.382,0.999
100423062,IGLL5,MS4A1,9606.ENSP00000431254,9606.ENSP00000433277,0.602,0.0,0.37,0.819
917,CD3G,BRK1,9606.ENSP00000431445,9606.ENSP00000432472,0.0,0.5,0.0,0.499
917,CD3G,MS4A1,9606.ENSP00000431445,9606.ENSP00000433277,0.0,0.0,0.58,0.646
8665,EIF3F,FAU,9606.ENSP00000431800,9606.ENSP00000431822,0.944,0.0,0.141,0.965
2197,FAU,KDM2A,9606.ENSP00000431822,9606.ENSP00000432786,0.5,0.0,0.187,0.579
7297,TYK2,JAK3,9606.ENSP00000431885,9606.ENSP00000432511,0.292,0.0,0.864,0.906
7297,TYK2,CFL1,9606.ENSP00000431885,9606.ENSP00000432660,0.071,0.0,0.442,0.516
55626,AMBRA1,ATG13,9606.ENSP00000431926,9606.ENSP00000432412,0.292,0.5,0.814,0.938
55845,BRK1,CFL1,9606.ENSP00000432472,9606.ENSP00000432660,0.0,0.0,0.492,0.528
834,CASP1,GSDMD,9606.ENSP00000433138,9606.ENSP00000433209,0.932,0.9,0.905,0.999
7189,TRAF6,LGALS8,9606.ENSP00000433623,9606.ENSP00000435460,0.045,0.0,0.406,0.418
2215,FCGR3B,MS4A6A,9606.ENSP00000433642,9606.ENSP00000435844,0.0,0.0,0.345,0.463
2215,FCGR3B,GNLY,9606.ENSP00000433642,9606.ENSP00000436423,0.0,0.0,0.507,0.583
1982,EIF4G2,EIF3M,9606.ENSP00000433664,9606.ENSP00000436049,0.0,0.0,0.641,0.672
23310,NCAPD3,H2AX,9606.ENSP00000433681,9606.ENSP00000434024,0.0,0.5,0.065,0.556
84689,MS4A14,MS4A6A,9606.ENSP00000433761,9606.ENSP00000435844,0.0,0.0,0.196,0.434
50626,CYHR1,LRRC24,9606.ENSP00000433769,9606.ENSP00000434849,0.048,0.0,0.509,0.522
50626,CYHR1,MROH1,9606.ENSP00000433769,9606.ENSP00000435565,0.0,0.0,0.761,0.794
1207,CLNS1A,EIF3M,9606.ENSP00000433919,9606.ENSP00000436049,0.0,0.0,0.144,0.411
3014,H2AX,BCLAF1,9606.ENSP00000434024,9606.ENSP00000435210,0.057,0.0,0.923,0.924
3014,H2AX,KMT2A,9606.ENSP00000434024,9606.ENSP00000436786,0.143,0.5,0.104,0.589
84285,EIF1AD,RPS25,9606.ENSP00000434056,9606.ENSP00000435096,0.8,0.0,0.0,0.81
84285,EIF1AD,RPS13,9606.ENSP00000434056,9606.ENSP00000435777,0.8,0.0,0.09,0.826
376267,RAB15,CRACR2B,9606.ENSP00000434103,9606.ENSP00000435299,0.0,0.0,0.052,0.537
280636,SELENOH,TXNRD1,9606.ENSP00000434511,9606.ENSP00000434516,0.0,0.0,0.721,0.726
7296,TXNRD1,EID3,9606.ENSP00000434516,9606.ENSP00000435619,0.0,0.0,0.687,0.689
7296,TXNRD1,CCS,9606.ENSP00000434516,9606.ENSP00000436318,0.0,0.287,0.349,0.549
84441,MAML2,GNLY,9606.ENSP00000434552,9606.ENSP00000436423,0.0,0.0,0.833,0.833
387104,SOGA3,ECHDC1,9606.ENSP00000434570,9606.ENSP00000436585,0.0,0.0,0.44,0.488
996,CDC27,RPS13,9606.ENSP00000434614,9606.ENSP00000435777,0.34,0.0,0.091,0.444
60492,CCDC90B,RAB30,9606.ENSP00000434724,9606.ENSP00000435189,0.0,0.0,0.475,0.477
60492,CCDC90B,ANKRD42,9606.ENSP00000434724,9606.ENSP00000435790,0.0,0.0,0.533,0.537
441381,LRRC24,ZNF707,9606.ENSP00000434849,9606.ENSP00000436212,0.091,0.0,0.37,0.403
79896,THNSL1,C8orf82,9606.ENSP00000434887,9606.ENSP00000436621,0.0,0.0,0.545,0.547
10978,CLP1,KMT2A,9606.ENSP00000434995,9606.ENSP00000436786,0.0,0.0,0.424,0.424
6230,RPS25,RPS13,9606.ENSP00000435096,9606.ENSP00000435777,0.995,0.9,0.6,0.999
6230,RPS25,EIF3M,9606.ENSP00000435096,9606.ENSP00000436049,0.83,0.0,0.113,0.914
27314,RAB30,ANKRD42,9606.ENSP00000435189,9606.ENSP00000435790,0.0,0.0,0.48,0.489
6207,RPS13,EIF3M,9606.ENSP00000435777,9606.ENSP00000436049,0.849,0.0,0.211,0.946
29901,SAC3D1,NXF1,9606.ENSP00000436649,9606.ENSP00000436679,0.489,0.0,0.166,0.555
10658,CELF1,CIZ1,9606.ENSP00000436864,9606.ENSP00000439244,0.243,0.0,0.288,0.451
10658,CELF1,ATP2A2,9606.ENSP00000436864,9606.ENSP00000440045,0.0,0.0,0.397,0.466
3312,HSPA8,DICER1,9606.ENSP00000437125,9606.ENSP00000437256,0.318,0.0,0.333,0.536
3312,HSPA8,ENO2,9606.ENSP00000437125,9606.ENSP00000437402,0.181,0.0,0.32,0.443
3312,HSPA8,HIF1A,9606.ENSP00000437125,9606.ENSP00000437955,0.512,0.0,0.761,0.883
3312,HSPA8,CUL7,9606.ENSP00000437125,9606.ENSP00000438788,0.144,0.0,0.518,0.607
3312,HSPA8,TUBA1A,9606.ENSP00000437125,9606.ENSP00000439020,0.743,0.0,0.581,0.9
23405,DICER1,HIF1A,9606.ENSP00000437256,9606.ENSP00000437955,0.0,0.0,0.671,0.685
23405,DICER1,CUL7,9606.ENSP00000437256,9606.ENSP00000438788,0.451,0.0,0.132,0.536
85456,TNKS1BP1,BCORL1,9606.ENSP00000437271,9606.ENSP00000437775,0.046,0.0,0.419,0.426
25906,ANAPC15,PHC1,9606.ENSP00000437360,9606.ENSP00000437659,0.0,0.9,0.0,0.9
25906,ANAPC15,CUL7,9606.ENSP00000437360,9606.ENSP00000438788,0.0,0.9,0.0,0.9
2026,ENO2,CUL7,9606.ENSP00000437402,9606.ENSP00000438788,0.0,0.0,0.115,0.414
9113,LATS1,TJP2,9606.ENSP00000437550,9606.ENSP00000438262,0.184,0.0,0.307,0.411
440073,IQSEC3,ARF1,9606.ENSP00000437554,9606.ENSP00000440005,0.062,0.0,0.638,0.646
1911,PHC1,BCORL1,9606.ENSP00000437659,9606.ENSP00000437775,0.316,0.0,0.202,0.435
1911,PHC1,H2AJ,9606.ENSP00000437659,9606.ENSP00000438553,0.0,0.5,0.0,0.499
1911,PHC1,CUL7,9606.ENSP00000437659,9606.ENSP00000438788,0.0,0.9,0.0,0.907
6433,SFSWAP,ZCCHC8,9606.ENSP00000437738,9606.ENSP00000438993,0.0,0.0,0.24,0.445
6433,SFSWAP,CHERP,9606.ENSP00000437738,9606.ENSP00000439856,0.135,0.0,0.36,0.48
3091,HIF1A,TUBA1A,9606.ENSP00000437955,9606.ENSP00000439020,0.292,0.0,0.177,0.454
23163,GGA3,ARF1,9606.ENSP00000438085,9606.ENSP00000440005,0.748,0.0,0.807,0.949
401505,TOMM5,TIMM8B,9606.ENSP00000438204,9606.ENSP00000438455,0.0,0.0,0.445,0.587
54682,MANSC1,PACC1,9606.ENSP00000438205,9606.ENSP00000438863,0.0,0.0,0.402,0.402
813,CALU,ATP2A2,9606.ENSP00000438248,9606.ENSP00000440045,0.0,0.0,0.374,0.437
9414,TJP2,PGAM5,9606.ENSP00000438262,9606.ENSP00000438465,0.606,0.0,0.0,0.606
9798,IST1,TUBA1A,9606.ENSP00000438399,9606.ENSP00000439020,0.0,0.5,0.091,0.536
55733,HHAT,NFE2,9606.ENSP00000438468,9606.ENSP00000439120,0.0,0.0,0.645,0.645
3838,KPNA2,H2AJ,9606.ENSP00000438483,9606.ENSP00000438553,0.0,0.5,0.0,0.5
8554,PIAS1,ZNF133,9606.ENSP00000438574,9606.ENSP00000439427,0.073,0.0,0.428,0.449
9820,CUL7,ARF1,9606.ENSP00000438788,9606.ENSP00000440005,0.345,0.0,0.102,0.411
9820,CUL7,MED24,9606.ENSP00000438788,9606.ENSP00000440100,0.31,0.0,0.122,0.413
7846,TUBA1A,HAUS5,9606.ENSP00000439020,9606.ENSP00000439056,0.0,0.5,0.0,0.503
7846,TUBA1A,TBCE,9606.ENSP00000439020,9606.ENSP00000439170,0.287,0.0,0.241,0.436
5134,PDCD2,FAM120B,9606.ENSP00000439467,9606.ENSP00000440125,0.0,0.0,0.593,0.597
9862,MED24,FAM120B,9606.ENSP00000440100,9606.ENSP00000440125,0.054,0.5,0.047,0.518
23457,ABCB9,STOML1,9606.ENSP00000440288,9606.ENSP00000442478,0.079,0.0,0.116,0.415
5715,PSMD9,UBC,9606.ENSP00000440485,9606.ENSP00000441543,0.074,0.5,0.135,0.573
1108,CHD4,USP36,9606.ENSP00000440542,9606.ENSP00000441214,0.42,0.0,0.076,0.465
1108,CHD4,NKRF,9606.ENSP00000440542,9606.ENSP00000442308,0.337,0.0,0.047,0.433
55010,PARPBP,CDCA3,9606.ENSP00000440850,9606.ENSP00000442068,0.0,0.0,0.0,0.473
3164,NR4A1,MAFF,9606.ENSP00000440864,9606.ENSP00000442060,0.071,0.0,0.256,0.449
3164,NR4A1,ACVR1B,9606.ENSP00000440864,9606.ENSP00000442656,0.045,0.0,0.455,0.457
80856,LNPK,UBC,9606.ENSP00000440905,9606.ENSP00000441543,0.51,0.0,0.0,0.51
80856,LNPK,CAND1,9606.ENSP00000440905,9606.ENSP00000442318,0.51,0.0,0.0,0.517
57176,VARS2,POLG2,9606.ENSP00000441000,9606.ENSP00000442563,0.0,0.0,0.308,0.538
8218,CLTCL1,DAG1,9606.ENSP00000441158,9606.ENSP00000442600,0.0,0.0,0.418,0.426
5564,PRKAB1,SESN3,9606.ENSP00000441369,9606.ENSP00000441927,0.0,0.65,0.125,0.68
7316,UBC,ORC4,9606.ENSP00000441543,9606.ENSP00000441953,0.0,0.5,0.114,0.542
7316,UBC,PTK6,9606.ENSP00000441543,9606.ENSP00000442460,0.092,0.5,0.051,0.531
63932,CXorf56,NKRF,9606.ENSP00000441786,9606.ENSP00000442308,0.052,0.0,0.355,0.464
4090,SMAD5,ACVR1B,9606.ENSP00000441954,9606.ENSP00000442656,0.126,0.0,0.607,0.657
10390,CEPT1,PCYT2,9606.ENSP00000441980,9606.ENSP00000442050,0.0,0.964,0.772,0.991
53826,FXYD6,ATP1A3,9606.ENSP00000442756,9606.ENSP00000444688,0.637,0.5,0.152,0.833
53826,FXYD6,FXYD5,9606.ENSP00000442756,9606.ENSP00000444839,0.0,0.0,0.729,0.729
53826,FXYD6,ATP1A1,9606.ENSP00000442756,9606.ENSP00000445306,0.31,0.5,0.066,0.649
51184,GPN3,POLR1B,9606.ENSP00000442770,9606.ENSP00000444136,0.624,0.0,0.291,0.745
54790,TET2,LDHA,9606.ENSP00000442788,9606.ENSP00000445175,0.292,0.0,0.211,0.418
9170,LPAR2,PLCB3,9606.ENSP00000443256,9606.ENSP00000443631,0.292,0.5,0.333,0.743
586,BCAT1,LDHA,9606.ENSP00000443459,9606.ENSP00000445175,0.162,0.8,0.429,0.903
5331,PLCB3,LTB4R2,9606.ENSP00000443631,9606.ENSP00000445772,0.0,0.5,0.089,0.535
132,ADK,LDHA,9606.ENSP00000443965,9606.ENSP00000445175,0.228,0.0,0.208,0.41
9972,NUP153,ADGRD1,9606.ENSP00000444029,9606.ENSP00000444425,0.415,0.0,0.157,0.485
84172,POLR1B,GTF2H3,9606.ENSP00000444136,9606.ENSP00000445162,0.367,0.5,0.113,0.737
6510,SLC1A5,LDHA,9606.ENSP00000444408,9606.ENSP00000445175,0.0,0.0,0.594,0.608
9997,SCO2,LDHA,9606.ENSP00000444433,9606.ENSP00000445175,0.0,0.0,0.404,0.415
79089,TMUB2,RNF170,9606.ENSP00000444565,9606.ENSP00000445725,0.0,0.0,0.398,0.423
51441,YTHDF2,CNOT4,9606.ENSP00000444660,9606.ENSP00000445508,0.266,0.0,0.263,0.467
478,ATP1A3,ATP1A1,9606.ENSP00000444688,9606.ENSP00000445306,0.199,0.9,0.377,0.947
5050,PAFAH1B3,PRR19,9606.ENSP00000444935,9606.ENSP00000445247,0.0,0.0,0.629,0.631
54973,INTS11,NELFA,9606.ENSP00000445001,9606.ENSP00000445757,0.8,0.0,0.0,0.823
2967,GTF2H3,NELFA,9606.ENSP00000445162,9606.ENSP00000445757,0.0,0.5,0.0,0.508
605,BCL7A,SMARCC2,9606.ENSP00000445868,9606.ENSP00000449396,0.826,0.9,0.438,0.989
7431,VIM,TGFBR1,9606.ENSP00000446007,9606.ENSP00000447297,0.051,0.0,0.401,0.408
7431,VIM,KRT8,9606.ENSP00000446007,9606.ENSP00000449404,0.426,0.0,0.151,0.494
80790,CMIP,TPCN1,9606.ENSP00000446100,9606.ENSP00000448083,0.0,0.0,0.455,0.46
23223,RRP12,RPLP0,9606.ENSP00000446184,9606.ENSP00000449328,0.094,0.0,0.104,0.467
5901,RAN,RPL18,9606.ENSP00000446215,9606.ENSP00000447001,0.0,0.0,0.147,0.611
5901,RAN,NUP37,9606.ENSP00000446215,9606.ENSP00000448054,0.194,0.5,0.048,0.683
5901,RAN,RPLP0,9606.ENSP00000446215,9606.ENSP00000449328,0.0,0.0,0.135,0.533
6648,SOD2,DNM1L,9606.ENSP00000446252,9606.ENSP00000449089,0.069,0.0,0.745,0.754
26065,LSM14A,ATXN2,9606.ENSP00000446271,9606.ENSP00000446576,0.444,0.0,0.434,0.683
11153,FICD,GATC,9606.ENSP00000446479,9606.ENSP00000446872,0.0,0.0,0.425,0.426
11153,FICD,PRPF40B,9606.ENSP00000446479,9606.ENSP00000448073,0.0,0.0,0.833,0.833
283459,GATC,DDIT3,9606.ENSP00000446872,9606.ENSP00000448665,0.17,0.216,0.116,0.465
55198,APPL2,RAB5C,9606.ENSP00000446917,9606.ENSP00000447053,0.657,0.0,0.08,0.68
4637,MYL6,CD63,9606.ENSP00000446955,9606.ENSP00000447730,0.0,0.0,0.1,0.489
6141,RPL18,PFDN5,9606.ENSP00000447001,9606.ENSP00000447942,0.0,0.0,0.0,0.457
6141,RPL18,NACA,9606.ENSP00000447001,9606.ENSP00000448035,0.82,0.0,0.091,0.98
6141,RPL18,DDIT3,9606.ENSP00000447001,9606.ENSP00000448665,0.0,0.5,0.0,0.5
6141,RPL18,RPL41,9606.ENSP00000447001,9606.ENSP00000449026,0.429,0.9,0.253,0.965
6141,RPL18,RPLP0,9606.ENSP00000447001,9606.ENSP00000449328,0.995,0.0,0.739,0.999
5878,RAB5C,BLOC1S1,9606.ENSP00000447053,9606.ENSP00000447537,0.0,0.5,0.116,0.566
5878,RAB5C,DAZAP2,9606.ENSP00000447053,9606.ENSP00000448051,0.0,0.0,0.362,0.416
80024,SLC8B1,TPCN1,9606.ENSP00000447091,9606.ENSP00000448083,0.0,0.0,0.493,0.527
10818,FRS2,TGFBR1,9606.ENSP00000447241,9606.ENSP00000447297,0.052,0.0,0.398,0.463
117177,RAB3IP,CEP290,9606.ENSP00000447300,9606.ENSP00000448012,0.0,0.5,0.512,0.749
89894,TMEM116,MAPKAPK5,9606.ENSP00000447731,9606.ENSP00000449381,0.0,0.0,0.398,0.419
5204,PFDN5,RPLP0,9606.ENSP00000447942,9606.ENSP00000449328,0.0,0.0,0.18,0.51
4666,NACA,RPLP0,9606.ENSP00000448035,9606.ENSP00000449328,0.804,0.0,0.084,0.984
317,APAF1,DNM1L,9606.ENSP00000448165,9606.ENSP00000449089,0.134,0.0,0.412,0.473
64786,TBC1D15,DNM1L,9606.ENSP00000448182,9606.ENSP00000449089,0.215,0.0,0.415,0.548
1649,DDIT3,RPL41,9606.ENSP00000448665,9606.ENSP00000449026,0.0,0.5,0.0,0.552
1649,DDIT3,RPLP0,9606.ENSP00000448665,9606.ENSP00000449328,0.0,0.5,0.118,0.548
6171,RPL41,RPLP0,9606.ENSP00000449026,9606.ENSP00000449328,0.507,0.0,0.266,0.775
440400,RNASEK,DMAC2L,9606.ENSP00000449500,9606.ENSP00000451583,0.0,0.54,0.0,0.54
23601,CLEC5A,GPR84,9606.ENSP00000449999,9606.ENSP00000450310,0.0,0.0,0.246,0.609
140465,MYL6B,ITGA7,9606.ENSP00000450385,9606.ENSP00000452120,0.0,0.0,0.694,0.697
399671,HEATR4,RPS6KL1,9606.ENSP00000450444,9606.ENSP00000450567,0.0,0.0,0.495,0.498
399671,HEATR4,PROX2,9606.ENSP00000450444,9606.ENSP00000451223,0.0,0.0,0.435,0.446
57194,ATP10A,TMEM30B,9606.ENSP00000450480,9606.ENSP00000450842,0.408,0.54,0.464,0.845
83694,RPS6KL1,PROX2,9606.ENSP00000450567,9606.ENSP00000451223,0.0,0.0,0.517,0.517
53349,ZFYVE1,VIPAS39,9606.ENSP00000450742,9606.ENSP00000452181,0.0,0.0,0.0,0.47
85439,STON2,CEP128,9606.ENSP00000450857,9606.ENSP00000451162,0.0,0.0,0.596,0.6
85439,STON2,NUMB,9606.ENSP00000450857,9606.ENSP00000451300,0.0,0.0,0.58,0.58
85439,STON2,GTF2A1,9606.ENSP00000450857,9606.ENSP00000452454,0.0,0.0,0.816,0.98
81892,SLIRP,ERH,9606.ENSP00000450909,9606.ENSP00000451080,0.0,0.0,0.0,0.424
81892,SLIRP,SNW1,9606.ENSP00000450909,9606.ENSP00000451129,0.289,0.0,0.797,0.857
2079,ERH,HNRNPC,9606.ENSP00000451080,9606.ENSP00000451291,0.0,0.0,0.16,0.792
22938,SNW1,HNRNPC,9606.ENSP00000451129,9606.ENSP00000451291,0.407,0.0,0.428,0.672
145508,CEP128,GTF2A1,9606.ENSP00000451162,9606.ENSP00000452454,0.0,0.0,0.482,0.49
3183,HNRNPC,DNAL1,9606.ENSP00000451291,9606.ENSP00000452037,0.102,0.0,0.475,0.512
3183,HNRNPC,SRSF5,9606.ENSP00000451291,9606.ENSP00000452123,0.174,0.4,0.49,0.799
8650,NUMB,AKT1,9606.ENSP00000451300,9606.ENSP00000451828,0.1,0.0,0.41,0.458
8115,TCL1A,AKT1,9606.ENSP00000451506,9606.ENSP00000451828,0.873,0.9,0.654,0.995
207,AKT1,SAMD4A,9606.ENSP00000451828,9606.ENSP00000452535,0.057,0.0,0.435,0.456
23034,SAMD4A,TNFAIP2,9606.ENSP00000452535,9606.ENSP00000452634,0.0,0.0,0.447,0.461
6158,RPL28,SMKR1,9606.ENSP00000452763,9606.ENSP00000454370,0.624,0.0,0.157,0.857
6158,RPL28,BOP1,9606.ENSP00000452763,9606.ENSP00000455106,0.0,0.5,0.162,0.594
6158,RPL28,OST4,9606.ENSP00000452763,9606.ENSP00000455716,0.507,0.0,0.0,0.527
6158,RPL28,EARS2,9606.ENSP00000452763,9606.ENSP00000456218,0.624,0.0,0.121,0.767
3690,ITGB3,ADAM8,9606.ENSP00000452786,9606.ENSP00000453302,0.0,0.36,0.112,0.409
3690,ITGB3,PAK6,9606.ENSP00000452786,9606.ENSP00000453858,0.417,0.0,0.119,0.471
3690,ITGB3,ITGAX,9606.ENSP00000452786,9606.ENSP00000454623,0.114,0.72,0.421,0.848
101,ADAM8,ITGAX,9606.ENSP00000453302,9606.ENSP00000454623,0.0,0.0,0.208,0.451
100287482,SMKR1,EARS2,9606.ENSP00000454370,9606.ENSP00000456218,0.406,0.0,0.155,0.627
100287482,SMKR1,PARP6,9606.ENSP00000454370,9606.ENSP00000456348,0.401,0.0,0.138,0.643
65990,ANTKMT,METRN,9606.ENSP00000454380,9606.ENSP00000455068,0.043,0.0,0.375,0.611
3687,ITGAX,MRC1,9606.ENSP00000454623,9606.ENSP00000455897,0.0,0.0,0.803,0.812
55238,SLC38A7,SLC7A6,9606.ENSP00000454646,9606.ENSP00000455064,0.045,0.0,0.521,0.537
10607,TBL3,RPUSD1,9606.ENSP00000454836,9606.ENSP00000455026,0.0,0.0,0.341,0.538
10607,TBL3,BOP1,9606.ENSP00000454836,9606.ENSP00000455106,0.0,0.54,0.13,0.967
113000,RPUSD1,DUS2,9606.ENSP00000455026,9606.ENSP00000455229,0.0,0.0,0.34,0.419
55715,DOK4,PHKG2,9606.ENSP00000455566,9606.ENSP00000455607,0.513,0.0,0.0,0.513
253980,KCTD13,PRRT2,9606.ENSP00000455785,9606.ENSP00000456226,0.045,0.0,0.595,0.597
55625,ZDHHC7,KIAA0513,9606.ENSP00000456782,9606.ENSP00000457408,0.0,0.0,0.376,0.463
283899,INO80E,TMEM219,9606.ENSP00000457016,9606.ENSP00000457492,0.0,0.0,0.668,0.693
23334,SZT2,MLST8,9606.ENSP00000457168,9606.ENSP00000457870,0.0,0.4,0.29,0.556
51741,WWOX,LITAF,9606.ENSP00000457230,9606.ENSP00000459533,0.357,0.0,0.547,0.698
51741,WWOX,POLR2A,9606.ENSP00000457230,9606.ENSP00000461879,0.425,0.0,0.088,0.453
9100,USP10,POLR2A,9606.ENSP00000457411,9606.ENSP00000461879,0.512,0.0,0.18,0.625
1327,COX4I1,NDUFAB1,9606.ENSP00000457513,9606.ENSP00000458770,0.856,0.0,0.381,0.936
10921,RNPS1,NUP88,9606.ENSP00000457723,9606.ENSP00000458954,0.0,0.5,0.0,0.565
10921,RNPS1,PRPF8,9606.ENSP00000457723,9606.ENSP00000460348,0.19,0.0,0.286,0.496
10921,RNPS1,POLR2A,9606.ENSP00000457723,9606.ENSP00000461879,0.072,0.0,0.486,0.508
29957,SLC25A24,NMRAL1,9606.ENSP00000457733,9606.ENSP00000458762,0.409,0.0,0.062,0.432
29957,SLC25A24,NDUFAB1,9606.ENSP00000457733,9606.ENSP00000458770,0.512,0.0,0.0,0.519
71,ACTG1,SRGAP2,9606.ENSP00000458162,9606.ENSP00000459615,0.098,0.5,0.103,0.564
57407,NMRAL1,NDUFAB1,9606.ENSP00000458762,9606.ENSP00000458770,0.477,0.217,0.163,0.693
4706,NDUFAB1,ATPAF1,9606.ENSP00000458770,9606.ENSP00000460964,0.0,0.0,0.155,0.485
23380,SRGAP2,GTF2I,9606.ENSP00000459615,9606.ENSP00000460070,0.0,0.0,0.796,0.797
51479,ANKFY1,RAB31,9606.ENSP00000459943,9606.ENSP00000461945,0.243,0.0,0.26,0.417
10594,PRPF8,POLR2A,9606.ENSP00000460348,9606.ENSP00000461879,0.0,0.0,0.233,0.563
58488,PCTP,TOM1L1,9606.ENSP00000460437,9606.ENSP00000460823,0.0,0.0,0.427,0.432
83593,RASSF5,IKBKE,9606.ENSP00000462099,9606.ENSP00000464030,0.0,0.0,0.367,0.414
29115,SAP30BP,CDK11B,9606.ENSP00000462116,9606.ENSP00000464036,0.761,0.0,0.0,0.835
11201,POLI,ANP32E,9606.ENSP00000462664,9606.ENSP00000463154,0.0,0.0,0.398,0.415
11201,POLI,CD3EAP,9606.ENSP00000462664,9606.ENSP00000465099,0.0,0.0,0.698,0.698
79736,TEFM,ADAP2,9606.ENSP00000462963,9606.ENSP00000464121,0.0,0.0,0.646,0.646
9939,RBM8A,ACP6,9606.ENSP00000463058,9606.ENSP00000463574,0.0,0.0,0.425,0.426
9939,RBM8A,DDX42,9606.ENSP00000463058,9606.ENSP00000464050,0.263,0.4,0.118,0.581
100526842,RPL17-C18orf32,RPL26,9606.ENSP00000463379,9606.ENSP00000463784,0.947,0.0,0.302,0.988
100526842,RPL17-C18orf32,RPL17,9606.ENSP00000463379,9606.ENSP00000463842,0.8,0.9,0.045,0.979
100526842,RPL17-C18orf32,RPL36,9606.ENSP00000463379,9606.ENSP00000464342,0.966,0.0,0.252,0.995
100526842,RPL17-C18orf32,RPL27,9606.ENSP00000463379,9606.ENSP00000464813,0.967,0.0,0.293,0.995
10627,MYL12B,MYH3,9606.ENSP00000463559,9606.ENSP00000464317,0.313,0.54,0.255,0.76
6154,RPL26,RPL17,9606.ENSP00000463784,9606.ENSP00000463842,0.979,0.0,0.428,0.999
6154,RPL26,RPL36,9606.ENSP00000463784,9606.ENSP00000464342,0.984,0.0,0.489,0.999
6154,RPL26,RPL27,9606.ENSP00000463784,9606.ENSP00000464813,0.979,0.0,0.793,0.999
6139,RPL17,RPL36,9606.ENSP00000463842,9606.ENSP00000464342,0.975,0.0,0.252,0.999
6139,RPL17,RPL27,9606.ENSP00000463842,9606.ENSP00000464813,0.967,0.0,0.191,0.999
26207,PITPNC1,HELZ,9606.ENSP00000464006,9606.ENSP00000464512,0.0,0.0,0.537,0.546
25873,RPL36,RPL27,9606.ENSP00000464342,9606.ENSP00000464813,0.995,0.0,0.643,0.999
201254,CENPX,SPC24,9606.ENSP00000464357,9606.ENSP00000465075,0.0,0.0,0.404,0.429
27134,TJP3,SAFB,9606.ENSP00000465419,9606.ENSP00000467423,0.0,0.0,0.709,0.709
28974,C19orf53,CCDC130,9606.ENSP00000465432,9606.ENSP00000465776,0.0,0.0,0.406,0.43
83608,C18orf21,ZNF396,9606.ENSP00000465517,9606.ENSP00000466500,0.0,0.0,0.506,0.508
9592,IER2,PLPPR2,9606.ENSP00000465617,9606.ENSP00000466898,0.0,0.0,0.461,0.461
10053,AP1M2,PIP5K1C,9606.ENSP00000465685,9606.ENSP00000466363,0.0,0.0,0.444,0.444
6209,RPS15,RAD23A,9606.ENSP00000466010,9606.ENSP00000467024,0.419,0.0,0.091,0.604
6209,RPS15,SEC11C,9606.ENSP00000466010,9606.ENSP00000468633,0.0,0.4,0.0,0.405
1054,CEBPG,COX6B1,9606.ENSP00000466022,9606.ENSP00000466818,0.254,0.198,0.1,0.444
91442,FAAP24,RAD51D,9606.ENSP00000466121,9606.ENSP00000466399,0.0,0.0,0.409,0.547
5589,PRKCSH,FAM20A,9606.ENSP00000466134,9606.ENSP00000468308,0.0,0.4,0.051,0.406
439,GET3,RAD23A,9606.ENSP00000466379,9606.ENSP00000467024,0.64,0.0,0.257,0.747
83983,TSSK6,ZNF101,9606.ENSP00000466477,9606.ENSP00000468049,0.091,0.0,0.403,0.434
124801,LSM12,TMEM101,9606.ENSP00000466718,9606.ENSP00000468025,0.0,0.0,0.248,0.457
1340,COX6B1,UQCR11,9606.ENSP00000466818,9606.ENSP00000467262,0.946,0.54,0.678,0.997
1340,COX6B1,WBP2,9606.ENSP00000466818,9606.ENSP00000467579,0.409,0.152,0.125,0.609
64748,PLPPR2,CCDC159,9606.ENSP00000466898,9606.ENSP00000468232,0.0,0.0,0.506,0.634
7273,TTN,TNNT1,9606.ENSP00000467141,9606.ENSP00000467176,0.0,0.0,0.676,0.721
10975,UQCR11,MICOS13,9606.ENSP00000467262,9606.ENSP00000468723,0.0,0.0,0.0,0.597
9144,SYNGR2,TK1,9606.ENSP00000467600,9606.ENSP00000468425,0.0,0.0,0.737,0.743
2358,FPR2,MTRNR2L12,9606.ENSP00000468897,9606.ENSP00000468991,0.9,0.0,0.103,0.906
2358,FPR2,FPR1,9606.ENSP00000468897,9606.ENSP00000471493,0.0,0.9,0.392,0.984
126119,JOSD2,MPND,9606.ENSP00000468956,9606.ENSP00000471735,0.0,0.0,0.647,0.669
51398,WDR83OS,CHMP2A,9606.ENSP00000468969,9606.ENSP00000469240,0.0,0.0,0.0,0.496
51398,WDR83OS,FLT3LG,9606.ENSP00000468969,9606.ENSP00000469613,0.429,0.0,0.0,0.448
11316,COPE,CHMP2A,9606.ENSP00000469035,9606.ENSP00000469240,0.0,0.0,0.108,0.435
27243,CHMP2A,TRAPPC5,9606.ENSP00000469240,9606.ENSP00000470262,0.0,0.0,0.42,0.461
25804,LSM4,UPF1,9606.ENSP00000469468,9606.ENSP00000470142,0.067,0.0,0.309,0.413
25804,LSM4,POLD1,9606.ENSP00000469468,9606.ENSP00000472445,0.0,0.0,0.356,0.458
25804,LSM4,RPS28,9606.ENSP00000469468,9606.ENSP00000472469,0.137,0.0,0.264,0.45
2323,FLT3LG,RPS19,9606.ENSP00000469613,9606.ENSP00000470972,0.841,0.0,0.366,0.981
2323,FLT3LG,FKBP8,9606.ENSP00000469613,9606.ENSP00000471700,0.126,0.0,0.311,0.425
2323,FLT3LG,SPIB,9606.ENSP00000469613,9606.ENSP00000471921,0.0,0.0,0.577,0.59
2323,FLT3LG,RPS28,9606.ENSP00000469613,9606.ENSP00000472469,0.842,0.0,0.348,0.981
112398,EGLN2,RAB4B,9606.ENSP00000469686,9606.ENSP00000470246,0.0,0.0,0.48,0.509
10597,TRAPPC2B,TRAPPC5,9606.ENSP00000469888,9606.ENSP00000470262,0.937,0.54,0.349,0.979
6901,TAZ,TEAD2,9606.ENSP00000469981,9606.ENSP00000472109,0.0,0.0,0.591,0.591
65982,ZSCAN18,ZNF329,9606.ENSP00000470123,9606.ENSP00000470323,0.0,0.0,0.154,0.445
5976,UPF1,RPS19,9606.ENSP00000470142,9606.ENSP00000470972,0.091,0.0,0.392,0.527
5976,UPF1,ZFP36,9606.ENSP00000470142,9606.ENSP00000471239,0.187,0.0,0.536,0.606
5976,UPF1,RPS28,9606.ENSP00000470142,9606.ENSP00000472469,0.0,0.0,0.473,0.588
6829,SUPT5H,ZNF841,9606.ENSP00000470252,9606.ENSP00000470746,0.07,0.0,0.443,0.46
10436,EMG1,RPS19,9606.ENSP00000470560,9606.ENSP00000470972,0.969,0.0,0.617,0.993
10436,EMG1,RPS28,9606.ENSP00000470560,9606.ENSP00000472469,0.969,0.4,0.408,0.991
6223,RPS19,CCDC124,9606.ENSP00000470972,9606.ENSP00000471455,0.878,0.0,0.213,0.922
6223,RPS19,MPND,9606.ENSP00000470972,9606.ENSP00000471735,0.28,0.0,0.193,0.41
6223,RPS19,RPS28,9606.ENSP00000470972,9606.ENSP00000472469,0.992,0.9,0.828,0.999
6223,RPS19,C5AR2,9606.ENSP00000470972,9606.ENSP00000472620,0.0,0.0,0.52,0.533
23636,NUP62,MYO9B,9606.ENSP00000471191,9606.ENSP00000471457,0.0,0.0,0.428,0.439
23636,NUP62,IRF3,9606.ENSP00000471191,9606.ENSP00000471896,0.345,0.0,0.206,0.467
23636,NUP62,IL4I1,9606.ENSP00000471191,9606.ENSP00000472474,0.0,0.0,0.863,0.868
729440,CCDC61,MPND,9606.ENSP00000471454,9606.ENSP00000471735,0.0,0.0,0.0,0.542
115098,CCDC124,RPS28,9606.ENSP00000471455,9606.ENSP00000472469,0.856,0.0,0.055,0.891
51257,MARCHF2,FKBP8,9606.ENSP00000471536,9606.ENSP00000471700,0.206,0.0,0.131,0.462
23770,FKBP8,IRF3,9606.ENSP00000471700,9606.ENSP00000471896,0.292,0.0,0.101,0.462
7409,VAV1,IGHV3-11,9606.ENSP00000472929,9606.ENSP00000474135,0.0,0.4,0.064,0.414
6193,RPS5,SETD1B,9606.ENSP00000472985,9606.ENSP00000474253,0.0,0.0,0.394,0.406
6193,RPS5,DCP1A,9606.ENSP00000472985,9606.ENSP00000476386,0.0,0.5,0.0,0.534
6625,SNRNP70,RUVBL2,9606.ENSP00000472998,9606.ENSP00000473172,0.128,0.0,0.138,0.456
6625,SNRNP70,TAF15,9606.ENSP00000472998,9606.ENSP00000474096,0.332,0.0,0.191,0.829
10856,RUVBL2,ASDURF,9606.ENSP00000473172,9606.ENSP00000475224,0.0,0.54,0.303,0.665
10856,RUVBL2,MPHOSPH9,9606.ENSP00000473172,9606.ENSP00000475489,0.309,0.0,0.114,0.426
10856,RUVBL2,H2BC11,9606.ENSP00000473172,9606.ENSP00000476136,0.861,0.0,0.054,0.863
10856,RUVBL2,RPAP2,9606.ENSP00000473172,9606.ENSP00000476948,0.4,0.0,0.78,0.862
10856,RUVBL2,APBB1,9606.ENSP00000473172,9606.ENSP00000477213,0.065,0.0,0.34,0.403
51497,NELFCD,GTF2H5,9606.ENSP00000473290,9606.ENSP00000476100,0.0,0.5,0.0,0.499
51497,NELFCD,CDYL2,9606.ENSP00000473290,9606.ENSP00000476295,0.067,0.241,0.132,0.41
9563,H6PD,ALDH3B1,9606.ENSP00000473348,9606.ENSP00000473990,0.077,0.0,0.363,0.453
9563,H6PD,HADH,9606.ENSP00000473348,9606.ENSP00000474560,0.0,0.0,0.433,0.438
9563,H6PD,SIRT5,9606.ENSP00000473348,9606.ENSP00000476228,0.0,0.0,0.473,0.49
55206,SBNO1,MPHOSPH9,9606.ENSP00000473665,9606.ENSP00000475489,0.051,0.0,0.39,0.414
79148,MMP28,HEATR9,9606.ENSP00000473853,9606.ENSP00000473941,0.0,0.0,0.394,0.402
51626,DYNC2LI1,DYNLL2,9606.ENSP00000474032,9606.ENSP00000477310,0.195,0.9,0.751,0.978
8148,TAF15,GTF2H5,9606.ENSP00000474096,9606.ENSP00000476100,0.0,0.5,0.0,0.537
23067,SETD1B,H2BC11,9606.ENSP00000474253,9606.ENSP00000476136,0.14,0.0,0.471,0.526
128077,LIX1L,ANKRD34A,9606.ENSP00000474487,9606.ENSP00000475189,0.053,0.0,0.48,0.555
3033,HADH,CDYL2,9606.ENSP00000474560,9606.ENSP00000476295,0.071,0.278,0.168,0.469
55294,FBXW7,FBXW2,9606.ENSP00000474725,9606.ENSP00000476369,0.519,0.4,0.155,0.735
51503,CWC15,SIRT5,9606.ENSP00000475615,9606.ENSP00000476228,0.475,0.0,0.0,0.482
8701,DNAH11,DYNLL2,9606.ENSP00000475939,9606.ENSP00000477310,0.3,0.0,0.184,0.404
404672,GTF2H5,H2BC11,9606.ENSP00000476100,9606.ENSP00000476136,0.81,0.0,0.089,0.834
11165,NUDT3,DCP1A,9606.ENSP00000476119,9606.ENSP00000476386,0.408,0.0,0.156,0.483
8970,H2BC11,APBB1,9606.ENSP00000476136,9606.ENSP00000477213,0.074,0.5,0.0,0.517
200030,NBPF11,NBPF12,9606.ENSP00000477509,9606.ENSP00000478609,0.0,0.0,0.052,0.786
8348,H2BC17,STAG3,9606.ENSP00000477527,9606.ENSP00000477973,0.098,0.5,0.0,0.529
8348,H2BC17,MARCKS,9606.ENSP00000477527,9606.ENSP00000478061,0.06,0.0,0.389,0.401
8348,H2BC17,POLR2E,9606.ENSP00000477527,9606.ENSP00000478303,0.279,0.5,0.0,0.627
11072,DUSP14,GGNBP2,9606.ENSP00000477653,9606.ENSP00000478220,0.0,0.0,0.45,0.455
84218,TBC1D3F,TBC1D3,9606.ENSP00000477679,9606.ENSP00000478683,0.457,0.0,0.046,0.463
100131017,ZNF316,ZNF282,9606.ENSP00000477706,9606.ENSP00000477841,0.0,0.0,0.0,0.472
3932,LCK,PTCRA,9606.ENSP00000477713,9606.ENSP00000477815,0.0,0.0,0.511,0.526
3932,LCK,LOC102723407,9606.ENSP00000477713,9606.ENSP00000478289,0.102,0.0,0.4,0.444
3932,LCK,TNFRSF9,9606.ENSP00000477713,9606.ENSP00000478699,0.0,0.0,0.654,0.67
119504,ANAPC16,ZNF714,9606.ENSP00000477760,9606.ENSP00000478345,0.0,0.0,0.441,0.441
119504,ANAPC16,ANAPC10,9606.ENSP00000477760,9606.ENSP00000478501,0.998,0.9,0.865,0.999
119504,ANAPC16,ICA1L,9606.ENSP00000477760,9606.ENSP00000478645,0.0,0.0,0.423,0.424
10489,LRRC41,ELOC,9606.ENSP00000477792,9606.ENSP00000478121,0.301,0.4,0.263,0.665
10489,LRRC41,UBE2F,9606.ENSP00000477792,9606.ENSP00000478474,0.0,0.5,0.107,0.538
2643,GCH1,MTHFD1L,9606.ENSP00000477796,9606.ENSP00000478253,0.0,0.0,0.348,0.413
8427,ZNF282,GIMAP1-GIMAP5,9606.ENSP00000477841,9606.ENSP00000477920,0.095,0.0,0.368,0.403
26574,AATF,GGNBP2,9606.ENSP00000477848,9606.ENSP00000478220,0.0,0.0,0.546,0.553
100862671,TMEM265,GIMAP1-GIMAP5,9606.ENSP00000477871,9606.ENSP00000477920,0.0,0.0,0.621,0.622
10620,ARID3B,LOC102723407,9606.ENSP00000477878,9606.ENSP00000478289,0.0,0.0,0.509,0.509
6348,CCL3,TNFRSF9,9606.ENSP00000477908,9606.ENSP00000478699,0.0,0.0,0.423,0.476
6921,ELOC,POLR2E,9606.ENSP00000478121,9606.ENSP00000478303,0.0,0.5,0.0,0.548
6921,ELOC,UBE2F,9606.ENSP00000478121,9606.ENSP00000478474,0.0,0.5,0.385,0.688
1408,CRY2,ABCB1,9606.ENSP00000478187,9606.ENSP00000478255,0.287,0.0,0.242,0.442
5243,ABCB1,CYP1B1,9606.ENSP00000478255,9606.ENSP00000478561,0.069,0.0,0.461,0.491
102723407,LOC102723407,TNFRSF9,9606.ENSP00000478289,9606.ENSP00000478699,0.9,0.0,0.247,0.921
148206,ZNF714,ICA1L,9606.ENSP00000478345,9606.ENSP00000478645,0.0,0.0,0.45,0.454
28447,IGHV3-16,IGHD,9606.ENSP00000478725,9606.ENSP00000478893,0.0,0.54,0.0,0.54
28447,IGHV3-16,IGKV1-33,9606.ENSP00000478725,9606.ENSP00000479032,0.9,0.54,0.0,0.952
28447,IGHV3-16,IGHV1-3,9606.ENSP00000478725,9606.ENSP00000479119,0.0,0.54,0.072,0.575
28447,IGHV3-16,IGHV3-15,9606.ENSP00000478725,9606.ENSP00000479675,0.0,0.54,0.061,0.556
28447,IGHV3-16,ADORA2A,9606.ENSP00000478725,9606.ENSP00000480012,0.8,0.0,0.0,0.8
28447,IGHV3-16,IGHV3-72,9606.ENSP00000478725,9606.ENSP00000480035,0.0,0.54,0.059,0.554
101060226,NBPF19-2,NBPF14,9606.ENSP00000478752,9606.ENSP00000479693,0.0,0.0,0.05,0.441
1656,DDX6,MYC,9606.ENSP00000478754,9606.ENSP00000478887,0.174,0.0,0.325,0.453
7314,UBB,ADRM1,9606.ENSP00000478771,9606.ENSP00000478877,0.983,0.0,0.336,0.988
7314,UBB,ZFAND6,9606.ENSP00000478771,9606.ENSP00000479071,0.071,0.5,0.051,0.537
7314,UBB,H2BC9,9606.ENSP00000478771,9606.ENSP00000479169,0.135,0.5,0.064,0.559
7314,UBB,BORA,9606.ENSP00000478771,9606.ENSP00000479266,0.0,0.5,0.0,0.499
7314,UBB,CLTC,9606.ENSP00000478771,9606.ENSP00000479606,0.073,0.5,0.106,0.563
7314,UBB,H4C12,9606.ENSP00000478771,9606.ENSP00000479794,0.854,0.0,0.09,0.864
57118,CAMK1D,ZFAND6,9606.ENSP00000478874,9606.ENSP00000479071,0.0,0.0,0.48,0.48
11047,ADRM1,RPS6KA5,9606.ENSP00000478877,9606.ENSP00000479667,0.0,0.0,0.401,0.4
4609,MYC,H2BC9,9606.ENSP00000478887,9606.ENSP00000479169,0.053,0.5,0.375,0.678
4609,MYC,PHB,9606.ENSP00000478887,9606.ENSP00000479488,0.137,0.0,0.593,0.645
4609,MYC,CLTC,9606.ENSP00000478887,9606.ENSP00000479606,0.174,0.0,0.341,0.432
4609,MYC,UHRF1,9606.ENSP00000478887,9606.ENSP00000479617,0.161,0.0,0.355,0.459
4609,MYC,NCAM1,9606.ENSP00000478887,9606.ENSP00000480132,0.161,0.0,0.474,0.543
3495,IGHD,IGKV1-33,9606.ENSP00000478893,9606.ENSP00000479032,0.291,0.54,0.065,0.673
3495,IGHD,IGHV1-3,9606.ENSP00000478893,9606.ENSP00000479119,0.266,0.54,0.153,0.753
3495,IGHD,IGHV3-15,9606.ENSP00000478893,9606.ENSP00000479675,0.266,0.54,0.091,0.681
3495,IGHD,IGHV3-72,9606.ENSP00000478893,9606.ENSP00000480035,0.0,0.54,0.0,0.54
28933,IGKV1-33,IGHV1-3,9606.ENSP00000479032,9606.ENSP00000479119,0.305,0.54,0.48,0.822
28933,IGKV1-33,IGHV3-15,9606.ENSP00000479032,9606.ENSP00000479675,0.305,0.54,0.042,0.672
28933,IGKV1-33,CYFIP2,9606.ENSP00000479032,9606.ENSP00000479719,0.045,0.5,0.052,0.507
28933,IGKV1-33,IGHV3-72,9606.ENSP00000479032,9606.ENSP00000480035,0.0,0.54,0.0,0.54
28473,IGHV1-3,IGHV3-15,9606.ENSP00000479119,9606.ENSP00000479675,0.0,0.54,0.114,0.613
28473,IGHV1-3,IGHV3-72,9606.ENSP00000479119,9606.ENSP00000480035,0.0,0.54,0.109,0.596
10938,EHD1,CLTC,9606.ENSP00000479153,9606.ENSP00000479606,0.421,0.0,0.315,0.587
8345,H2BC9,UHRF1,9606.ENSP00000479169,9606.ENSP00000479617,0.045,0.5,0.167,0.576
8345,H2BC9,H4C12,9606.ENSP00000479169,9606.ENSP00000479794,0.831,0.0,0.31,0.906
5245,PHB,CLTC,9606.ENSP00000479488,9606.ENSP00000479606,0.422,0.0,0.365,0.62
5245,PHB,HYOU1,9606.ENSP00000479488,9606.ENSP00000480150,0.314,0.0,0.323,0.534
11056,DDX52,MYO19,9606.ENSP00000479504,9606.ENSP00000479518,0.0,0.0,0.497,0.509
1213,CLTC,RPS6KA5,9606.ENSP00000479606,9606.ENSP00000479667,0.0,0.5,0.088,0.524
1213,CLTC,DENND1B,9606.ENSP00000479606,9606.ENSP00000479816,0.068,0.0,0.66,0.669
28448,IGHV3-15,IGHV3-72,9606.ENSP00000479675,9606.ENSP00000480035,0.0,0.54,0.057,0.553
146850,PIK3R6,SOCS2,9606.ENSP00000480157,9606.ENSP00000481249,0.0,0.54,0.043,0.54
5425,POLD2,MCM3,9606.ENSP00000480186,9606.ENSP00000480987,0.0,0.72,0.528,0.896
5425,POLD2,SEM1,9606.ENSP00000480186,9606.ENSP00000481021,0.0,0.4,0.097,0.443
114791,TUBGCP5,CYFIP1,9606.ENSP00000480316,9606.ENSP00000481038,0.0,0.0,0.972,0.989
130916,MTERF4,MRM1,9606.ENSP00000480378,9606.ENSP00000481559,0.0,0.0,0.644,0.649
8703,B4GALT3,ST3GAL6,9606.ENSP00000480428,9606.ENSP00000480884,0.0,0.9,0.43,0.94
113235,SLC46A1,FOLR3,9606.ENSP00000480703,9606.ENSP00000481114,0.0,0.0,0.666,0.666
51699,VPS29,SNX12,9606.ENSP00000480853,9606.ENSP00000481314,0.127,0.54,0.573,0.823
84679,SLC9A7,SCAMP1,9606.ENSP00000480916,9606.ENSP00000481022,0.292,0.0,0.234,0.436
497661,C18orf32,PHOSPHO2,9606.ENSP00000480941,9606.ENSP00000481046,0.0,0.0,0.446,0.446
4172,MCM3,CCNA2,9606.ENSP00000480987,9606.ENSP00000481380,0.0,0.4,0.608,0.869
7979,SEM1,PSMC3,9606.ENSP00000481021,9606.ENSP00000481029,0.619,0.36,0.0,0.75
7979,SEM1,CCNA2,9606.ENSP00000481021,9606.ENSP00000481380,0.0,0.4,0.067,0.419
5702,PSMC3,CCNA2,9606.ENSP00000481029,9606.ENSP00000481380,0.0,0.4,0.055,0.427
6871,TADA2A,MRM1,9606.ENSP00000481091,9606.ENSP00000481559,0.0,0.0,0.625,0.673
890,CCNA2,FAM83D,9606.ENSP00000481380,9606.ENSP00000481465,0.0,0.0,0.199,0.585
6204,RPS10,RSRC1,9606.ENSP00000481646,9606.ENSP00000481697,0.625,0.0,0.248,0.814
51319,RSRC1,LOC102724159,9606.ENSP00000481697,9606.ENSP00000482107,0.341,0.0,0.053,0.41
55588,MED29,MED6,9606.ENSP00000481733,9606.ENSP00000481920,0.978,0.9,0.818,0.999
55588,MED29,MED22,9606.ENSP00000481733,9606.ENSP00000482438,0.967,0.9,0.79,0.999
7812,CSDE1,MAPK8IP3,9606.ENSP00000481762,9606.ENSP00000481780,0.0,0.0,0.394,0.401
100316904,SAP25,SAP18,9606.ENSP00000481773,9606.ENSP00000481842,0.0,0.0,0.403,0.403
3782,KCNN3,ORAI1,9606.ENSP00000481848,9606.ENSP00000482568,0.0,0.0,0.918,0.918
9924,PAN2,CNOT6,9606.ENSP00000481859,9606.ENSP00000481893,0.291,0.0,0.343,0.519
10001,MED6,MED22,9606.ENSP00000481920,9606.ENSP00000482438,0.997,0.9,0.995,0.999
2051,EPHB6,REC8,9606.ENSP00000481994,9606.ENSP00000482546,0.0,0.0,0.435,0.435
284098,PIGW,DHRS11,9606.ENSP00000482202,9606.ENSP00000482704,0.042,0.107,0.542,0.591
5336,PLCG2,PIP4K2B,9606.ENSP00000482457,9606.ENSP00000482548,0.0,0.697,0.103,0.717
5336,PLCG2,IGKV1D-33,9606.ENSP00000482457,9606.ENSP00000482678,0.063,0.4,0.0,0.413
375190,FAM228B,SPATS2L,9606.ENSP00000482482,9606.ENSP00000482515,0.0,0.0,0.403,0.403
203228,C9orf72,HNRNPDL,9606.ENSP00000482753,9606.ENSP00000483254,0.0,0.0,0.46,0.461
5046,PCSK6,FURIN,9606.ENSP00000482760,9606.ENSP00000483552,0.0,0.4,0.425,0.66
63908,NAPB,ARFRP1,9606.ENSP00000482826,9606.ENSP00000483486,0.071,0.5,0.053,0.521
51491,NOP16,DDX27,9606.ENSP00000483001,9606.ENSP00000483495,0.0,0.0,0.399,0.454
65057,ACD,H2BC15,9606.ENSP00000483117,9606.ENSP00000483903,0.0,0.5,0.0,0.499
65057,ACD,PRIM2,9606.ENSP00000483117,9606.ENSP00000484105,0.0,0.5,0.0,0.499
163,AP2B1,SYNRG,9606.ENSP00000483185,9606.ENSP00000483453,0.197,0.72,0.196,0.81
31,ACACA,MID1IP1,9606.ENSP00000483300,9606.ENSP00000483547,0.245,0.0,0.518,0.62
10163,WASF2,ARFIP2,9606.ENSP00000483313,9606.ENSP00000484121,0.0,0.0,0.458,0.458
10412,NSA2,DDX27,9606.ENSP00000483484,9606.ENSP00000483495,0.277,0.0,0.225,0.713
28882,IGKV2D-29,IGKV2-40,9606.ENSP00000483567,9606.ENSP00000483585,0.0,0.54,0.0,0.545
695,BTK,IKBKG,9606.ENSP00000483570,9606.ENSP00000483825,0.072,0.9,0.313,0.932
1105,CHD1,H2BC15,9606.ENSP00000483667,9606.ENSP00000483903,0.146,0.5,0.239,0.647
8517,IKBKG,ARFIP2,9606.ENSP00000483825,9606.ENSP00000484121,0.0,0.0,0.395,0.447
8341,H2BC15,PHF19,9606.ENSP00000483903,9606.ENSP00000483946,0.063,0.5,0.0,0.514
8341,H2BC15,LIG4,9606.ENSP00000483903,9606.ENSP00000484288,0.0,0.0,0.463,0.463
5558,PRIM2,LIG4,9606.ENSP00000484105,9606.ENSP00000484288,0.0,0.0,0.315,0.495
23325,WASHC4,WASHC2C,9606.ENSP00000484713,9606.ENSP00000485513,0.753,0.9,0.969,0.999
23325,WASHC4,WASHC1,9606.ENSP00000484713,9606.ENSP00000485627,0.736,0.9,0.996,0.999
10640,EXOC5,VPS8,9606.ENSP00000484855,9606.ENSP00000487164,0.0,0.0,0.433,0.474
84311,MRPL45,MTRES1,9606.ENSP00000484903,9606.ENSP00000485698,0.809,0.0,0.0,0.816
253725,WASHC2C,WASHC1,9606.ENSP00000485513,9606.ENSP00000485627,0.656,0.9,0.96,0.998
9125,CNOT9,TENT4A,9606.ENSP00000486540,9606.ENSP00000488642,0.746,0.0,0.0,0.746
550643,NBDY,SMIM30,9606.ENSP00000489583,9606.ENSP00000490095,0.0,0.0,0.528,0.528
84458,LCOR,BTBD8,9606.ENSP00000490116,9606.ENSP00000490913,0.0,0.0,0.165,0.403
57492,ARID1B,HNRNPU,9606.ENSP00000490491,9606.ENSP00000491215,0.0,0.0,0.404,0.525
100287898,TTC34,C2orf81,9606.ENSP00000490537,9606.ENSP00000491941,0.0,0.0,0.065,0.604
23285,BTBD8,TTLL13P,9606.ENSP00000490913,9606.ENSP00000491066,0.0,0.0,0.509,0.509
25977,NECAP1,SPATA1,9606.ENSP00000491067,9606.ENSP00000492019,0.421,0.0,0.0,0.42
5538,PPT1,MFSD8,9606.ENSP00000493153,9606.ENSP00000493218,0.0,0.0,0.915,0.915
256471,MFSD8,ABHD18,9606.ENSP00000493218,9606.ENSP00000496010,0.0,0.0,0.502,0.524
10367,MICU1,SPG7,9606.ENSP00000493232,9606.ENSP00000495795,0.0,0.5,0.39,0.684
26227,PHGDH,RAD51,9606.ENSP00000493382,9606.ENSP00000493712,0.0,0.0,0.533,0.561
26227,PHGDH,RPL9,9606.ENSP00000493382,9606.ENSP00000494697,0.412,0.0,0.0,0.415
26227,PHGDH,ACTB,9606.ENSP00000493382,9606.ENSP00000494750,0.292,0.0,0.552,0.669
26227,PHGDH,CTNNB1,9606.ENSP00000493382,9606.ENSP00000495360,0.175,0.0,0.405,0.516
26227,PHGDH,ENO1,9606.ENSP00000493382,9606.ENSP00000495530,0.0,0.0,0.626,0.664
25939,SAMHD1,ACTB,9606.ENSP00000493536,9606.ENSP00000494750,0.292,0.0,0.305,0.49
2533,FYB1,MYO1F,9606.ENSP00000493623,9606.ENSP00000494550,0.0,0.0,0.085,0.414
8073,PTP4A2,ENO1,9606.ENSP00000493688,9606.ENSP00000495530,0.0,0.0,0.431,0.445
5888,RAD51,CTCF,9606.ENSP00000493712,9606.ENSP00000494538,0.312,0.0,0.513,0.652
5888,RAD51,ACTB,9606.ENSP00000493712,9606.ENSP00000494750,0.233,0.0,0.459,0.567
5888,RAD51,UBE2T,9606.ENSP00000493712,9606.ENSP00000494957,0.114,0.0,0.5,0.728
2887,GRB10,SNRPN,9606.ENSP00000493728,9606.ENSP00000494831,0.0,0.0,0.699,0.699
126326,GIPC3,MYO1F,9606.ENSP00000493901,9606.ENSP00000494550,0.0,0.0,0.685,0.685
126326,GIPC3,TMIE,9606.ENSP00000493901,9606.ENSP00000494576,0.0,0.0,0.544,0.553
126326,GIPC3,MYO15A,9606.ENSP00000493901,9606.ENSP00000495481,0.0,0.0,0.584,0.584
126326,GIPC3,PJVK,9606.ENSP00000493901,9606.ENSP00000495855,0.0,0.0,0.548,0.548
23322,RPGRIP1L,RPGR,9606.ENSP00000493946,9606.ENSP00000495537,0.703,0.0,0.942,0.982
1654,DDX3X,CTCF,9606.ENSP00000494040,9606.ENSP00000494538,0.314,0.0,0.142,0.41
1654,DDX3X,ACTB,9606.ENSP00000494040,9606.ENSP00000494750,0.26,0.0,0.325,0.508
1654,DDX3X,CTNNB1,9606.ENSP00000494040,9606.ENSP00000495360,0.151,0.0,0.8,0.835
1654,DDX3X,TBL1X,9606.ENSP00000494040,9606.ENSP00000495556,0.092,0.0,0.459,0.53
7171,TPM4,ACTB,9606.ENSP00000494125,9606.ENSP00000494750,0.192,0.0,0.31,0.496
3043,HBB,HBD,9606.ENSP00000494175,9606.ENSP00000494708,0.0,0.54,0.494,0.912
3043,HBB,ACTB,9606.ENSP00000494175,9606.ENSP00000494750,0.052,0.0,0.6,0.618
10207,PATJ,CASK,9606.ENSP00000494277,9606.ENSP00000494788,0.19,0.0,0.627,0.708
10207,PATJ,CTNNB1,9606.ENSP00000494277,9606.ENSP00000495360,0.062,0.0,0.449,0.462
8803,SUCLA2,ENO1,9606.ENSP00000494360,9606.ENSP00000495530,0.0,0.0,0.393,0.504
8803,SUCLA2,SPG7,9606.ENSP00000494360,9606.ENSP00000495795,0.0,0.0,0.377,0.428
4507,MTAP,NMNAT3,9606.ENSP00000494373,9606.ENSP00000495112,0.0,0.449,0.178,0.555
10664,CTCF,ACTB,9606.ENSP00000494538,9606.ENSP00000494750,0.073,0.0,0.4,0.436
10664,CTCF,SNRPN,9606.ENSP00000494538,9606.ENSP00000494831,0.045,0.0,0.578,0.579
10664,CTCF,CHD8,9606.ENSP00000494538,9606.ENSP00000495240,0.337,0.0,0.903,0.944
10664,CTCF,CTNNB1,9606.ENSP00000494538,9606.ENSP00000495360,0.069,0.098,0.401,0.453
10664,CTCF,TBL1X,9606.ENSP00000494538,9606.ENSP00000495556,0.091,0.0,0.37,0.407
10664,CTCF,IQSEC2,9606.ENSP00000494538,9606.ENSP00000495726,0.0,0.0,0.458,0.462
4542,MYO1F,ACTB,9606.ENSP00000494550,9606.ENSP00000494750,0.109,0.65,0.161,0.717
259236,TMIE,MYO15A,9606.ENSP00000494576,9606.ENSP00000495481,0.0,0.0,0.672,0.679
259236,TMIE,PJVK,9606.ENSP00000494576,9606.ENSP00000495855,0.0,0.0,0.571,0.571
3098,HK1,ACTB,9606.ENSP00000494664,9606.ENSP00000494750,0.071,0.0,0.356,0.41
3098,HK1,ENO1,9606.ENSP00000494664,9606.ENSP00000495530,0.0,0.0,0.626,0.664
57465,TBC1D24,MYO15A,9606.ENSP00000494678,9606.ENSP00000495481,0.0,0.0,0.4,0.447
2059,EPS8,CASK,9606.ENSP00000494689,9606.ENSP00000494788,0.448,0.8,0.708,0.965
2059,EPS8,MYO15A,9606.ENSP00000494689,9606.ENSP00000495481,0.121,0.8,0.954,0.991
2059,EPS8,PJVK,9606.ENSP00000494689,9606.ENSP00000495855,0.0,0.5,0.0,0.499
6133,RPL9,ACTB,9606.ENSP00000494697,9606.ENSP00000494750,0.049,0.0,0.459,0.484
6133,RPL9,SRP72,9606.ENSP00000494697,9606.ENSP00000495128,0.87,0.0,0.0,0.878
6133,RPL9,RPS7,9606.ENSP00000494697,9606.ENSP00000495273,0.991,0.0,0.488,0.999
6133,RPL9,ENO1,9606.ENSP00000494697,9606.ENSP00000495530,0.0,0.0,0.19,0.587
6133,RPL9,RPL35A,9606.ENSP00000494697,9606.ENSP00000495672,0.992,0.0,0.458,0.999
6133,RPL9,SPG7,9606.ENSP00000494697,9606.ENSP00000495795,0.428,0.0,0.124,0.498
6133,RPL9,POLR1C,9606.ENSP00000494697,9606.ENSP00000496044,0.319,0.0,0.281,0.849
60,ACTB,H2BE1,9606.ENSP00000494750,9606.ENSP00000495192,0.099,0.0,0.368,0.406
60,ACTB,RPS7,9606.ENSP00000494750,9606.ENSP00000495273,0.251,0.0,0.239,0.428
60,ACTB,CTNNB1,9606.ENSP00000494750,9606.ENSP00000495360,0.294,0.0,0.802,0.86
60,ACTB,ENO1,9606.ENSP00000494750,9606.ENSP00000495530,0.25,0.0,0.749,0.869
60,ACTB,RPGR,9606.ENSP00000494750,9606.ENSP00000495537,0.073,0.0,0.383,0.406
60,ACTB,TBL1X,9606.ENSP00000494750,9606.ENSP00000495556,0.055,0.0,0.512,0.519
60,ACTB,ABHD5,9606.ENSP00000494750,9606.ENSP00000495778,0.045,0.0,0.447,0.449
60,ACTB,POLR1C,9606.ENSP00000494750,9606.ENSP00000496044,0.107,0.5,0.245,0.643
8573,CASK,MYO15A,9606.ENSP00000494788,9606.ENSP00000495481,0.0,0.8,0.0,0.8
8573,CASK,PJVK,9606.ENSP00000494788,9606.ENSP00000495855,0.0,0.5,0.0,0.499
6731,SRP72,RPL35A,9606.ENSP00000495128,9606.ENSP00000495672,0.875,0.0,0.104,0.886
114483833,H2BE1,ENO1,9606.ENSP00000495192,9606.ENSP00000495530,0.0,0.0,0.576,0.605
57680,CHD8,CTNNB1,9606.ENSP00000495240,9606.ENSP00000495360,0.515,0.9,0.873,0.993
6201,RPS7,RPL35A,9606.ENSP00000495273,9606.ENSP00000495672,0.991,0.0,0.646,0.999
1499,CTNNB1,ENO1,9606.ENSP00000495360,9606.ENSP00000495530,0.0,0.0,0.382,0.434
1499,CTNNB1,TBL1X,9606.ENSP00000495360,9606.ENSP00000495556,0.798,0.9,0.953,0.998
51168,MYO15A,PJVK,9606.ENSP00000495481,9606.ENSP00000495855,0.0,0.5,0.641,0.817
2023,ENO1,POLR1C,9606.ENSP00000495530,9606.ENSP00000496044,0.0,0.0,0.166,0.623
6687,SPG7,POLR1C,9606.ENSP00000495795,9606.ENSP00000496044,0.0,0.0,0.207,0.429
5579,PRKCB,KCNN4,9606.ENSP00000496129,9606.ENSP00000496939,0.0,0.9,0.156,0.917
5579,PRKCB,GNAI1,9606.ENSP00000496129,9606.ENSP00000497260,0.0,0.65,0.231,0.719
5579,PRKCB,CD53,9606.ENSP00000496129,9606.ENSP00000497382,0.0,0.0,0.185,0.439
1565,CYP2D6,ABCC2,9606.ENSP00000496150,9606.ENSP00000497274,0.05,0.0,0.58,0.61
226,ALDOA,PFKM,9606.ENSP00000496166,9606.ENSP00000496597,0.292,0.932,0.788,0.99
6135,RPL11,ISG15,9606.ENSP00000496250,9606.ENSP00000496832,0.492,0.0,0.138,0.642
6135,RPL11,DARS2,9606.ENSP00000496250,9606.ENSP00000497569,0.0,0.0,0.353,0.41
6135,RPL11,PNRC2,9606.ENSP00000496250,9606.ENSP00000497590,0.0,0.5,0.064,0.54
81603,TRIM8,SOCS1,9606.ENSP00000496301,9606.ENSP00000496577,0.198,0.0,0.935,0.946
7100,TLR5,ITGAM,9606.ENSP00000496355,9606.ENSP00000496959,0.05,0.0,0.643,0.698
7100,TLR5,IFIH1,9606.ENSP00000496355,9606.ENSP00000497271,0.0,0.0,0.512,0.555
11078,TRIOBP,RDX,9606.ENSP00000496394,9606.ENSP00000496414,0.0,0.5,0.328,0.65
11078,TRIOBP,ESPN,9606.ENSP00000496394,9606.ENSP00000496593,0.045,0.5,0.632,0.809
11078,TRIOBP,MYO1C,9606.ENSP00000496394,9606.ENSP00000496954,0.131,0.5,0.085,0.593
5962,RDX,ESPN,9606.ENSP00000496414,9606.ENSP00000496593,0.0,0.5,0.527,0.753
5962,RDX,MYO1C,9606.ENSP00000496414,9606.ENSP00000496954,0.0,0.8,0.117,0.82
5962,RDX,ABCC2,9606.ENSP00000496414,9606.ENSP00000497274,0.292,0.0,0.733,0.811
9294,S1PR2,GNAI1,9606.ENSP00000496438,9606.ENSP00000497260,0.125,0.9,0.073,0.911
55687,TRMU,DARS2,9606.ENSP00000496496,9606.ENSP00000497569,0.098,0.0,0.517,0.667
8651,SOCS1,ISG15,9606.ENSP00000496577,9606.ENSP00000496832,0.0,0.0,0.492,0.524
8651,SOCS1,ITGAM,9606.ENSP00000496577,9606.ENSP00000496959,0.0,0.0,0.392,0.423
8651,SOCS1,IGF1R,9606.ENSP00000496577,9606.ENSP00000497069,0.616,0.0,0.309,0.723
8651,SOCS1,CTLA4,9606.ENSP00000496577,9606.ENSP00000497102,0.0,0.0,0.419,0.477
8651,SOCS1,IFIH1,9606.ENSP00000496577,9606.ENSP00000497271,0.0,0.0,0.476,0.554
83715,ESPN,MYO1C,9606.ENSP00000496593,9606.ENSP00000496954,0.0,0.72,0.093,0.737
4287,ATXN3,UBE3A,9606.ENSP00000496695,9606.ENSP00000497594,0.0,0.0,0.38,0.41
84947,SERAC1,AGK,9606.ENSP00000496731,9606.ENSP00000497280,0.0,0.0,0.618,0.624
8216,LZTR1,GAN,9606.ENSP00000496779,9606.ENSP00000497351,0.0,0.9,0.191,0.915
9636,ISG15,IFIH1,9606.ENSP00000496832,9606.ENSP00000497271,0.292,0.5,0.934,0.994
84522,JAGN1,ITM2B,9606.ENSP00000496942,9606.ENSP00000497221,0.0,0.0,0.407,0.407
3684,ITGAM,CTLA4,9606.ENSP00000496959,9606.ENSP00000497102,0.0,0.0,0.668,0.679
3684,ITGAM,IFIH1,9606.ENSP00000496959,9606.ENSP00000497271,0.0,0.0,0.356,0.423
3684,ITGAM,CD53,9606.ENSP00000496959,9606.ENSP00000497382,0.046,0.0,0.291,0.555
166785,MMAA,LMBRD1,9606.ENSP00000497008,9606.ENSP00000497690,0.0,0.0,0.975,0.975
3480,IGF1R,GNAI1,9606.ENSP00000497069,9606.ENSP00000497260,0.326,0.9,0.139,0.937
1493,CTLA4,IFIH1,9606.ENSP00000497102,9606.ENSP00000497271,0.0,0.0,0.433,0.437
212,ALAS2,CPOX,9606.ENSP00000497236,9606.ENSP00000497326,0.0,0.0,0.768,0.771
212,ALAS2,SLC25A38,9606.ENSP00000497236,9606.ENSP00000497532,0.0,0.0,0.877,0.878
1371,CPOX,SLC25A38,9606.ENSP00000497326,9606.ENSP00000497532,0.0,0.0,0.646,0.649
1104,RCC1,UBE3A,9606.ENSP00000497402,9606.ENSP00000497594,0.0,0.0,0.399,0.404
4043,LRPAP1,LMBRD1,9606.ENSP00000497444,9606.ENSP00000497690,0.0,0.0,0.419,0.43
1349,COX7B,NDUFV1,9606.ENSP00000497474,9606.ENSP00000497587,0.842,0.0,0.419,0.913
55629,PNRC2,EIF4A3,9606.ENSP00000497590,9606.ENSP00000497641,0.0,0.5,0.323,0.656
998,CDC42,DLG4,9606.ENSP00000497733,9606.ENSP00000497806,0.091,0.0,0.677,0.698
998,CDC42,TPM3,9606.ENSP00000497733,9606.ENSP00000498577,0.091,0.0,0.177,0.62
998,CDC42,NOTCH1,9606.ENSP00000497733,9606.ENSP00000498587,0.195,0.0,0.345,0.476
80153,EDC3,HMBS,9606.ENSP00000497737,9606.ENSP00000498786,0.0,0.0,0.472,0.489
1503,CTPS1,MTHFD1,9606.ENSP00000497744,9606.ENSP00000498336,0.0,0.0,0.261,0.436
1503,CTPS1,LARS2,9606.ENSP00000497744,9606.ENSP00000498867,0.125,0.0,0.24,0.477
1742,DLG4,MAP1LC3B,9606.ENSP00000497806,9606.ENSP00000498476,0.0,0.0,0.493,0.493
1145,CHRNE,CHRNG,9606.ENSP00000497829,9606.ENSP00000498757,0.0,0.54,0.411,0.732
5205,ATP8B1,ABCG2,9606.ENSP00000497896,9606.ENSP00000498246,0.067,0.0,0.473,0.499
567,B2M,SELL,9606.ENSP00000497910,9606.ENSP00000498227,0.068,0.0,0.368,0.443
567,B2M,MYD88,9606.ENSP00000497910,9606.ENSP00000498321,0.095,0.0,0.448,0.531
567,B2M,NOTCH1,9606.ENSP00000497910,9606.ENSP00000498587,0.0,0.0,0.627,0.628
567,B2M,HMBS,9606.ENSP00000497910,9606.ENSP00000498786,0.0,0.0,0.691,0.691
9652,TTC37,RPS17,9606.ENSP00000497948,9606.ENSP00000498019,0.456,0.0,0.087,0.49
10892,MALT1,CARD14,9606.ENSP00000497997,9606.ENSP00000498071,0.54,0.0,0.853,0.929
10892,MALT1,BCL10,9606.ENSP00000497997,9606.ENSP00000498104,0.998,0.9,0.999,0.999
10892,MALT1,MYD88,9606.ENSP00000497997,9606.ENSP00000498321,0.099,0.0,0.508,0.545
6218,RPS17,SPDYE11,9606.ENSP00000498019,9606.ENSP00000498510,0.506,0.0,0.093,0.788
64858,DCLRE1B,FANCB,9606.ENSP00000498042,9606.ENSP00000498215,0.0,0.5,0.323,0.669
64858,DCLRE1B,CTC1,9606.ENSP00000498042,9606.ENSP00000498499,0.0,0.0,0.438,0.438
79092,CARD14,BCL10,9606.ENSP00000498071,9606.ENSP00000498104,0.525,0.0,0.977,0.988
8915,BCL10,MYD88,9606.ENSP00000498104,9606.ENSP00000498321,0.0,0.0,0.507,0.536
6402,SELL,MYD88,9606.ENSP00000498227,9606.ENSP00000498321,0.091,0.0,0.418,0.53
6402,SELL,FAS,9606.ENSP00000498227,9606.ENSP00000498466,0.0,0.0,0.674,0.705
6402,SELL,SPN,9606.ENSP00000498227,9606.ENSP00000498852,0.099,0.0,0.75,0.791
9429,ABCG2,FECH,9606.ENSP00000498246,9606.ENSP00000498358,0.0,0.0,0.477,0.543
9429,ABCG2,NOTCH1,9606.ENSP00000498246,9606.ENSP00000498587,0.07,0.0,0.512,0.533
9429,ABCG2,SLC29A1,9606.ENSP00000498246,9606.ENSP00000498610,0.053,0.0,0.509,0.524
9290,GPR55,SLC29A1,9606.ENSP00000498258,9606.ENSP00000498610,0.045,0.0,0.433,0.436
4615,MYD88,FAS,9606.ENSP00000498321,9606.ENSP00000498466,0.0,0.0,0.347,0.416
4615,MYD88,NOTCH1,9606.ENSP00000498321,9606.ENSP00000498587,0.106,0.0,0.509,0.555
4615,MYD88,STING1,9606.ENSP00000498321,9606.ENSP00000498596,0.0,0.0,0.454,0.494
2235,FECH,HMBS,9606.ENSP00000498358,9606.ENSP00000498786,0.0,0.0,0.946,0.975
355,FAS,SPN,9606.ENSP00000498466,9606.ENSP00000498852,0.0,0.0,0.496,0.503
84073,MYCBPAP,MRTFA,9606.ENSP00000498665,9606.ENSP00000498671,0.071,0.0,0.3,0.434
902,CCNH,MED19,9606.ENSP00000498750,9606.ENSP00000498791,0.842,0.0,0.15,0.86
1146,CHRNG,MED19,9606.ENSP00000498757,9606.ENSP00000498791,0.0,0.0,0.402,0.402
2073,ERCC5,MUTYH,9606.ENSP00000498881,9606.ENSP00000500891,0.0,0.0,0.54,0.552
5091,PC,BTD,9606.ENSP00000498994,9606.ENSP00000500193,0.0,0.0,0.902,0.905
26259,FBXW8,FBXW4,9606.ENSP00000498999,9606.ENSP00000499522,0.0,0.0,0.569,0.584
57488,ESYT2,FBXW4,9606.ENSP00000499020,9606.ENSP00000499522,0.0,0.0,0.422,0.426
868,CBLB,PIK3CB,9606.ENSP00000499037,9606.ENSP00000501150,0.045,0.9,0.079,0.904
6232,RPS27,EIF3L,9606.ENSP00000499044,9606.ENSP00000499067,0.896,0.0,0.213,0.926
5550,PREP,SNCA,9606.ENSP00000499089,9606.ENSP00000500990,0.292,0.0,0.591,0.698
9601,PDIA4,SDF4,9606.ENSP00000499129,9606.ENSP00000499387,0.201,0.0,0.453,0.591
9601,PDIA4,MANF,9606.ENSP00000499129,9606.ENSP00000499582,0.219,0.0,0.602,0.821
2310,FOXO3B,AKT3,9606.ENSP00000499455,9606.ENSP00000500582,0.312,0.0,0.166,0.401
271,AMPD2,AK2,9606.ENSP00000499465,9606.ENSP00000499935,0.0,0.65,0.344,0.766
271,AMPD2,DDHD1,9606.ENSP00000499465,9606.ENSP00000500986,0.0,0.0,0.396,0.412
7873,MANF,CALM1,9606.ENSP00000499582,9606.ENSP00000499717,0.0,0.4,0.157,0.473
801,CALM1,AKT3,9606.ENSP00000499717,9606.ENSP00000500582,0.099,0.5,0.13,0.573
801,CALM1,SNCA,9606.ENSP00000499717,9606.ENSP00000500990,0.948,0.0,0.506,0.973
30837,SOCS7,JAK1,9606.ENSP00000499750,9606.ENSP00000499900,0.112,0.65,0.367,0.786
30837,SOCS7,PIK3CB,9606.ENSP00000499750,9606.ENSP00000501150,0.0,0.54,0.098,0.567
517,ATP5MC2,AK2,9606.ENSP00000499883,9606.ENSP00000499935,0.0,0.229,0.067,0.426
3716,JAK1,PIK3CB,9606.ENSP00000499900,9606.ENSP00000501150,0.069,0.9,0.267,0.933
10000,AKT3,ADCY7,9606.ENSP00000500582,9606.ENSP00000501053,0.061,0.65,0.126,0.688
10000,AKT3,PIK3CB,9606.ENSP00000500582,9606.ENSP00000501150,0.098,0.9,0.636,0.964
